[0.000000] (-) TimerEvent: {}
[0.000221] (webots_ros2_importer) JobQueued: {'identifier': 'webots_ros2_importer', 'dependencies': OrderedDict()}
[0.000245] (webots_ros2_msgs) JobQueued: {'identifier': 'webots_ros2_msgs', 'dependencies': OrderedDict()}
[0.000258] (webots_ros2_driver) JobQueued: {'identifier': 'webots_ros2_driver', 'dependencies': OrderedDict([('webots_ros2_importer', '/home/cjayahansa/ros2N_ws/install/webots_ros2_importer'), ('webots_ros2_msgs', '/home/cjayahansa/ros2N_ws/install/webots_ros2_msgs')])}
[0.000277] (webots_ros2_control) JobQueued: {'identifier': 'webots_ros2_control', 'dependencies': OrderedDict([('webots_ros2_importer', '/home/cjayahansa/ros2N_ws/install/webots_ros2_importer'), ('webots_ros2_msgs', '/home/cjayahansa/ros2N_ws/install/webots_ros2_msgs'), ('webots_ros2_driver', '/home/cjayahansa/ros2N_ws/install/webots_ros2_driver')])}
[0.000295] (webots_ros2_crazyflie) JobQueued: {'identifier': 'webots_ros2_crazyflie', 'dependencies': OrderedDict([('webots_ros2_importer', '/home/cjayahansa/ros2N_ws/install/webots_ros2_importer'), ('webots_ros2_msgs', '/home/cjayahansa/ros2N_ws/install/webots_ros2_msgs'), ('webots_ros2_driver', '/home/cjayahansa/ros2N_ws/install/webots_ros2_driver')])}
[0.000309] (webots_ros2_mavic) JobQueued: {'identifier': 'webots_ros2_mavic', 'dependencies': OrderedDict([('webots_ros2_importer', '/home/cjayahansa/ros2N_ws/install/webots_ros2_importer'), ('webots_ros2_msgs', '/home/cjayahansa/ros2N_ws/install/webots_ros2_msgs'), ('webots_ros2_driver', '/home/cjayahansa/ros2N_ws/install/webots_ros2_driver')])}
[0.000322] (webots_ros2_tesla) JobQueued: {'identifier': 'webots_ros2_tesla', 'dependencies': OrderedDict([('webots_ros2_importer', '/home/cjayahansa/ros2N_ws/install/webots_ros2_importer'), ('webots_ros2_msgs', '/home/cjayahansa/ros2N_ws/install/webots_ros2_msgs'), ('webots_ros2_driver', '/home/cjayahansa/ros2N_ws/install/webots_ros2_driver')])}
[0.000335] (webots_ros2_epuck) JobQueued: {'identifier': 'webots_ros2_epuck', 'dependencies': OrderedDict([('webots_ros2_importer', '/home/cjayahansa/ros2N_ws/install/webots_ros2_importer'), ('webots_ros2_msgs', '/home/cjayahansa/ros2N_ws/install/webots_ros2_msgs'), ('webots_ros2_driver', '/home/cjayahansa/ros2N_ws/install/webots_ros2_driver'), ('webots_ros2_control', '/home/cjayahansa/ros2N_ws/install/webots_ros2_control')])}
[0.000350] (webots_ros2_husarion) JobQueued: {'identifier': 'webots_ros2_husarion', 'dependencies': OrderedDict([('webots_ros2_importer', '/home/cjayahansa/ros2N_ws/install/webots_ros2_importer'), ('webots_ros2_msgs', '/home/cjayahansa/ros2N_ws/install/webots_ros2_msgs'), ('webots_ros2_driver', '/home/cjayahansa/ros2N_ws/install/webots_ros2_driver'), ('webots_ros2_control', '/home/cjayahansa/ros2N_ws/install/webots_ros2_control')])}
[0.000364] (webots_ros2_tiago) JobQueued: {'identifier': 'webots_ros2_tiago', 'dependencies': OrderedDict([('webots_ros2_importer', '/home/cjayahansa/ros2N_ws/install/webots_ros2_importer'), ('webots_ros2_msgs', '/home/cjayahansa/ros2N_ws/install/webots_ros2_msgs'), ('webots_ros2_driver', '/home/cjayahansa/ros2N_ws/install/webots_ros2_driver'), ('webots_ros2_control', '/home/cjayahansa/ros2N_ws/install/webots_ros2_control')])}
[0.000380] (webots_ros2_turtlebot) JobQueued: {'identifier': 'webots_ros2_turtlebot', 'dependencies': OrderedDict([('webots_ros2_importer', '/home/cjayahansa/ros2N_ws/install/webots_ros2_importer'), ('webots_ros2_msgs', '/home/cjayahansa/ros2N_ws/install/webots_ros2_msgs'), ('webots_ros2_driver', '/home/cjayahansa/ros2N_ws/install/webots_ros2_driver'), ('webots_ros2_control', '/home/cjayahansa/ros2N_ws/install/webots_ros2_control')])}
[0.000393] (webots_ros2_universal_robot) JobQueued: {'identifier': 'webots_ros2_universal_robot', 'dependencies': OrderedDict([('webots_ros2_importer', '/home/cjayahansa/ros2N_ws/install/webots_ros2_importer'), ('webots_ros2_msgs', '/home/cjayahansa/ros2N_ws/install/webots_ros2_msgs'), ('webots_ros2_driver', '/home/cjayahansa/ros2N_ws/install/webots_ros2_driver'), ('webots_ros2_control', '/home/cjayahansa/ros2N_ws/install/webots_ros2_control')])}
[0.000412] (webots_ros2_tests) JobQueued: {'identifier': 'webots_ros2_tests', 'dependencies': OrderedDict([('webots_ros2_importer', '/home/cjayahansa/ros2N_ws/install/webots_ros2_importer'), ('webots_ros2_msgs', '/home/cjayahansa/ros2N_ws/install/webots_ros2_msgs'), ('webots_ros2_driver', '/home/cjayahansa/ros2N_ws/install/webots_ros2_driver'), ('webots_ros2_control', '/home/cjayahansa/ros2N_ws/install/webots_ros2_control'), ('webots_ros2_mavic', '/home/cjayahansa/ros2N_ws/install/webots_ros2_mavic'), ('webots_ros2_tesla', '/home/cjayahansa/ros2N_ws/install/webots_ros2_tesla'), ('webots_ros2_epuck', '/home/cjayahansa/ros2N_ws/install/webots_ros2_epuck'), ('webots_ros2_husarion', '/home/cjayahansa/ros2N_ws/install/webots_ros2_husarion'), ('webots_ros2_tiago', '/home/cjayahansa/ros2N_ws/install/webots_ros2_tiago'), ('webots_ros2_turtlebot', '/home/cjayahansa/ros2N_ws/install/webots_ros2_turtlebot'), ('webots_ros2_universal_robot', '/home/cjayahansa/ros2N_ws/install/webots_ros2_universal_robot')])}
[0.000448] (webots_ros2) JobQueued: {'identifier': 'webots_ros2', 'dependencies': OrderedDict([('webots_ros2_importer', '/home/cjayahansa/ros2N_ws/install/webots_ros2_importer'), ('webots_ros2_msgs', '/home/cjayahansa/ros2N_ws/install/webots_ros2_msgs'), ('webots_ros2_driver', '/home/cjayahansa/ros2N_ws/install/webots_ros2_driver'), ('webots_ros2_control', '/home/cjayahansa/ros2N_ws/install/webots_ros2_control'), ('webots_ros2_crazyflie', '/home/cjayahansa/ros2N_ws/install/webots_ros2_crazyflie'), ('webots_ros2_mavic', '/home/cjayahansa/ros2N_ws/install/webots_ros2_mavic'), ('webots_ros2_tesla', '/home/cjayahansa/ros2N_ws/install/webots_ros2_tesla'), ('webots_ros2_epuck', '/home/cjayahansa/ros2N_ws/install/webots_ros2_epuck'), ('webots_ros2_husarion', '/home/cjayahansa/ros2N_ws/install/webots_ros2_husarion'), ('webots_ros2_tiago', '/home/cjayahansa/ros2N_ws/install/webots_ros2_tiago'), ('webots_ros2_turtlebot', '/home/cjayahansa/ros2N_ws/install/webots_ros2_turtlebot'), ('webots_ros2_universal_robot', '/home/cjayahansa/ros2N_ws/install/webots_ros2_universal_robot'), ('webots_ros2_tests', '/home/cjayahansa/ros2N_ws/install/webots_ros2_tests')])}
[0.000469] (webots_ros2_importer) JobStarted: {'identifier': 'webots_ros2_importer'}
[0.010056] (webots_ros2_msgs) JobStarted: {'identifier': 'webots_ros2_msgs'}
[0.099208] (-) TimerEvent: {}
[0.199638] (-) TimerEvent: {}
[0.275269] (webots_ros2_msgs) JobProgress: {'identifier': 'webots_ros2_msgs', 'progress': 'cmake'}
[0.275947] (webots_ros2_msgs) Command: {'cmd': ['/usr/bin/cmake', '/home/cjayahansa/ros2N_ws/src/webots_ros2/webots_ros2_msgs', '-DAMENT_CMAKE_SYMLINK_INSTALL=1', '-DCMAKE_INSTALL_PREFIX=/home/cjayahansa/ros2N_ws/install/webots_ros2_msgs'], 'cwd': '/home/cjayahansa/ros2N_ws/build/webots_ros2_msgs', 'env': OrderedDict([('LESSOPEN', '| /usr/bin/lesspipe %s'), ('USER', 'cjayahansa'), ('XDG_SESSION_TYPE', 'x11'), ('SHLVL', '1'), ('LD_LIBRARY_PATH', '/home/cjayahansa/ros2N_ws/install/webots_ros2_control/lib:/home/cjayahansa/ros2N_ws/install/webots_ros2_driver/lib:/home/cjayahansa/ros2N_ws/install/webots_ros2_msgs/lib:/opt/ros/humble/opt/rviz_ogre_vendor/lib:/opt/ros/humble/lib/x86_64-linux-gnu:/opt/ros/humble/lib'), ('HOME', '/home/cjayahansa'), ('OLDPWD', '/home/cjayahansa/ros2N_ws/src'), ('DESKTOP_SESSION', 'pop'), ('ROS_PYTHON_VERSION', '3'), ('GNOME_SHELL_SESSION_MODE', 'pop'), ('GTK_MODULES', 'gail:atk-bridge'), ('PS1', '\\[\\033[01;36m\\]\\u@\\h\\[\\033[00m\\]:\\[\\033[01;34m\\]\\w\\[\\033[00m\\]$'), ('SYSTEMD_EXEC_PID', '1818'), ('DBUS_SESSION_BUS_ADDRESS', 'unix:path=/run/user/1000/bus'), ('COLORTERM', 'truecolor'), ('COLCON_PREFIX_PATH', '/home/cjayahansa/ros2N_ws/install:/home/cjayahansa/ros2_ws/install'), ('ROS_DISTRO', 'humble'), ('GTK_IM_MODULE', 'ibus'), ('LOGNAME', 'cjayahansa'), ('_', '/usr/bin/colcon'), ('ROS_VERSION', '2'), ('XDG_SESSION_CLASS', 'user'), ('USERNAME', 'cjayahansa'), ('TERM', 'xterm-256color'), ('GNOME_DESKTOP_SESSION_ID', 'this-is-deprecated'), ('ROS_LOCALHOST_ONLY', '1'), ('WINDOWPATH', '2'), ('PATH', '/opt/ros/humble/bin:/home/cjayahansa/.local/bin:/usr/local/sbin:/usr/local/bin:/usr/sbin:/usr/bin:/sbin:/bin:/usr/games:/usr/local/games:/snap/bin'), ('SESSION_MANAGER', 'local/pop-os:@/tmp/.ICE-unix/1790,unix/pop-os:/tmp/.ICE-unix/1790'), ('XDG_MENU_PREFIX', 'gnome-'), ('GNOME_TERMINAL_SCREEN', '/org/gnome/Terminal/screen/69401945_8890_4a44_bef3_4bbc698c193c'), ('XDG_RUNTIME_DIR', '/run/user/1000'), ('DISPLAY', ':1'), ('LANG', 'en_US.UTF-8'), ('XDG_CURRENT_DESKTOP', 'pop:GNOME'), ('XMODIFIERS', '@im=ibus'), ('XDG_SESSION_DESKTOP', 'pop'), ('XAUTHORITY', '/run/user/1000/gdm/Xauthority'), ('LS_COLORS', 'rs=0:di=01;34:ln=01;36:mh=00:pi=40;33:so=01;35:do=01;35:bd=40;33;01:cd=40;33;01:or=40;31;01:mi=00:su=37;41:sg=30;43:ca=30;41:tw=30;42:ow=34;42:st=37;44:ex=01;32:*.tar=01;31:*.tgz=01;31:*.arc=01;31:*.arj=01;31:*.taz=01;31:*.lha=01;31:*.lz4=01;31:*.lzh=01;31:*.lzma=01;31:*.tlz=01;31:*.txz=01;31:*.tzo=01;31:*.t7z=01;31:*.zip=01;31:*.z=01;31:*.dz=01;31:*.gz=01;31:*.lrz=01;31:*.lz=01;31:*.lzo=01;31:*.xz=01;31:*.zst=01;31:*.tzst=01;31:*.bz2=01;31:*.bz=01;31:*.tbz=01;31:*.tbz2=01;31:*.tz=01;31:*.deb=01;31:*.rpm=01;31:*.jar=01;31:*.war=01;31:*.ear=01;31:*.sar=01;31:*.rar=01;31:*.alz=01;31:*.ace=01;31:*.zoo=01;31:*.cpio=01;31:*.7z=01;31:*.rz=01;31:*.cab=01;31:*.wim=01;31:*.swm=01;31:*.dwm=01;31:*.esd=01;31:*.jpg=01;35:*.jpeg=01;35:*.mjpg=01;35:*.mjpeg=01;35:*.gif=01;35:*.bmp=01;35:*.pbm=01;35:*.pgm=01;35:*.ppm=01;35:*.tga=01;35:*.xbm=01;35:*.xpm=01;35:*.tif=01;35:*.tiff=01;35:*.png=01;35:*.svg=01;35:*.svgz=01;35:*.mng=01;35:*.pcx=01;35:*.mov=01;35:*.mpg=01;35:*.mpeg=01;35:*.m2v=01;35:*.mkv=01;35:*.webm=01;35:*.webp=01;35:*.ogm=01;35:*.mp4=01;35:*.m4v=01;35:*.mp4v=01;35:*.vob=01;35:*.qt=01;35:*.nuv=01;35:*.wmv=01;35:*.asf=01;35:*.rm=01;35:*.rmvb=01;35:*.flc=01;35:*.avi=01;35:*.fli=01;35:*.flv=01;35:*.gl=01;35:*.dl=01;35:*.xcf=01;35:*.xwd=01;35:*.yuv=01;35:*.cgm=01;35:*.emf=01;35:*.ogv=01;35:*.ogx=01;35:*.aac=00;36:*.au=00;36:*.flac=00;36:*.m4a=00;36:*.mid=00;36:*.midi=00;36:*.mka=00;36:*.mp3=00;36:*.mpc=00;36:*.ogg=00;36:*.ra=00;36:*.wav=00;36:*.oga=00;36:*.opus=00;36:*.spx=00;36:*.xspf=00;36:'), ('GNOME_TERMINAL_SERVICE', ':1.119'), ('SSH_AGENT_LAUNCHER', 'gnome-keyring'), ('SSH_AUTH_SOCK', '/run/user/1000/keyring/ssh'), ('ROS_DOMAIN_ID', '7'), ('AMENT_PREFIX_PATH', '/home/cjayahansa/ros2N_ws/install/webots_ros2:/home/cjayahansa/ros2N_ws/install/webots_ros2_universal_robot:/home/cjayahansa/ros2N_ws/install/webots_ros2_turtlebot:/home/cjayahansa/ros2N_ws/install/webots_ros2_tiago:/home/cjayahansa/ros2N_ws/install/webots_ros2_tests:/home/cjayahansa/ros2N_ws/install/webots_ros2_tesla:/home/cjayahansa/ros2N_ws/install/webots_ros2_mavic:/home/cjayahansa/ros2N_ws/install/webots_ros2_husarion:/home/cjayahansa/ros2N_ws/install/webots_ros2_epuck:/home/cjayahansa/ros2N_ws/install/webots_ros2_crazyflie:/home/cjayahansa/ros2N_ws/install/webots_ros2_control:/home/cjayahansa/ros2N_ws/install/webots_ros2_driver:/home/cjayahansa/ros2N_ws/install/webots_ros2_msgs:/home/cjayahansa/ros2N_ws/install/webots_ros2_importer:/home/cjayahansa/ros2_ws/install/my_first_package:/opt/ros/humble'), ('SHELL', '/bin/bash'), ('QT_ACCESSIBILITY', '1'), ('GDMSESSION', 'pop'), ('LESSCLOSE', '/usr/bin/lesspipe %s %s'), ('GPG_AGENT_INFO', '/run/user/1000/gnupg/S.gpg-agent:0:1'), ('QT_IM_MODULE', 'ibus'), ('PWD', '/home/cjayahansa/ros2N_ws/build/webots_ros2_msgs'), ('LC_ALL', 'en_US.UTF-8'), ('XDG_CONFIG_DIRS', '/etc/xdg/xdg-pop:/etc/xdg'), ('XDG_DATA_DIRS', '/usr/share/pop:/usr/share/gnome:/home/cjayahansa/.local/share/flatpak/exports/share:/var/lib/flatpak/exports/share:/usr/local/share/:/usr/share/'), ('PYTHONPATH', '/home/cjayahansa/ros2N_ws/build/webots_ros2_importer:/home/cjayahansa/ros2N_ws/install/webots_ros2/lib/python3.10/site-packages:/home/cjayahansa/ros2N_ws/install/webots_ros2_universal_robot/lib/python3.10/site-packages:/home/cjayahansa/ros2N_ws/install/webots_ros2_turtlebot/lib/python3.10/site-packages:/home/cjayahansa/ros2N_ws/install/webots_ros2_tiago/lib/python3.10/site-packages:/home/cjayahansa/ros2N_ws/install/webots_ros2_tests/lib/python3.10/site-packages:/home/cjayahansa/ros2N_ws/install/webots_ros2_tesla/lib/python3.10/site-packages:/home/cjayahansa/ros2N_ws/install/webots_ros2_mavic/lib/python3.10/site-packages:/home/cjayahansa/ros2N_ws/install/webots_ros2_husarion/lib/python3.10/site-packages:/home/cjayahansa/ros2N_ws/install/webots_ros2_epuck/lib/python3.10/site-packages:/home/cjayahansa/ros2N_ws/install/webots_ros2_crazyflie/lib/python3.10/site-packages:/home/cjayahansa/ros2N_ws/install/webots_ros2_driver/local/lib/python3.10/dist-packages:/home/cjayahansa/ros2N_ws/install/webots_ros2_msgs/local/lib/python3.10/dist-packages:/home/cjayahansa/ros2N_ws/install/webots_ros2_importer/lib/python3.10/site-packages:/home/cjayahansa/ros2_ws/install/my_first_package/lib/python3.10/site-packages:/opt/ros/humble/lib/python3.10/site-packages:/opt/ros/humble/local/lib/python3.10/dist-packages'), ('COLCON', '1'), ('VTE_VERSION', '6800'), ('CMAKE_PREFIX_PATH', '/home/cjayahansa/ros2N_ws/install/webots_ros2_control:/home/cjayahansa/ros2N_ws/install/webots_ros2_driver:/home/cjayahansa/ros2N_ws/install/webots_ros2_msgs:/home/cjayahansa/ros2N_ws/install/webots_ros2:/home/cjayahansa/ros2N_ws/install/webots_ros2_universal_robot:/home/cjayahansa/ros2N_ws/install/webots_ros2_turtlebot:/home/cjayahansa/ros2N_ws/install/webots_ros2_tiago:/home/cjayahansa/ros2N_ws/install/webots_ros2_tests:/home/cjayahansa/ros2N_ws/install/webots_ros2_tesla:/home/cjayahansa/ros2N_ws/install/webots_ros2_mavic:/home/cjayahansa/ros2N_ws/install/webots_ros2_husarion:/home/cjayahansa/ros2N_ws/install/webots_ros2_epuck:/home/cjayahansa/ros2N_ws/install/webots_ros2_crazyflie:/home/cjayahansa/ros2N_ws/install/webots_ros2_importer:/home/cjayahansa/ros2_ws/install/my_first_package:/opt/ros/humble')]), 'shell': False}
[0.299773] (-) TimerEvent: {}
[0.333302] (webots_ros2_msgs) StdoutLine: {'line': b'-- The C compiler identification is GNU 11.4.0\n'}
[0.387621] (webots_ros2_msgs) StdoutLine: {'line': b'-- The CXX compiler identification is GNU 11.4.0\n'}
[0.394215] (webots_ros2_msgs) StdoutLine: {'line': b'-- Detecting C compiler ABI info\n'}
[0.399968] (-) TimerEvent: {}
[0.465390] (webots_ros2_msgs) StdoutLine: {'line': b'-- Detecting C compiler ABI info - done\n'}
[0.471874] (webots_ros2_msgs) StdoutLine: {'line': b'-- Check for working C compiler: /usr/bin/cc - skipped\n'}
[0.472205] (webots_ros2_msgs) StdoutLine: {'line': b'-- Detecting C compile features\n'}
[0.472443] (webots_ros2_msgs) StdoutLine: {'line': b'-- Detecting C compile features - done\n'}
[0.474945] (webots_ros2_msgs) StdoutLine: {'line': b'-- Detecting CXX compiler ABI info\n'}
[0.500090] (-) TimerEvent: {}
[0.557437] (webots_ros2_msgs) StdoutLine: {'line': b'-- Detecting CXX compiler ABI info - done\n'}
[0.564142] (webots_ros2_msgs) StdoutLine: {'line': b'-- Check for working CXX compiler: /usr/bin/c++ - skipped\n'}
[0.564408] (webots_ros2_msgs) StdoutLine: {'line': b'-- Detecting CXX compile features\n'}
[0.564758] (webots_ros2_msgs) StdoutLine: {'line': b'-- Detecting CXX compile features - done\n'}
[0.567159] (webots_ros2_msgs) StdoutLine: {'line': b'-- Found ament_cmake: 1.3.12 (/opt/ros/humble/share/ament_cmake/cmake)\n'}
[0.600249] (-) TimerEvent: {}
[0.650224] (webots_ros2_importer) Command: {'cmd': ['/usr/bin/python3', '-W', 'ignore:setup.py install is deprecated', '-W', 'ignore:easy_install command is deprecated', 'setup.py', 'develop', '--editable', '--build-directory', '/home/cjayahansa/ros2N_ws/build/webots_ros2_importer/build', '--no-deps', 'symlink_data'], 'cwd': '/home/cjayahansa/ros2N_ws/build/webots_ros2_importer', 'env': {'LESSOPEN': '| /usr/bin/lesspipe %s', 'USER': 'cjayahansa', 'XDG_SESSION_TYPE': 'x11', 'SHLVL': '1', 'LD_LIBRARY_PATH': '/home/cjayahansa/ros2N_ws/install/webots_ros2_control/lib:/home/cjayahansa/ros2N_ws/install/webots_ros2_driver/lib:/home/cjayahansa/ros2N_ws/install/webots_ros2_msgs/lib:/opt/ros/humble/opt/rviz_ogre_vendor/lib:/opt/ros/humble/lib/x86_64-linux-gnu:/opt/ros/humble/lib', 'HOME': '/home/cjayahansa', 'OLDPWD': '/home/cjayahansa/ros2N_ws/src', 'DESKTOP_SESSION': 'pop', 'ROS_PYTHON_VERSION': '3', 'GNOME_SHELL_SESSION_MODE': 'pop', 'GTK_MODULES': 'gail:atk-bridge', 'PS1': '\\[\\033[01;36m\\]\\u@\\h\\[\\033[00m\\]:\\[\\033[01;34m\\]\\w\\[\\033[00m\\]$', 'SYSTEMD_EXEC_PID': '1818', 'DBUS_SESSION_BUS_ADDRESS': 'unix:path=/run/user/1000/bus', 'COLORTERM': 'truecolor', 'COLCON_PREFIX_PATH': '/home/cjayahansa/ros2N_ws/install:/home/cjayahansa/ros2_ws/install', 'ROS_DISTRO': 'humble', 'GTK_IM_MODULE': 'ibus', 'LOGNAME': 'cjayahansa', '_': '/usr/bin/colcon', 'ROS_VERSION': '2', 'XDG_SESSION_CLASS': 'user', 'USERNAME': 'cjayahansa', 'TERM': 'xterm-256color', 'GNOME_DESKTOP_SESSION_ID': 'this-is-deprecated', 'ROS_LOCALHOST_ONLY': '1', 'WINDOWPATH': '2', 'PATH': '/opt/ros/humble/bin:/home/cjayahansa/.local/bin:/usr/local/sbin:/usr/local/bin:/usr/sbin:/usr/bin:/sbin:/bin:/usr/games:/usr/local/games:/snap/bin', 'SESSION_MANAGER': 'local/pop-os:@/tmp/.ICE-unix/1790,unix/pop-os:/tmp/.ICE-unix/1790', 'XDG_MENU_PREFIX': 'gnome-', 'GNOME_TERMINAL_SCREEN': '/org/gnome/Terminal/screen/69401945_8890_4a44_bef3_4bbc698c193c', 'XDG_RUNTIME_DIR': '/run/user/1000', 'DISPLAY': ':1', 'LANG': 'en_US.UTF-8', 'XDG_CURRENT_DESKTOP': 'pop:GNOME', 'XMODIFIERS': '@im=ibus', 'XDG_SESSION_DESKTOP': 'pop', 'XAUTHORITY': '/run/user/1000/gdm/Xauthority', 'LS_COLORS': 'rs=0:di=01;34:ln=01;36:mh=00:pi=40;33:so=01;35:do=01;35:bd=40;33;01:cd=40;33;01:or=40;31;01:mi=00:su=37;41:sg=30;43:ca=30;41:tw=30;42:ow=34;42:st=37;44:ex=01;32:*.tar=01;31:*.tgz=01;31:*.arc=01;31:*.arj=01;31:*.taz=01;31:*.lha=01;31:*.lz4=01;31:*.lzh=01;31:*.lzma=01;31:*.tlz=01;31:*.txz=01;31:*.tzo=01;31:*.t7z=01;31:*.zip=01;31:*.z=01;31:*.dz=01;31:*.gz=01;31:*.lrz=01;31:*.lz=01;31:*.lzo=01;31:*.xz=01;31:*.zst=01;31:*.tzst=01;31:*.bz2=01;31:*.bz=01;31:*.tbz=01;31:*.tbz2=01;31:*.tz=01;31:*.deb=01;31:*.rpm=01;31:*.jar=01;31:*.war=01;31:*.ear=01;31:*.sar=01;31:*.rar=01;31:*.alz=01;31:*.ace=01;31:*.zoo=01;31:*.cpio=01;31:*.7z=01;31:*.rz=01;31:*.cab=01;31:*.wim=01;31:*.swm=01;31:*.dwm=01;31:*.esd=01;31:*.jpg=01;35:*.jpeg=01;35:*.mjpg=01;35:*.mjpeg=01;35:*.gif=01;35:*.bmp=01;35:*.pbm=01;35:*.pgm=01;35:*.ppm=01;35:*.tga=01;35:*.xbm=01;35:*.xpm=01;35:*.tif=01;35:*.tiff=01;35:*.png=01;35:*.svg=01;35:*.svgz=01;35:*.mng=01;35:*.pcx=01;35:*.mov=01;35:*.mpg=01;35:*.mpeg=01;35:*.m2v=01;35:*.mkv=01;35:*.webm=01;35:*.webp=01;35:*.ogm=01;35:*.mp4=01;35:*.m4v=01;35:*.mp4v=01;35:*.vob=01;35:*.qt=01;35:*.nuv=01;35:*.wmv=01;35:*.asf=01;35:*.rm=01;35:*.rmvb=01;35:*.flc=01;35:*.avi=01;35:*.fli=01;35:*.flv=01;35:*.gl=01;35:*.dl=01;35:*.xcf=01;35:*.xwd=01;35:*.yuv=01;35:*.cgm=01;35:*.emf=01;35:*.ogv=01;35:*.ogx=01;35:*.aac=00;36:*.au=00;36:*.flac=00;36:*.m4a=00;36:*.mid=00;36:*.midi=00;36:*.mka=00;36:*.mp3=00;36:*.mpc=00;36:*.ogg=00;36:*.ra=00;36:*.wav=00;36:*.oga=00;36:*.opus=00;36:*.spx=00;36:*.xspf=00;36:', 'GNOME_TERMINAL_SERVICE': ':1.119', 'SSH_AGENT_LAUNCHER': 'gnome-keyring', 'SSH_AUTH_SOCK': '/run/user/1000/keyring/ssh', 'ROS_DOMAIN_ID': '7', 'AMENT_PREFIX_PATH': '/home/cjayahansa/ros2N_ws/install/webots_ros2:/home/cjayahansa/ros2N_ws/install/webots_ros2_universal_robot:/home/cjayahansa/ros2N_ws/install/webots_ros2_turtlebot:/home/cjayahansa/ros2N_ws/install/webots_ros2_tiago:/home/cjayahansa/ros2N_ws/install/webots_ros2_tests:/home/cjayahansa/ros2N_ws/install/webots_ros2_tesla:/home/cjayahansa/ros2N_ws/install/webots_ros2_mavic:/home/cjayahansa/ros2N_ws/install/webots_ros2_husarion:/home/cjayahansa/ros2N_ws/install/webots_ros2_epuck:/home/cjayahansa/ros2N_ws/install/webots_ros2_crazyflie:/home/cjayahansa/ros2N_ws/install/webots_ros2_control:/home/cjayahansa/ros2N_ws/install/webots_ros2_driver:/home/cjayahansa/ros2N_ws/install/webots_ros2_msgs:/home/cjayahansa/ros2N_ws/install/webots_ros2_importer:/home/cjayahansa/ros2_ws/install/my_first_package:/opt/ros/humble', 'SHELL': '/bin/bash', 'QT_ACCESSIBILITY': '1', 'GDMSESSION': 'pop', 'LESSCLOSE': '/usr/bin/lesspipe %s %s', 'GPG_AGENT_INFO': '/run/user/1000/gnupg/S.gpg-agent:0:1', 'QT_IM_MODULE': 'ibus', 'PWD': '/home/cjayahansa/ros2N_ws/build/webots_ros2_importer', 'LC_ALL': 'en_US.UTF-8', 'XDG_CONFIG_DIRS': '/etc/xdg/xdg-pop:/etc/xdg', 'XDG_DATA_DIRS': '/usr/share/pop:/usr/share/gnome:/home/cjayahansa/.local/share/flatpak/exports/share:/var/lib/flatpak/exports/share:/usr/local/share/:/usr/share/', 'PYTHONPATH': '/home/cjayahansa/ros2N_ws/build/webots_ros2_importer/prefix_override:/usr/lib/python3/dist-packages/colcon_core/task/python/colcon_distutils_commands:/home/cjayahansa/ros2N_ws/install/webots_ros2_importer/lib/python3.10/site-packages:/home/cjayahansa/ros2N_ws/build/webots_ros2_importer:/home/cjayahansa/ros2N_ws/install/webots_ros2/lib/python3.10/site-packages:/home/cjayahansa/ros2N_ws/install/webots_ros2_universal_robot/lib/python3.10/site-packages:/home/cjayahansa/ros2N_ws/install/webots_ros2_turtlebot/lib/python3.10/site-packages:/home/cjayahansa/ros2N_ws/install/webots_ros2_tiago/lib/python3.10/site-packages:/home/cjayahansa/ros2N_ws/install/webots_ros2_tests/lib/python3.10/site-packages:/home/cjayahansa/ros2N_ws/install/webots_ros2_tesla/lib/python3.10/site-packages:/home/cjayahansa/ros2N_ws/install/webots_ros2_mavic/lib/python3.10/site-packages:/home/cjayahansa/ros2N_ws/install/webots_ros2_husarion/lib/python3.10/site-packages:/home/cjayahansa/ros2N_ws/install/webots_ros2_epuck/lib/python3.10/site-packages:/home/cjayahansa/ros2N_ws/install/webots_ros2_crazyflie/lib/python3.10/site-packages:/home/cjayahansa/ros2N_ws/install/webots_ros2_driver/local/lib/python3.10/dist-packages:/home/cjayahansa/ros2N_ws/install/webots_ros2_msgs/local/lib/python3.10/dist-packages:/home/cjayahansa/ros2N_ws/install/webots_ros2_importer/lib/python3.10/site-packages:/home/cjayahansa/ros2_ws/install/my_first_package/lib/python3.10/site-packages:/opt/ros/humble/lib/python3.10/site-packages:/opt/ros/humble/local/lib/python3.10/dist-packages', 'COLCON': '1', 'VTE_VERSION': '6800', 'CMAKE_PREFIX_PATH': '/home/cjayahansa/ros2N_ws/install/webots_ros2_control:/home/cjayahansa/ros2N_ws/install/webots_ros2_driver:/home/cjayahansa/ros2N_ws/install/webots_ros2_msgs'}, 'shell': False}
[0.700368] (-) TimerEvent: {}
[0.713388] (webots_ros2_msgs) StdoutLine: {'line': b'-- Found Python3: /usr/bin/python3 (found version "3.10.12") found components: Interpreter \n'}
[0.770913] (webots_ros2_msgs) StdoutLine: {'line': b'-- Override CMake install command with custom implementation using symlinks instead of copying resources\n'}
[0.800031] (webots_ros2_msgs) StdoutLine: {'line': b'-- Found builtin_interfaces: 1.2.2 (/opt/ros/humble/share/builtin_interfaces/cmake)\n'}
[0.800469] (-) TimerEvent: {}
[0.830853] (webots_ros2_msgs) StdoutLine: {'line': b'-- Found rosidl_generator_c: 3.1.7 (/opt/ros/humble/share/rosidl_generator_c/cmake)\n'}
[0.835957] (webots_ros2_msgs) StdoutLine: {'line': b'-- Found rosidl_adapter: 3.1.7 (/opt/ros/humble/share/rosidl_adapter/cmake)\n'}
[0.843816] (webots_ros2_msgs) StdoutLine: {'line': b'-- Found rosidl_generator_cpp: 3.1.7 (/opt/ros/humble/share/rosidl_generator_cpp/cmake)\n'}
[0.855691] (webots_ros2_msgs) StdoutLine: {'line': b'-- Using all available rosidl_typesupport_c: rosidl_typesupport_fastrtps_c;rosidl_typesupport_introspection_c\n'}
[0.870601] (webots_ros2_msgs) StdoutLine: {'line': b'-- Using all available rosidl_typesupport_cpp: rosidl_typesupport_fastrtps_cpp;rosidl_typesupport_introspection_cpp\n'}
[0.886569] (webots_ros2_msgs) StdoutLine: {'line': b'-- Found rosidl_default_generators: 1.2.0 (/opt/ros/humble/share/rosidl_default_generators/cmake)\n'}
[0.897974] (webots_ros2_msgs) StdoutLine: {'line': b'-- Found geometry_msgs: 4.9.0 (/opt/ros/humble/share/geometry_msgs/cmake)\n'}
[0.899266] (webots_ros2_importer) StdoutLine: {'line': b'running develop\n'}
[0.900575] (-) TimerEvent: {}
[0.922570] (webots_ros2_msgs) StdoutLine: {'line': b'-- Found vision_msgs: 4.1.1 (/opt/ros/humble/share/vision_msgs/cmake)\n'}
[1.000716] (-) TimerEvent: {}
[1.077929] (webots_ros2_importer) StdoutLine: {'line': b'running egg_info\n'}
[1.078183] (webots_ros2_importer) StdoutLine: {'line': b'creating webots_ros2_importer.egg-info\n'}
[1.078307] (webots_ros2_importer) StdoutLine: {'line': b'writing webots_ros2_importer.egg-info/PKG-INFO\n'}
[1.078409] (webots_ros2_importer) StdoutLine: {'line': b'writing dependency_links to webots_ros2_importer.egg-info/dependency_links.txt\n'}
[1.078559] (webots_ros2_importer) StdoutLine: {'line': b'writing entry points to webots_ros2_importer.egg-info/entry_points.txt\n'}
[1.078602] (webots_ros2_importer) StdoutLine: {'line': b'writing requirements to webots_ros2_importer.egg-info/requires.txt\n'}
[1.078644] (webots_ros2_importer) StdoutLine: {'line': b'writing top-level names to webots_ros2_importer.egg-info/top_level.txt\n'}
[1.078685] (webots_ros2_importer) StdoutLine: {'line': b"writing manifest file 'webots_ros2_importer.egg-info/SOURCES.txt'\n"}
[1.079982] (webots_ros2_importer) StdoutLine: {'line': b"reading manifest file 'webots_ros2_importer.egg-info/SOURCES.txt'\n"}
[1.080499] (webots_ros2_importer) StdoutLine: {'line': b"writing manifest file 'webots_ros2_importer.egg-info/SOURCES.txt'\n"}
[1.081753] (webots_ros2_importer) StdoutLine: {'line': b'running build_ext\n'}
[1.081916] (webots_ros2_importer) StdoutLine: {'line': b'Creating /home/cjayahansa/ros2N_ws/install/webots_ros2_importer/lib/python3.10/site-packages/webots-ros2-importer.egg-link (link to .)\n'}
[1.082551] (webots_ros2_importer) StdoutLine: {'line': b'Installing urdf2proto script to /home/cjayahansa/ros2N_ws/install/webots_ros2_importer/lib/webots_ros2_importer\n'}
[1.082678] (webots_ros2_importer) StdoutLine: {'line': b'Installing xacro2proto script to /home/cjayahansa/ros2N_ws/install/webots_ros2_importer/lib/webots_ros2_importer\n'}
[1.082831] (webots_ros2_importer) StdoutLine: {'line': b'\n'}
[1.082911] (webots_ros2_importer) StdoutLine: {'line': b'Installed /home/cjayahansa/ros2N_ws/build/webots_ros2_importer\n'}
[1.083008] (webots_ros2_importer) StdoutLine: {'line': b'running symlink_data\n'}
[1.083076] (webots_ros2_importer) StdoutLine: {'line': b'creating /home/cjayahansa/ros2N_ws/install/webots_ros2_importer/share/ament_index\n'}
[1.083162] (webots_ros2_importer) StdoutLine: {'line': b'creating /home/cjayahansa/ros2N_ws/install/webots_ros2_importer/share/ament_index/resource_index\n'}
[1.083213] (webots_ros2_importer) StdoutLine: {'line': b'creating /home/cjayahansa/ros2N_ws/install/webots_ros2_importer/share/ament_index/resource_index/packages\n'}
[1.083260] (webots_ros2_importer) StdoutLine: {'line': b'symbolically linking /home/cjayahansa/ros2N_ws/build/webots_ros2_importer/resource/webots_ros2_importer -> /home/cjayahansa/ros2N_ws/install/webots_ros2_importer/share/ament_index/resource_index/packages\n'}
[1.083352] (webots_ros2_importer) StdoutLine: {'line': b'symbolically linking /home/cjayahansa/ros2N_ws/build/webots_ros2_importer/package.xml -> /home/cjayahansa/ros2N_ws/install/webots_ros2_importer/share/webots_ros2_importer\n'}
[1.100863] (-) TimerEvent: {}
[1.119938] (webots_ros2_importer) CommandEnded: {'returncode': 0}
[1.132325] (webots_ros2_importer) JobEnded: {'identifier': 'webots_ros2_importer', 'rc': 0}
[1.201062] (-) TimerEvent: {}
[1.281340] (webots_ros2_msgs) StdoutLine: {'line': b'-- Found ament_cmake_cppcheck: 0.12.14 (/opt/ros/humble/share/ament_cmake_cppcheck/cmake)\n'}
[1.284118] (webots_ros2_msgs) StdoutLine: {'line': b'-- Found ament_cmake_cpplint: 0.12.14 (/opt/ros/humble/share/ament_cmake_cpplint/cmake)\n'}
[1.287099] (webots_ros2_msgs) StdoutLine: {'line': b'-- Found ament_cmake_uncrustify: 0.12.14 (/opt/ros/humble/share/ament_cmake_uncrustify/cmake)\n'}
[1.290465] (webots_ros2_msgs) StdoutLine: {'line': b'-- Found ament_cmake_ros: 0.10.0 (/opt/ros/humble/share/ament_cmake_ros/cmake)\n'}
[1.301189] (-) TimerEvent: {}
[1.401521] (-) TimerEvent: {}
[1.501789] (-) TimerEvent: {}
[1.602064] (-) TimerEvent: {}
[1.702337] (-) TimerEvent: {}
[1.749805] (webots_ros2_msgs) StdoutLine: {'line': b'-- Using all available rosidl_typesupport_c: rosidl_typesupport_fastrtps_c;rosidl_typesupport_introspection_c\n'}
[1.802477] (-) TimerEvent: {}
[1.902849] (-) TimerEvent: {}
[1.926007] (webots_ros2_msgs) StdoutLine: {'line': b'-- Using all available rosidl_typesupport_cpp: rosidl_typesupport_fastrtps_cpp;rosidl_typesupport_introspection_cpp\n'}
[1.950488] (webots_ros2_msgs) StdoutLine: {'line': b'-- Found PythonInterp: /usr/bin/python3 (found suitable version "3.10.12", minimum required is "3.6") \n'}
[1.952572] (webots_ros2_msgs) StdoutLine: {'line': b'-- Found python_cmake_module: 0.10.0 (/opt/ros/humble/share/python_cmake_module/cmake)\n'}
[1.983807] (webots_ros2_msgs) StdoutLine: {'line': b'-- Found PythonLibs: /usr/lib/x86_64-linux-gnu/libpython3.10.so (found suitable version "3.10.12", minimum required is "3.5") \n'}
[1.984081] (webots_ros2_msgs) StdoutLine: {'line': b'-- Using PYTHON_EXECUTABLE: /usr/bin/python3\n'}
[1.984148] (webots_ros2_msgs) StdoutLine: {'line': b'-- Using PYTHON_INCLUDE_DIRS: /usr/include/python3.10\n'}
[1.984202] (webots_ros2_msgs) StdoutLine: {'line': b'-- Using PYTHON_LIBRARIES: /usr/lib/x86_64-linux-gnu/libpython3.10.so\n'}
[2.003060] (-) TimerEvent: {}
[2.004737] (webots_ros2_msgs) StdoutLine: {'line': b'-- Found PythonExtra: .so  \n'}
[2.084507] (webots_ros2_msgs) StdoutLine: {'line': b'-- Found ament_cmake_flake8: 0.12.14 (/opt/ros/humble/share/ament_cmake_flake8/cmake)\n'}
[2.087287] (webots_ros2_msgs) StdoutLine: {'line': b'-- Found ament_cmake_pep257: 0.12.14 (/opt/ros/humble/share/ament_cmake_pep257/cmake)\n'}
[2.094325] (webots_ros2_msgs) StdoutLine: {'line': b'-- Found ament_lint_auto: 0.12.14 (/opt/ros/humble/share/ament_lint_auto/cmake)\n'}
[2.103424] (-) TimerEvent: {}
[2.114501] (webots_ros2_msgs) StdoutLine: {'line': b"-- Added test 'lint_cmake' to check CMake code style\n"}
[2.115400] (webots_ros2_msgs) StdoutLine: {'line': b"-- Added test 'xmllint' to check XML markup files\n"}
[2.119148] (webots_ros2_msgs) StdoutLine: {'line': b'-- Configuring done\n'}
[2.172630] (webots_ros2_msgs) StdoutLine: {'line': b'-- Generating done\n'}
[2.184798] (webots_ros2_msgs) StdoutLine: {'line': b'-- Build files have been written to: /home/cjayahansa/ros2N_ws/build/webots_ros2_msgs\n'}
[2.195906] (webots_ros2_msgs) CommandEnded: {'returncode': 0}
[2.196715] (webots_ros2_msgs) JobProgress: {'identifier': 'webots_ros2_msgs', 'progress': 'build'}
[2.198015] (webots_ros2_msgs) Command: {'cmd': ['/usr/bin/cmake', '--build', '/home/cjayahansa/ros2N_ws/build/webots_ros2_msgs', '--', '-j12', '-l12'], 'cwd': '/home/cjayahansa/ros2N_ws/build/webots_ros2_msgs', 'env': OrderedDict([('LESSOPEN', '| /usr/bin/lesspipe %s'), ('USER', 'cjayahansa'), ('XDG_SESSION_TYPE', 'x11'), ('SHLVL', '1'), ('LD_LIBRARY_PATH', '/home/cjayahansa/ros2N_ws/install/webots_ros2_control/lib:/home/cjayahansa/ros2N_ws/install/webots_ros2_driver/lib:/home/cjayahansa/ros2N_ws/install/webots_ros2_msgs/lib:/opt/ros/humble/opt/rviz_ogre_vendor/lib:/opt/ros/humble/lib/x86_64-linux-gnu:/opt/ros/humble/lib'), ('HOME', '/home/cjayahansa'), ('OLDPWD', '/home/cjayahansa/ros2N_ws/src'), ('DESKTOP_SESSION', 'pop'), ('ROS_PYTHON_VERSION', '3'), ('GNOME_SHELL_SESSION_MODE', 'pop'), ('GTK_MODULES', 'gail:atk-bridge'), ('PS1', '\\[\\033[01;36m\\]\\u@\\h\\[\\033[00m\\]:\\[\\033[01;34m\\]\\w\\[\\033[00m\\]$'), ('SYSTEMD_EXEC_PID', '1818'), ('DBUS_SESSION_BUS_ADDRESS', 'unix:path=/run/user/1000/bus'), ('COLORTERM', 'truecolor'), ('COLCON_PREFIX_PATH', '/home/cjayahansa/ros2N_ws/install:/home/cjayahansa/ros2_ws/install'), ('ROS_DISTRO', 'humble'), ('GTK_IM_MODULE', 'ibus'), ('LOGNAME', 'cjayahansa'), ('_', '/usr/bin/colcon'), ('ROS_VERSION', '2'), ('XDG_SESSION_CLASS', 'user'), ('USERNAME', 'cjayahansa'), ('TERM', 'xterm-256color'), ('GNOME_DESKTOP_SESSION_ID', 'this-is-deprecated'), ('ROS_LOCALHOST_ONLY', '1'), ('WINDOWPATH', '2'), ('PATH', '/opt/ros/humble/bin:/home/cjayahansa/.local/bin:/usr/local/sbin:/usr/local/bin:/usr/sbin:/usr/bin:/sbin:/bin:/usr/games:/usr/local/games:/snap/bin'), ('SESSION_MANAGER', 'local/pop-os:@/tmp/.ICE-unix/1790,unix/pop-os:/tmp/.ICE-unix/1790'), ('XDG_MENU_PREFIX', 'gnome-'), ('GNOME_TERMINAL_SCREEN', '/org/gnome/Terminal/screen/69401945_8890_4a44_bef3_4bbc698c193c'), ('XDG_RUNTIME_DIR', '/run/user/1000'), ('DISPLAY', ':1'), ('LANG', 'en_US.UTF-8'), ('XDG_CURRENT_DESKTOP', 'pop:GNOME'), ('XMODIFIERS', '@im=ibus'), ('XDG_SESSION_DESKTOP', 'pop'), ('XAUTHORITY', '/run/user/1000/gdm/Xauthority'), ('LS_COLORS', 'rs=0:di=01;34:ln=01;36:mh=00:pi=40;33:so=01;35:do=01;35:bd=40;33;01:cd=40;33;01:or=40;31;01:mi=00:su=37;41:sg=30;43:ca=30;41:tw=30;42:ow=34;42:st=37;44:ex=01;32:*.tar=01;31:*.tgz=01;31:*.arc=01;31:*.arj=01;31:*.taz=01;31:*.lha=01;31:*.lz4=01;31:*.lzh=01;31:*.lzma=01;31:*.tlz=01;31:*.txz=01;31:*.tzo=01;31:*.t7z=01;31:*.zip=01;31:*.z=01;31:*.dz=01;31:*.gz=01;31:*.lrz=01;31:*.lz=01;31:*.lzo=01;31:*.xz=01;31:*.zst=01;31:*.tzst=01;31:*.bz2=01;31:*.bz=01;31:*.tbz=01;31:*.tbz2=01;31:*.tz=01;31:*.deb=01;31:*.rpm=01;31:*.jar=01;31:*.war=01;31:*.ear=01;31:*.sar=01;31:*.rar=01;31:*.alz=01;31:*.ace=01;31:*.zoo=01;31:*.cpio=01;31:*.7z=01;31:*.rz=01;31:*.cab=01;31:*.wim=01;31:*.swm=01;31:*.dwm=01;31:*.esd=01;31:*.jpg=01;35:*.jpeg=01;35:*.mjpg=01;35:*.mjpeg=01;35:*.gif=01;35:*.bmp=01;35:*.pbm=01;35:*.pgm=01;35:*.ppm=01;35:*.tga=01;35:*.xbm=01;35:*.xpm=01;35:*.tif=01;35:*.tiff=01;35:*.png=01;35:*.svg=01;35:*.svgz=01;35:*.mng=01;35:*.pcx=01;35:*.mov=01;35:*.mpg=01;35:*.mpeg=01;35:*.m2v=01;35:*.mkv=01;35:*.webm=01;35:*.webp=01;35:*.ogm=01;35:*.mp4=01;35:*.m4v=01;35:*.mp4v=01;35:*.vob=01;35:*.qt=01;35:*.nuv=01;35:*.wmv=01;35:*.asf=01;35:*.rm=01;35:*.rmvb=01;35:*.flc=01;35:*.avi=01;35:*.fli=01;35:*.flv=01;35:*.gl=01;35:*.dl=01;35:*.xcf=01;35:*.xwd=01;35:*.yuv=01;35:*.cgm=01;35:*.emf=01;35:*.ogv=01;35:*.ogx=01;35:*.aac=00;36:*.au=00;36:*.flac=00;36:*.m4a=00;36:*.mid=00;36:*.midi=00;36:*.mka=00;36:*.mp3=00;36:*.mpc=00;36:*.ogg=00;36:*.ra=00;36:*.wav=00;36:*.oga=00;36:*.opus=00;36:*.spx=00;36:*.xspf=00;36:'), ('GNOME_TERMINAL_SERVICE', ':1.119'), ('SSH_AGENT_LAUNCHER', 'gnome-keyring'), ('SSH_AUTH_SOCK', '/run/user/1000/keyring/ssh'), ('ROS_DOMAIN_ID', '7'), ('AMENT_PREFIX_PATH', '/home/cjayahansa/ros2N_ws/install/webots_ros2:/home/cjayahansa/ros2N_ws/install/webots_ros2_universal_robot:/home/cjayahansa/ros2N_ws/install/webots_ros2_turtlebot:/home/cjayahansa/ros2N_ws/install/webots_ros2_tiago:/home/cjayahansa/ros2N_ws/install/webots_ros2_tests:/home/cjayahansa/ros2N_ws/install/webots_ros2_tesla:/home/cjayahansa/ros2N_ws/install/webots_ros2_mavic:/home/cjayahansa/ros2N_ws/install/webots_ros2_husarion:/home/cjayahansa/ros2N_ws/install/webots_ros2_epuck:/home/cjayahansa/ros2N_ws/install/webots_ros2_crazyflie:/home/cjayahansa/ros2N_ws/install/webots_ros2_control:/home/cjayahansa/ros2N_ws/install/webots_ros2_driver:/home/cjayahansa/ros2N_ws/install/webots_ros2_msgs:/home/cjayahansa/ros2N_ws/install/webots_ros2_importer:/home/cjayahansa/ros2_ws/install/my_first_package:/opt/ros/humble'), ('SHELL', '/bin/bash'), ('QT_ACCESSIBILITY', '1'), ('GDMSESSION', 'pop'), ('LESSCLOSE', '/usr/bin/lesspipe %s %s'), ('GPG_AGENT_INFO', '/run/user/1000/gnupg/S.gpg-agent:0:1'), ('QT_IM_MODULE', 'ibus'), ('PWD', '/home/cjayahansa/ros2N_ws/build/webots_ros2_msgs'), ('LC_ALL', 'en_US.UTF-8'), ('XDG_CONFIG_DIRS', '/etc/xdg/xdg-pop:/etc/xdg'), ('XDG_DATA_DIRS', '/usr/share/pop:/usr/share/gnome:/home/cjayahansa/.local/share/flatpak/exports/share:/var/lib/flatpak/exports/share:/usr/local/share/:/usr/share/'), ('PYTHONPATH', '/home/cjayahansa/ros2N_ws/build/webots_ros2_importer:/home/cjayahansa/ros2N_ws/install/webots_ros2/lib/python3.10/site-packages:/home/cjayahansa/ros2N_ws/install/webots_ros2_universal_robot/lib/python3.10/site-packages:/home/cjayahansa/ros2N_ws/install/webots_ros2_turtlebot/lib/python3.10/site-packages:/home/cjayahansa/ros2N_ws/install/webots_ros2_tiago/lib/python3.10/site-packages:/home/cjayahansa/ros2N_ws/install/webots_ros2_tests/lib/python3.10/site-packages:/home/cjayahansa/ros2N_ws/install/webots_ros2_tesla/lib/python3.10/site-packages:/home/cjayahansa/ros2N_ws/install/webots_ros2_mavic/lib/python3.10/site-packages:/home/cjayahansa/ros2N_ws/install/webots_ros2_husarion/lib/python3.10/site-packages:/home/cjayahansa/ros2N_ws/install/webots_ros2_epuck/lib/python3.10/site-packages:/home/cjayahansa/ros2N_ws/install/webots_ros2_crazyflie/lib/python3.10/site-packages:/home/cjayahansa/ros2N_ws/install/webots_ros2_driver/local/lib/python3.10/dist-packages:/home/cjayahansa/ros2N_ws/install/webots_ros2_msgs/local/lib/python3.10/dist-packages:/home/cjayahansa/ros2N_ws/install/webots_ros2_importer/lib/python3.10/site-packages:/home/cjayahansa/ros2_ws/install/my_first_package/lib/python3.10/site-packages:/opt/ros/humble/lib/python3.10/site-packages:/opt/ros/humble/local/lib/python3.10/dist-packages'), ('COLCON', '1'), ('VTE_VERSION', '6800'), ('CMAKE_PREFIX_PATH', '/home/cjayahansa/ros2N_ws/install/webots_ros2_control:/home/cjayahansa/ros2N_ws/install/webots_ros2_driver:/home/cjayahansa/ros2N_ws/install/webots_ros2_msgs:/home/cjayahansa/ros2N_ws/install/webots_ros2:/home/cjayahansa/ros2N_ws/install/webots_ros2_universal_robot:/home/cjayahansa/ros2N_ws/install/webots_ros2_turtlebot:/home/cjayahansa/ros2N_ws/install/webots_ros2_tiago:/home/cjayahansa/ros2N_ws/install/webots_ros2_tests:/home/cjayahansa/ros2N_ws/install/webots_ros2_tesla:/home/cjayahansa/ros2N_ws/install/webots_ros2_mavic:/home/cjayahansa/ros2N_ws/install/webots_ros2_husarion:/home/cjayahansa/ros2N_ws/install/webots_ros2_epuck:/home/cjayahansa/ros2N_ws/install/webots_ros2_crazyflie:/home/cjayahansa/ros2N_ws/install/webots_ros2_importer:/home/cjayahansa/ros2_ws/install/my_first_package:/opt/ros/humble')]), 'shell': False}
[2.203542] (-) TimerEvent: {}
[2.241588] (webots_ros2_msgs) StdoutLine: {'line': b'[  1%] \x1b[34m\x1b[1mGenerating C code for ROS interfaces\x1b[0m\n'}
[2.253452] (webots_ros2_msgs) StdoutLine: {'line': b'[  1%] \x1b[34m\x1b[1mGenerating C++ code for ROS interfaces\x1b[0m\n'}
[2.261109] (webots_ros2_msgs) StdoutLine: {'line': b'[  1%] Built target ament_cmake_python_symlink_webots_ros2_msgs\n'}
[2.303673] (-) TimerEvent: {}
[2.404011] (-) TimerEvent: {}
[2.504372] (-) TimerEvent: {}
[2.514353] (webots_ros2_msgs) StdoutLine: {'line': b'running egg_info\n'}
[2.515013] (webots_ros2_msgs) StdoutLine: {'line': b'creating webots_ros2_msgs.egg-info\n'}
[2.515210] (webots_ros2_msgs) StdoutLine: {'line': b'writing webots_ros2_msgs.egg-info/PKG-INFO\n'}
[2.515398] (webots_ros2_msgs) StdoutLine: {'line': b'writing dependency_links to webots_ros2_msgs.egg-info/dependency_links.txt\n'}
[2.515533] (webots_ros2_msgs) StdoutLine: {'line': b'writing top-level names to webots_ros2_msgs.egg-info/top_level.txt\n'}
[2.515814] (webots_ros2_msgs) StdoutLine: {'line': b"writing manifest file 'webots_ros2_msgs.egg-info/SOURCES.txt'\n"}
[2.517712] (webots_ros2_msgs) StdoutLine: {'line': b"reading manifest file 'webots_ros2_msgs.egg-info/SOURCES.txt'\n"}
[2.518133] (webots_ros2_msgs) StdoutLine: {'line': b"writing manifest file 'webots_ros2_msgs.egg-info/SOURCES.txt'\n"}
[2.552381] (webots_ros2_msgs) StdoutLine: {'line': b'[  1%] Built target ament_cmake_python_build_webots_ros2_msgs_egg\n'}
[2.604505] (-) TimerEvent: {}
[2.704853] (-) TimerEvent: {}
[2.805200] (-) TimerEvent: {}
[2.905734] (-) TimerEvent: {}
[3.006072] (-) TimerEvent: {}
[3.106455] (-) TimerEvent: {}
[3.120076] (webots_ros2_msgs) StdoutLine: {'line': b'[  1%] Built target webots_ros2_msgs__cpp\n'}
[3.130513] (webots_ros2_msgs) StdoutLine: {'line': b'[  4%] \x1b[32mBuilding C object CMakeFiles/webots_ros2_msgs__rosidl_generator_c.dir/rosidl_generator_c/webots_ros2_msgs/msg/detail/camera_recognition_object__functions.c.o\x1b[0m\n'}
[3.131002] (webots_ros2_msgs) StdoutLine: {'line': b'[  4%] \x1b[32mBuilding C object CMakeFiles/webots_ros2_msgs__rosidl_generator_c.dir/rosidl_generator_c/webots_ros2_msgs/msg/detail/float_stamped__functions.c.o\x1b[0m\n'}
[3.131167] (webots_ros2_msgs) StdoutLine: {'line': b'[  4%] \x1b[32mBuilding C object CMakeFiles/webots_ros2_msgs__rosidl_generator_c.dir/rosidl_generator_c/webots_ros2_msgs/msg/detail/string_stamped__functions.c.o\x1b[0m\n'}
[3.131234] (webots_ros2_msgs) StdoutLine: {'line': b'[  4%] \x1b[32mBuilding C object CMakeFiles/webots_ros2_msgs__rosidl_generator_c.dir/rosidl_generator_c/webots_ros2_msgs/msg/detail/bool_stamped__functions.c.o\x1b[0m\n'}
[3.131295] (webots_ros2_msgs) StdoutLine: {'line': b'[  7%] \x1b[32mBuilding C object CMakeFiles/webots_ros2_msgs__rosidl_generator_c.dir/rosidl_generator_c/webots_ros2_msgs/msg/detail/camera_recognition_objects__functions.c.o\x1b[0m\n'}
[3.131365] (webots_ros2_msgs) StdoutLine: {'line': b'[  7%] \x1b[32mBuilding C object CMakeFiles/webots_ros2_msgs__rosidl_generator_c.dir/rosidl_generator_c/webots_ros2_msgs/msg/detail/pen_ink_properties__functions.c.o\x1b[0m\n'}
[3.131436] (webots_ros2_msgs) StdoutLine: {'line': b'[  7%] \x1b[32mBuilding C object CMakeFiles/webots_ros2_msgs__rosidl_generator_c.dir/rosidl_generator_c/webots_ros2_msgs/msg/detail/urdf_robot__functions.c.o\x1b[0m\n'}
[3.131585] (webots_ros2_msgs) StdoutLine: {'line': b'[ 10%] \x1b[32mBuilding C object CMakeFiles/webots_ros2_msgs__rosidl_generator_c.dir/rosidl_generator_c/webots_ros2_msgs/srv/detail/get_bool__functions.c.o\x1b[0m\n'}
[3.131661] (webots_ros2_msgs) StdoutLine: {'line': b'[ 10%] \x1b[32mBuilding C object CMakeFiles/webots_ros2_msgs__rosidl_generator_c.dir/rosidl_generator_c/webots_ros2_msgs/srv/detail/emitter_send_string__functions.c.o\x1b[0m\n'}
[3.131731] (webots_ros2_msgs) StdoutLine: {'line': b'[ 10%] \x1b[32mBuilding C object CMakeFiles/webots_ros2_msgs__rosidl_generator_c.dir/rosidl_generator_c/webots_ros2_msgs/srv/detail/spawn_node_from_string__functions.c.o\x1b[0m\n'}
[3.133297] (webots_ros2_msgs) StdoutLine: {'line': b'[ 10%] \x1b[32mBuilding C object CMakeFiles/webots_ros2_msgs__rosidl_generator_c.dir/rosidl_generator_c/webots_ros2_msgs/srv/detail/set_string__functions.c.o\x1b[0m\n'}
[3.136465] (webots_ros2_msgs) StdoutLine: {'line': b'[ 11%] \x1b[34m\x1b[1mGenerating C++ type support dispatch for ROS interfaces\x1b[0m\n'}
[3.206593] (-) TimerEvent: {}
[3.208989] (webots_ros2_msgs) StdoutLine: {'line': b'[ 12%] \x1b[32mBuilding C object CMakeFiles/webots_ros2_msgs__rosidl_generator_c.dir/rosidl_generator_c/webots_ros2_msgs/srv/detail/spawn_urdf_robot__functions.c.o\x1b[0m\n'}
[3.211541] (webots_ros2_msgs) StdoutLine: {'line': b'[ 13%] \x1b[34m\x1b[1mGenerating C++ type support for eProsima Fast-RTPS\x1b[0m\n'}
[3.211766] (webots_ros2_msgs) StdoutLine: {'line': b'[ 13%] \x1b[34m\x1b[1mGenerating C++ introspection for ROS interfaces\x1b[0m\n'}
[3.266050] (webots_ros2_msgs) StdoutLine: {'line': b'[ 14%] \x1b[32m\x1b[1mLinking C shared library libwebots_ros2_msgs__rosidl_generator_c.so\x1b[0m\n'}
[3.306734] (-) TimerEvent: {}
[3.309838] (webots_ros2_msgs) StdoutLine: {'line': b'[ 14%] Built target webots_ros2_msgs__rosidl_generator_c\n'}
[3.321888] (webots_ros2_msgs) StdoutLine: {'line': b'[ 16%] \x1b[34m\x1b[1mGenerating C type support for eProsima Fast-RTPS\x1b[0m\n'}
[3.322120] (webots_ros2_msgs) StdoutLine: {'line': b'[ 16%] \x1b[34m\x1b[1mGenerating C type support dispatch for ROS interfaces\x1b[0m\n'}
[3.322286] (webots_ros2_msgs) StdoutLine: {'line': b'[ 17%] \x1b[34m\x1b[1mGenerating C introspection for ROS interfaces\x1b[0m\n'}
[3.406853] (-) TimerEvent: {}
[3.507174] (-) TimerEvent: {}
[3.607492] (-) TimerEvent: {}
[3.708969] (-) TimerEvent: {}
[3.720124] (webots_ros2_msgs) StdoutLine: {'line': b'[ 20%] \x1b[32mBuilding CXX object CMakeFiles/webots_ros2_msgs__rosidl_typesupport_cpp.dir/rosidl_typesupport_cpp/webots_ros2_msgs/msg/string_stamped__type_support.cpp.o\x1b[0m\n'}
[3.720367] (webots_ros2_msgs) StdoutLine: {'line': b'[ 20%] \x1b[32mBuilding CXX object CMakeFiles/webots_ros2_msgs__rosidl_typesupport_cpp.dir/rosidl_typesupport_cpp/webots_ros2_msgs/msg/bool_stamped__type_support.cpp.o\x1b[0m\n'}
[3.720474] (webots_ros2_msgs) StdoutLine: {'line': b'[ 22%] \x1b[32mBuilding CXX object CMakeFiles/webots_ros2_msgs__rosidl_typesupport_cpp.dir/rosidl_typesupport_cpp/webots_ros2_msgs/msg/urdf_robot__type_support.cpp.o\x1b[0m\n'}
[3.720574] (webots_ros2_msgs) StdoutLine: {'line': b'[ 20%] \x1b[32mBuilding CXX object CMakeFiles/webots_ros2_msgs__rosidl_typesupport_cpp.dir/rosidl_typesupport_cpp/webots_ros2_msgs/msg/float_stamped__type_support.cpp.o\x1b[0m\n'}
[3.720670] (webots_ros2_msgs) StdoutLine: {'line': b'[ 23%] \x1b[32mBuilding CXX object CMakeFiles/webots_ros2_msgs__rosidl_typesupport_cpp.dir/rosidl_typesupport_cpp/webots_ros2_msgs/msg/camera_recognition_object__type_support.cpp.o\x1b[0m\n'}
[3.720767] (webots_ros2_msgs) StdoutLine: {'line': b'[ 23%] \x1b[32mBuilding CXX object CMakeFiles/webots_ros2_msgs__rosidl_typesupport_cpp.dir/rosidl_typesupport_cpp/webots_ros2_msgs/msg/camera_recognition_objects__type_support.cpp.o\x1b[0m\n'}
[3.720899] (webots_ros2_msgs) StdoutLine: {'line': b'[ 23%] \x1b[32mBuilding CXX object CMakeFiles/webots_ros2_msgs__rosidl_typesupport_cpp.dir/rosidl_typesupport_cpp/webots_ros2_msgs/msg/pen_ink_properties__type_support.cpp.o\x1b[0m\n'}
[3.809954] (-) TimerEvent: {}
[3.910318] (-) TimerEvent: {}
[4.010738] (-) TimerEvent: {}
[4.114151] (-) TimerEvent: {}
[4.161400] (webots_ros2_msgs) StdoutLine: {'line': b'[ 24%] \x1b[32mBuilding CXX object CMakeFiles/webots_ros2_msgs__rosidl_typesupport_cpp.dir/rosidl_typesupport_cpp/webots_ros2_msgs/srv/emitter_send_string__type_support.cpp.o\x1b[0m\n'}
[4.163606] (webots_ros2_msgs) StdoutLine: {'line': b'[ 25%] \x1b[32mBuilding CXX object CMakeFiles/webots_ros2_msgs__rosidl_typesupport_cpp.dir/rosidl_typesupport_cpp/webots_ros2_msgs/srv/get_bool__type_support.cpp.o\x1b[0m\n'}
[4.174311] (webots_ros2_msgs) StdoutLine: {'line': b'[ 26%] \x1b[32mBuilding CXX object CMakeFiles/webots_ros2_msgs__rosidl_typesupport_cpp.dir/rosidl_typesupport_cpp/webots_ros2_msgs/srv/set_string__type_support.cpp.o\x1b[0m\n'}
[4.179854] (webots_ros2_msgs) StdoutLine: {'line': b'[ 26%] \x1b[32mBuilding CXX object CMakeFiles/webots_ros2_msgs__rosidl_typesupport_cpp.dir/rosidl_typesupport_cpp/webots_ros2_msgs/srv/spawn_node_from_string__type_support.cpp.o\x1b[0m\n'}
[4.181141] (webots_ros2_msgs) StdoutLine: {'line': b'[ 27%] \x1b[32mBuilding CXX object CMakeFiles/webots_ros2_msgs__rosidl_typesupport_cpp.dir/rosidl_typesupport_cpp/webots_ros2_msgs/srv/spawn_urdf_robot__type_support.cpp.o\x1b[0m\n'}
[4.204286] (webots_ros2_msgs) StdoutLine: {'line': b'[ 28%] \x1b[32mBuilding CXX object CMakeFiles/webots_ros2_msgs__rosidl_typesupport_c.dir/rosidl_typesupport_c/webots_ros2_msgs/msg/bool_stamped__type_support.cpp.o\x1b[0m\n'}
[4.208228] (webots_ros2_msgs) StdoutLine: {'line': b'[ 28%] \x1b[32mBuilding CXX object CMakeFiles/webots_ros2_msgs__rosidl_typesupport_c.dir/rosidl_typesupport_c/webots_ros2_msgs/msg/float_stamped__type_support.cpp.o\x1b[0m\n'}
[4.214275] (-) TimerEvent: {}
[4.261736] (webots_ros2_msgs) StdoutLine: {'line': b'[ 29%] \x1b[32mBuilding CXX object CMakeFiles/webots_ros2_msgs__rosidl_typesupport_c.dir/rosidl_typesupport_c/webots_ros2_msgs/msg/string_stamped__type_support.cpp.o\x1b[0m\n'}
[4.268048] (webots_ros2_msgs) StdoutLine: {'line': b'[ 30%] \x1b[32mBuilding CXX object CMakeFiles/webots_ros2_msgs__rosidl_typesupport_c.dir/rosidl_typesupport_c/webots_ros2_msgs/msg/camera_recognition_object__type_support.cpp.o\x1b[0m\n'}
[4.301926] (webots_ros2_msgs) StdoutLine: {'line': b'[ 30%] \x1b[32mBuilding CXX object CMakeFiles/webots_ros2_msgs__rosidl_typesupport_introspection_cpp.dir/rosidl_typesupport_introspection_cpp/webots_ros2_msgs/msg/detail/bool_stamped__type_support.cpp.o\x1b[0m\n'}
[4.305255] (webots_ros2_msgs) StdoutLine: {'line': b'[ 31%] \x1b[32mBuilding CXX object CMakeFiles/webots_ros2_msgs__rosidl_typesupport_introspection_cpp.dir/rosidl_typesupport_introspection_cpp/webots_ros2_msgs/msg/detail/float_stamped__type_support.cpp.o\x1b[0m\n'}
[4.314398] (-) TimerEvent: {}
[4.327132] (webots_ros2_msgs) StdoutLine: {'line': b'[ 32%] \x1b[32mBuilding CXX object CMakeFiles/webots_ros2_msgs__rosidl_typesupport_introspection_cpp.dir/rosidl_typesupport_introspection_cpp/webots_ros2_msgs/msg/detail/string_stamped__type_support.cpp.o\x1b[0m\n'}
[4.343898] (webots_ros2_msgs) StdoutLine: {'line': b'[ 33%] \x1b[32mBuilding CXX object CMakeFiles/webots_ros2_msgs__rosidl_typesupport_c.dir/rosidl_typesupport_c/webots_ros2_msgs/msg/camera_recognition_objects__type_support.cpp.o\x1b[0m\n'}
[4.406473] (webots_ros2_msgs) StdoutLine: {'line': b'[ 34%] \x1b[32mBuilding CXX object CMakeFiles/webots_ros2_msgs__rosidl_typesupport_c.dir/rosidl_typesupport_c/webots_ros2_msgs/msg/urdf_robot__type_support.cpp.o\x1b[0m\n'}
[4.414551] (-) TimerEvent: {}
[4.473795] (webots_ros2_msgs) StdoutLine: {'line': b'[ 35%] \x1b[32mBuilding CXX object CMakeFiles/webots_ros2_msgs__rosidl_typesupport_c.dir/rosidl_typesupport_c/webots_ros2_msgs/msg/pen_ink_properties__type_support.cpp.o\x1b[0m\n'}
[4.508977] (webots_ros2_msgs) StdoutLine: {'line': b'[ 36%] \x1b[32mBuilding CXX object CMakeFiles/webots_ros2_msgs__rosidl_typesupport_fastrtps_cpp.dir/rosidl_typesupport_fastrtps_cpp/webots_ros2_msgs/msg/detail/dds_fastrtps/bool_stamped__type_support.cpp.o\x1b[0m\n'}
[4.514671] (-) TimerEvent: {}
[4.530128] (webots_ros2_msgs) StdoutLine: {'line': b'[ 36%] \x1b[32mBuilding CXX object CMakeFiles/webots_ros2_msgs__rosidl_typesupport_c.dir/rosidl_typesupport_c/webots_ros2_msgs/srv/emitter_send_string__type_support.cpp.o\x1b[0m\n'}
[4.578439] (webots_ros2_msgs) StdoutLine: {'line': b'[ 38%] \x1b[32mBuilding CXX object CMakeFiles/webots_ros2_msgs__rosidl_typesupport_introspection_cpp.dir/rosidl_typesupport_introspection_cpp/webots_ros2_msgs/msg/detail/camera_recognition_object__type_support.cpp.o\x1b[0m\n'}
[4.579280] (webots_ros2_msgs) StdoutLine: {'line': b'[ 38%] \x1b[32mBuilding CXX object CMakeFiles/webots_ros2_msgs__rosidl_typesupport_fastrtps_cpp.dir/rosidl_typesupport_fastrtps_cpp/webots_ros2_msgs/msg/detail/dds_fastrtps/float_stamped__type_support.cpp.o\x1b[0m\n'}
[4.589091] (webots_ros2_msgs) StdoutLine: {'line': b'[ 39%] \x1b[32mBuilding CXX object CMakeFiles/webots_ros2_msgs__rosidl_typesupport_fastrtps_cpp.dir/rosidl_typesupport_fastrtps_cpp/webots_ros2_msgs/msg/detail/dds_fastrtps/string_stamped__type_support.cpp.o\x1b[0m\n'}
[4.593211] (webots_ros2_msgs) StdoutLine: {'line': b'[ 41%] \x1b[32mBuilding CXX object CMakeFiles/webots_ros2_msgs__rosidl_typesupport_introspection_cpp.dir/rosidl_typesupport_introspection_cpp/webots_ros2_msgs/msg/detail/camera_recognition_objects__type_support.cpp.o\x1b[0m\n'}
[4.593556] (webots_ros2_msgs) StdoutLine: {'line': b'[ 41%] \x1b[32mBuilding CXX object CMakeFiles/webots_ros2_msgs__rosidl_typesupport_c.dir/rosidl_typesupport_c/webots_ros2_msgs/srv/get_bool__type_support.cpp.o\x1b[0m\n'}
[4.599629] (webots_ros2_msgs) StdoutLine: {'line': b'[ 42%] \x1b[32m\x1b[1mLinking CXX shared library libwebots_ros2_msgs__rosidl_typesupport_cpp.so\x1b[0m\n'}
[4.614809] (-) TimerEvent: {}
[4.648185] (webots_ros2_msgs) StdoutLine: {'line': b'[ 43%] \x1b[32mBuilding C object CMakeFiles/webots_ros2_msgs__rosidl_typesupport_introspection_c.dir/rosidl_typesupport_introspection_c/webots_ros2_msgs/msg/detail/bool_stamped__type_support.c.o\x1b[0m\n'}
[4.656121] (webots_ros2_msgs) StdoutLine: {'line': b'[ 44%] \x1b[32mBuilding CXX object CMakeFiles/webots_ros2_msgs__rosidl_typesupport_c.dir/rosidl_typesupport_c/webots_ros2_msgs/srv/set_string__type_support.cpp.o\x1b[0m\n'}
[4.683555] (webots_ros2_msgs) StdoutLine: {'line': b'[ 44%] Built target webots_ros2_msgs__rosidl_typesupport_cpp\n'}
[4.698074] (webots_ros2_msgs) StdoutLine: {'line': b'[ 45%] \x1b[32mBuilding C object CMakeFiles/webots_ros2_msgs__rosidl_typesupport_introspection_c.dir/rosidl_typesupport_introspection_c/webots_ros2_msgs/msg/detail/float_stamped__type_support.c.o\x1b[0m\n'}
[4.713461] (webots_ros2_msgs) StdoutLine: {'line': b'[ 46%] \x1b[32mBuilding CXX object CMakeFiles/webots_ros2_msgs__rosidl_typesupport_introspection_cpp.dir/rosidl_typesupport_introspection_cpp/webots_ros2_msgs/msg/detail/urdf_robot__type_support.cpp.o\x1b[0m\n'}
[4.713744] (webots_ros2_msgs) StdoutLine: {'line': b'[ 47%] \x1b[32mBuilding CXX object CMakeFiles/webots_ros2_msgs__rosidl_typesupport_c.dir/rosidl_typesupport_c/webots_ros2_msgs/srv/spawn_node_from_string__type_support.cpp.o\x1b[0m\n'}
[4.715067] (-) TimerEvent: {}
[4.758735] (webots_ros2_msgs) StdoutLine: {'line': b'[ 48%] \x1b[32mBuilding C object CMakeFiles/webots_ros2_msgs__rosidl_typesupport_introspection_c.dir/rosidl_typesupport_introspection_c/webots_ros2_msgs/msg/detail/string_stamped__type_support.c.o\x1b[0m\n'}
[4.769216] (webots_ros2_msgs) StdoutLine: {'line': b'[ 49%] \x1b[32mBuilding CXX object CMakeFiles/webots_ros2_msgs__rosidl_typesupport_c.dir/rosidl_typesupport_c/webots_ros2_msgs/srv/spawn_urdf_robot__type_support.cpp.o\x1b[0m\n'}
[4.793293] (webots_ros2_msgs) StdoutLine: {'line': b'[ 50%] \x1b[32mBuilding CXX object CMakeFiles/webots_ros2_msgs__rosidl_typesupport_fastrtps_c.dir/rosidl_typesupport_fastrtps_c/webots_ros2_msgs/msg/detail/bool_stamped__type_support_c.cpp.o\x1b[0m\n'}
[4.815212] (-) TimerEvent: {}
[4.820807] (webots_ros2_msgs) StdoutLine: {'line': b'[ 50%] \x1b[32mBuilding C object CMakeFiles/webots_ros2_msgs__rosidl_typesupport_introspection_c.dir/rosidl_typesupport_introspection_c/webots_ros2_msgs/msg/detail/camera_recognition_object__type_support.c.o\x1b[0m\n'}
[4.834454] (webots_ros2_msgs) StdoutLine: {'line': b'[ 51%] \x1b[32m\x1b[1mLinking CXX shared library libwebots_ros2_msgs__rosidl_typesupport_c.so\x1b[0m\n'}
[4.899126] (webots_ros2_msgs) StdoutLine: {'line': b'[ 52%] \x1b[32mBuilding C object CMakeFiles/webots_ros2_msgs__rosidl_typesupport_introspection_c.dir/rosidl_typesupport_introspection_c/webots_ros2_msgs/msg/detail/camera_recognition_objects__type_support.c.o\x1b[0m\n'}
[4.915390] (-) TimerEvent: {}
[4.926839] (webots_ros2_msgs) StdoutLine: {'line': b'[ 54%] \x1b[32mBuilding CXX object CMakeFiles/webots_ros2_msgs__rosidl_typesupport_fastrtps_cpp.dir/rosidl_typesupport_fastrtps_cpp/webots_ros2_msgs/msg/detail/dds_fastrtps/camera_recognition_object__type_support.cpp.o\x1b[0m\n'}
[4.929328] (webots_ros2_msgs) StdoutLine: {'line': b'[ 54%] \x1b[32mBuilding C object CMakeFiles/webots_ros2_msgs__rosidl_typesupport_introspection_c.dir/rosidl_typesupport_introspection_c/webots_ros2_msgs/msg/detail/urdf_robot__type_support.c.o\x1b[0m\n'}
[4.946666] (webots_ros2_msgs) StdoutLine: {'line': b'[ 54%] Built target webots_ros2_msgs__rosidl_typesupport_c\n'}
[4.951287] (webots_ros2_msgs) StdoutLine: {'line': b'[ 55%] \x1b[32mBuilding CXX object CMakeFiles/webots_ros2_msgs__rosidl_typesupport_fastrtps_c.dir/rosidl_typesupport_fastrtps_c/webots_ros2_msgs/msg/detail/float_stamped__type_support_c.cpp.o\x1b[0m\n'}
[4.965872] (webots_ros2_msgs) StdoutLine: {'line': b'[ 55%] \x1b[32mBuilding CXX object CMakeFiles/webots_ros2_msgs__rosidl_typesupport_introspection_cpp.dir/rosidl_typesupport_introspection_cpp/webots_ros2_msgs/msg/detail/pen_ink_properties__type_support.cpp.o\x1b[0m\n'}
[4.981000] (webots_ros2_msgs) StdoutLine: {'line': b'[ 56%] \x1b[32mBuilding CXX object CMakeFiles/webots_ros2_msgs__rosidl_typesupport_fastrtps_cpp.dir/rosidl_typesupport_fastrtps_cpp/webots_ros2_msgs/msg/detail/dds_fastrtps/camera_recognition_objects__type_support.cpp.o\x1b[0m\n'}
[4.993092] (webots_ros2_msgs) StdoutLine: {'line': b'[ 57%] \x1b[32mBuilding C object CMakeFiles/webots_ros2_msgs__rosidl_typesupport_introspection_c.dir/rosidl_typesupport_introspection_c/webots_ros2_msgs/msg/detail/pen_ink_properties__type_support.c.o\x1b[0m\n'}
[5.015539] (-) TimerEvent: {}
[5.057040] (webots_ros2_msgs) StdoutLine: {'line': b'[ 58%] \x1b[32mBuilding C object CMakeFiles/webots_ros2_msgs__rosidl_typesupport_introspection_c.dir/rosidl_typesupport_introspection_c/webots_ros2_msgs/srv/detail/emitter_send_string__type_support.c.o\x1b[0m\n'}
[5.115694] (-) TimerEvent: {}
[5.128017] (webots_ros2_msgs) StdoutLine: {'line': b'[ 59%] \x1b[32mBuilding C object CMakeFiles/webots_ros2_msgs__rosidl_typesupport_introspection_c.dir/rosidl_typesupport_introspection_c/webots_ros2_msgs/srv/detail/get_bool__type_support.c.o\x1b[0m\n'}
[5.180741] (webots_ros2_msgs) StdoutLine: {'line': b'[ 60%] \x1b[32mBuilding C object CMakeFiles/webots_ros2_msgs__rosidl_typesupport_introspection_c.dir/rosidl_typesupport_introspection_c/webots_ros2_msgs/srv/detail/set_string__type_support.c.o\x1b[0m\n'}
[5.209115] (webots_ros2_msgs) StdoutLine: {'line': b'[ 60%] \x1b[32mBuilding CXX object CMakeFiles/webots_ros2_msgs__rosidl_typesupport_fastrtps_c.dir/rosidl_typesupport_fastrtps_c/webots_ros2_msgs/msg/detail/string_stamped__type_support_c.cpp.o\x1b[0m\n'}
[5.215864] (-) TimerEvent: {}
[5.216575] (webots_ros2_msgs) StdoutLine: {'line': b'[ 61%] \x1b[32mBuilding CXX object CMakeFiles/webots_ros2_msgs__rosidl_typesupport_introspection_cpp.dir/rosidl_typesupport_introspection_cpp/webots_ros2_msgs/srv/detail/emitter_send_string__type_support.cpp.o\x1b[0m\n'}
[5.224475] (webots_ros2_msgs) StdoutLine: {'line': b'[ 62%] \x1b[32mBuilding CXX object CMakeFiles/webots_ros2_msgs__rosidl_typesupport_fastrtps_c.dir/rosidl_typesupport_fastrtps_c/webots_ros2_msgs/msg/detail/camera_recognition_object__type_support_c.cpp.o\x1b[0m\n'}
[5.248251] (webots_ros2_msgs) StdoutLine: {'line': b'[ 62%] \x1b[32mBuilding C object CMakeFiles/webots_ros2_msgs__rosidl_typesupport_introspection_c.dir/rosidl_typesupport_introspection_c/webots_ros2_msgs/srv/detail/spawn_node_from_string__type_support.c.o\x1b[0m\n'}
[5.281368] (webots_ros2_msgs) StdoutLine: {'line': b'[ 62%] \x1b[32mBuilding CXX object CMakeFiles/webots_ros2_msgs__rosidl_typesupport_fastrtps_cpp.dir/rosidl_typesupport_fastrtps_cpp/webots_ros2_msgs/msg/detail/dds_fastrtps/urdf_robot__type_support.cpp.o\x1b[0m\n'}
[5.310091] (webots_ros2_msgs) StdoutLine: {'line': b'[ 63%] \x1b[32mBuilding C object CMakeFiles/webots_ros2_msgs__rosidl_typesupport_introspection_c.dir/rosidl_typesupport_introspection_c/webots_ros2_msgs/srv/detail/spawn_urdf_robot__type_support.c.o\x1b[0m\n'}
[5.312481] (webots_ros2_msgs) StdoutLine: {'line': b'[ 64%] \x1b[32mBuilding CXX object CMakeFiles/webots_ros2_msgs__rosidl_typesupport_fastrtps_c.dir/rosidl_typesupport_fastrtps_c/webots_ros2_msgs/msg/detail/camera_recognition_objects__type_support_c.cpp.o\x1b[0m\n'}
[5.315982] (-) TimerEvent: {}
[5.328701] (webots_ros2_msgs) StdoutLine: {'line': b'[ 65%] \x1b[32mBuilding CXX object CMakeFiles/webots_ros2_msgs__rosidl_typesupport_fastrtps_cpp.dir/rosidl_typesupport_fastrtps_cpp/webots_ros2_msgs/msg/detail/dds_fastrtps/pen_ink_properties__type_support.cpp.o\x1b[0m\n'}
[5.376265] (webots_ros2_msgs) StdoutLine: {'line': b'[ 66%] \x1b[32m\x1b[1mLinking C shared library libwebots_ros2_msgs__rosidl_typesupport_introspection_c.so\x1b[0m\n'}
[5.409455] (webots_ros2_msgs) StdoutLine: {'line': b'[ 67%] \x1b[32mBuilding CXX object CMakeFiles/webots_ros2_msgs__rosidl_typesupport_fastrtps_c.dir/rosidl_typesupport_fastrtps_c/webots_ros2_msgs/msg/detail/urdf_robot__type_support_c.cpp.o\x1b[0m\n'}
[5.416121] (-) TimerEvent: {}
[5.446458] (webots_ros2_msgs) StdoutLine: {'line': b'[ 67%] Built target webots_ros2_msgs__rosidl_typesupport_introspection_c\n'}
[5.463948] (webots_ros2_msgs) StdoutLine: {'line': b'[ 68%] \x1b[32mBuilding CXX object CMakeFiles/webots_ros2_msgs__rosidl_typesupport_fastrtps_cpp.dir/rosidl_typesupport_fastrtps_cpp/webots_ros2_msgs/srv/detail/dds_fastrtps/emitter_send_string__type_support.cpp.o\x1b[0m\n'}
[5.516701] (webots_ros2_msgs) StdoutLine: {'line': b'[ 69%] \x1b[32mBuilding CXX object CMakeFiles/webots_ros2_msgs__rosidl_typesupport_introspection_cpp.dir/rosidl_typesupport_introspection_cpp/webots_ros2_msgs/srv/detail/get_bool__type_support.cpp.o\x1b[0m\n'}
[5.516999] (-) TimerEvent: {}
[5.619207] (-) TimerEvent: {}
[5.636270] (webots_ros2_msgs) StdoutLine: {'line': b'[ 70%] \x1b[32mBuilding CXX object CMakeFiles/webots_ros2_msgs__rosidl_typesupport_fastrtps_cpp.dir/rosidl_typesupport_fastrtps_cpp/webots_ros2_msgs/srv/detail/dds_fastrtps/get_bool__type_support.cpp.o\x1b[0m\n'}
[5.686933] (webots_ros2_msgs) StdoutLine: {'line': b'[ 71%] \x1b[32mBuilding CXX object CMakeFiles/webots_ros2_msgs__rosidl_typesupport_fastrtps_c.dir/rosidl_typesupport_fastrtps_c/webots_ros2_msgs/msg/detail/pen_ink_properties__type_support_c.cpp.o\x1b[0m\n'}
[5.719374] (-) TimerEvent: {}
[5.771691] (webots_ros2_msgs) StdoutLine: {'line': b'[ 72%] \x1b[32mBuilding CXX object CMakeFiles/webots_ros2_msgs__rosidl_typesupport_introspection_cpp.dir/rosidl_typesupport_introspection_cpp/webots_ros2_msgs/srv/detail/set_string__type_support.cpp.o\x1b[0m\n'}
[5.794460] (webots_ros2_msgs) StdoutLine: {'line': b'[ 73%] \x1b[32mBuilding CXX object CMakeFiles/webots_ros2_msgs__rosidl_typesupport_introspection_cpp.dir/rosidl_typesupport_introspection_cpp/webots_ros2_msgs/srv/detail/spawn_node_from_string__type_support.cpp.o\x1b[0m\n'}
[5.806123] (webots_ros2_msgs) StdoutLine: {'line': b'[ 74%] \x1b[32mBuilding CXX object CMakeFiles/webots_ros2_msgs__rosidl_typesupport_fastrtps_c.dir/rosidl_typesupport_fastrtps_c/webots_ros2_msgs/srv/detail/emitter_send_string__type_support_c.cpp.o\x1b[0m\n'}
[5.819530] (-) TimerEvent: {}
[5.855521] (webots_ros2_msgs) StdoutLine: {'line': b'[ 75%] \x1b[32mBuilding CXX object CMakeFiles/webots_ros2_msgs__rosidl_typesupport_fastrtps_cpp.dir/rosidl_typesupport_fastrtps_cpp/webots_ros2_msgs/srv/detail/dds_fastrtps/set_string__type_support.cpp.o\x1b[0m\n'}
[5.863313] (webots_ros2_msgs) StdoutLine: {'line': b'[ 76%] \x1b[32mBuilding CXX object CMakeFiles/webots_ros2_msgs__rosidl_typesupport_fastrtps_cpp.dir/rosidl_typesupport_fastrtps_cpp/webots_ros2_msgs/srv/detail/dds_fastrtps/spawn_node_from_string__type_support.cpp.o\x1b[0m\n'}
[5.919685] (-) TimerEvent: {}
[5.932658] (webots_ros2_msgs) StdoutLine: {'line': b'[ 77%] \x1b[32mBuilding CXX object CMakeFiles/webots_ros2_msgs__rosidl_typesupport_introspection_cpp.dir/rosidl_typesupport_introspection_cpp/webots_ros2_msgs/srv/detail/spawn_urdf_robot__type_support.cpp.o\x1b[0m\n'}
[5.983655] (webots_ros2_msgs) StdoutLine: {'line': b'[ 77%] \x1b[32mBuilding CXX object CMakeFiles/webots_ros2_msgs__rosidl_typesupport_fastrtps_c.dir/rosidl_typesupport_fastrtps_c/webots_ros2_msgs/srv/detail/get_bool__type_support_c.cpp.o\x1b[0m\n'}
[6.009037] (webots_ros2_msgs) StdoutLine: {'line': b'[ 77%] \x1b[32mBuilding CXX object CMakeFiles/webots_ros2_msgs__rosidl_typesupport_fastrtps_cpp.dir/rosidl_typesupport_fastrtps_cpp/webots_ros2_msgs/srv/detail/dds_fastrtps/spawn_urdf_robot__type_support.cpp.o\x1b[0m\n'}
[6.019844] (-) TimerEvent: {}
[6.120398] (-) TimerEvent: {}
[6.146499] (webots_ros2_msgs) StdoutLine: {'line': b'[ 78%] \x1b[32mBuilding CXX object CMakeFiles/webots_ros2_msgs__rosidl_typesupport_fastrtps_c.dir/rosidl_typesupport_fastrtps_c/webots_ros2_msgs/srv/detail/set_string__type_support_c.cpp.o\x1b[0m\n'}
[6.155518] (webots_ros2_msgs) StdoutLine: {'line': b'[ 79%] \x1b[32mBuilding CXX object CMakeFiles/webots_ros2_msgs__rosidl_typesupport_fastrtps_c.dir/rosidl_typesupport_fastrtps_c/webots_ros2_msgs/srv/detail/spawn_node_from_string__type_support_c.cpp.o\x1b[0m\n'}
[6.220998] (-) TimerEvent: {}
[6.235366] (webots_ros2_msgs) StdoutLine: {'line': b'[ 80%] \x1b[32mBuilding CXX object CMakeFiles/webots_ros2_msgs__rosidl_typesupport_fastrtps_c.dir/rosidl_typesupport_fastrtps_c/webots_ros2_msgs/srv/detail/spawn_urdf_robot__type_support_c.cpp.o\x1b[0m\n'}
[6.321149] (-) TimerEvent: {}
[6.421620] (-) TimerEvent: {}
[6.502237] (webots_ros2_msgs) StdoutLine: {'line': b'[ 81%] \x1b[32m\x1b[1mLinking CXX shared library libwebots_ros2_msgs__rosidl_typesupport_introspection_cpp.so\x1b[0m\n'}
[6.521762] (-) TimerEvent: {}
[6.566802] (webots_ros2_msgs) StdoutLine: {'line': b'[ 82%] \x1b[32m\x1b[1mLinking CXX shared library libwebots_ros2_msgs__rosidl_typesupport_fastrtps_cpp.so\x1b[0m\n'}
[6.621937] (-) TimerEvent: {}
[6.626056] (webots_ros2_msgs) StdoutLine: {'line': b'[ 82%] Built target webots_ros2_msgs__rosidl_typesupport_introspection_cpp\n'}
[6.676984] (webots_ros2_msgs) StdoutLine: {'line': b'[ 82%] Built target webots_ros2_msgs__rosidl_typesupport_fastrtps_cpp\n'}
[6.680895] (webots_ros2_msgs) StdoutLine: {'line': b'[ 83%] \x1b[32m\x1b[1mLinking CXX shared library libwebots_ros2_msgs__rosidl_typesupport_fastrtps_c.so\x1b[0m\n'}
[6.722058] (-) TimerEvent: {}
[6.778891] (webots_ros2_msgs) StdoutLine: {'line': b'[ 83%] Built target webots_ros2_msgs__rosidl_typesupport_fastrtps_c\n'}
[6.800300] (webots_ros2_msgs) StdoutLine: {'line': b'[ 83%] Built target webots_ros2_msgs\n'}
[6.822187] (-) TimerEvent: {}
[6.822444] (webots_ros2_msgs) StdoutLine: {'line': b'[ 84%] \x1b[34m\x1b[1mGenerating Python code for ROS interfaces\x1b[0m\n'}
[6.922317] (-) TimerEvent: {}
[7.022655] (-) TimerEvent: {}
[7.123031] (-) TimerEvent: {}
[7.223358] (-) TimerEvent: {}
[7.323654] (-) TimerEvent: {}
[7.424021] (-) TimerEvent: {}
[7.524353] (-) TimerEvent: {}
[7.624682] (-) TimerEvent: {}
[7.725078] (-) TimerEvent: {}
[7.825414] (-) TimerEvent: {}
[7.925750] (-) TimerEvent: {}
[8.026133] (-) TimerEvent: {}
[8.084469] (webots_ros2_msgs) StdoutLine: {'line': b'[ 84%] Built target webots_ros2_msgs__py\n'}
[8.112044] (webots_ros2_msgs) StdoutLine: {'line': b'[ 85%] \x1b[32mBuilding C object CMakeFiles/webots_ros2_msgs__rosidl_generator_py.dir/rosidl_generator_py/webots_ros2_msgs/msg/_bool_stamped_s.c.o\x1b[0m\n'}
[8.113288] (webots_ros2_msgs) StdoutLine: {'line': b'[ 93%] \x1b[32mBuilding C object CMakeFiles/webots_ros2_msgs__rosidl_generator_py.dir/rosidl_generator_py/webots_ros2_msgs/msg/_camera_recognition_objects_s.c.o\x1b[0m\n'}
[8.113549] (webots_ros2_msgs) StdoutLine: {'line': b'[ 93%] \x1b[32mBuilding C object CMakeFiles/webots_ros2_msgs__rosidl_generator_py.dir/rosidl_generator_py/webots_ros2_msgs/srv/_spawn_node_from_string_s.c.o\x1b[0m\n'}
[8.113642] (webots_ros2_msgs) StdoutLine: {'line': b'[ 93%] \x1b[32mBuilding C object CMakeFiles/webots_ros2_msgs__rosidl_generator_py.dir/rosidl_generator_py/webots_ros2_msgs/msg/_string_stamped_s.c.o\x1b[0m\n'}
[8.113922] (webots_ros2_msgs) StdoutLine: {'line': b'[ 93%] \x1b[32mBuilding C object CMakeFiles/webots_ros2_msgs__rosidl_generator_py.dir/rosidl_generator_py/webots_ros2_msgs/srv/_emitter_send_string_s.c.o\x1b[0m\n'}
[8.113989] (webots_ros2_msgs) StdoutLine: {'line': b'[ 93%] \x1b[32mBuilding C object CMakeFiles/webots_ros2_msgs__rosidl_generator_py.dir/rosidl_generator_py/webots_ros2_msgs/msg/_urdf_robot_s.c.o\x1b[0m\n'}
[8.114050] (webots_ros2_msgs) StdoutLine: {'line': b'[ 93%] \x1b[32mBuilding C object CMakeFiles/webots_ros2_msgs__rosidl_generator_py.dir/rosidl_generator_py/webots_ros2_msgs/msg/_camera_recognition_object_s.c.o\x1b[0m\n'}
[8.114111] (webots_ros2_msgs) StdoutLine: {'line': b'[ 93%] \x1b[32mBuilding C object CMakeFiles/webots_ros2_msgs__rosidl_generator_py.dir/rosidl_generator_py/webots_ros2_msgs/msg/_float_stamped_s.c.o\x1b[0m\n'}
[8.114168] (webots_ros2_msgs) StdoutLine: {'line': b'[ 93%] \x1b[32mBuilding C object CMakeFiles/webots_ros2_msgs__rosidl_generator_py.dir/rosidl_generator_py/webots_ros2_msgs/msg/_pen_ink_properties_s.c.o\x1b[0m\n'}
[8.114227] (webots_ros2_msgs) StdoutLine: {'line': b'[ 93%] \x1b[32mBuilding C object CMakeFiles/webots_ros2_msgs__rosidl_generator_py.dir/rosidl_generator_py/webots_ros2_msgs/srv/_set_string_s.c.o\x1b[0m\n'}
[8.114286] (webots_ros2_msgs) StdoutLine: {'line': b'[ 93%] \x1b[32mBuilding C object CMakeFiles/webots_ros2_msgs__rosidl_generator_py.dir/rosidl_generator_py/webots_ros2_msgs/srv/_get_bool_s.c.o\x1b[0m\n'}
[8.114333] (webots_ros2_msgs) StdoutLine: {'line': b'[ 94%] \x1b[32mBuilding C object CMakeFiles/webots_ros2_msgs__rosidl_generator_py.dir/rosidl_generator_py/webots_ros2_msgs/srv/_spawn_urdf_robot_s.c.o\x1b[0m\n'}
[8.126521] (-) TimerEvent: {}
[8.226931] (-) TimerEvent: {}
[8.308080] (webots_ros2_msgs) StdoutLine: {'line': b'[ 95%] \x1b[32m\x1b[1mLinking C shared library rosidl_generator_py/webots_ros2_msgs/libwebots_ros2_msgs__rosidl_generator_py.so\x1b[0m\n'}
[8.327058] (-) TimerEvent: {}
[8.358126] (webots_ros2_msgs) StdoutLine: {'line': b'[ 95%] Built target webots_ros2_msgs__rosidl_generator_py\n'}
[8.378829] (webots_ros2_msgs) StdoutLine: {'line': b'[ 97%] \x1b[32mBuilding C object CMakeFiles/webots_ros2_msgs__rosidl_typesupport_fastrtps_c__pyext.dir/rosidl_generator_py/webots_ros2_msgs/_webots_ros2_msgs_s.ep.rosidl_typesupport_fastrtps_c.c.o\x1b[0m\n'}
[8.379135] (webots_ros2_msgs) StdoutLine: {'line': b'[ 97%] \x1b[32mBuilding C object CMakeFiles/webots_ros2_msgs__rosidl_typesupport_c__pyext.dir/rosidl_generator_py/webots_ros2_msgs/_webots_ros2_msgs_s.ep.rosidl_typesupport_c.c.o\x1b[0m\n'}
[8.379252] (webots_ros2_msgs) StdoutLine: {'line': b'[ 97%] \x1b[32mBuilding C object CMakeFiles/webots_ros2_msgs__rosidl_typesupport_introspection_c__pyext.dir/rosidl_generator_py/webots_ros2_msgs/_webots_ros2_msgs_s.ep.rosidl_typesupport_introspection_c.c.o\x1b[0m\n'}
[8.427167] (-) TimerEvent: {}
[8.516020] (webots_ros2_msgs) StdoutLine: {'line': b'[100%] \x1b[32m\x1b[1mLinking C shared library rosidl_generator_py/webots_ros2_msgs/webots_ros2_msgs_s__rosidl_typesupport_fastrtps_c.cpython-310-x86_64-linux-gnu.so\x1b[0m\n'}
[8.516198] (webots_ros2_msgs) StdoutLine: {'line': b'[100%] \x1b[32m\x1b[1mLinking C shared library rosidl_generator_py/webots_ros2_msgs/webots_ros2_msgs_s__rosidl_typesupport_c.cpython-310-x86_64-linux-gnu.so\x1b[0m\n'}
[8.516254] (webots_ros2_msgs) StdoutLine: {'line': b'[100%] \x1b[32m\x1b[1mLinking C shared library rosidl_generator_py/webots_ros2_msgs/webots_ros2_msgs_s__rosidl_typesupport_introspection_c.cpython-310-x86_64-linux-gnu.so\x1b[0m\n'}
[8.527271] (-) TimerEvent: {}
[8.559457] (webots_ros2_msgs) StdoutLine: {'line': b'[100%] Built target webots_ros2_msgs__rosidl_typesupport_c__pyext\n'}
[8.559714] (webots_ros2_msgs) StdoutLine: {'line': b'[100%] Built target webots_ros2_msgs__rosidl_typesupport_fastrtps_c__pyext\n'}
[8.559783] (webots_ros2_msgs) StdoutLine: {'line': b'[100%] Built target webots_ros2_msgs__rosidl_typesupport_introspection_c__pyext\n'}
[8.574898] (webots_ros2_msgs) CommandEnded: {'returncode': 0}
[8.575446] (webots_ros2_msgs) JobProgress: {'identifier': 'webots_ros2_msgs', 'progress': 'install'}
[8.585505] (webots_ros2_msgs) Command: {'cmd': ['/usr/bin/cmake', '--install', '/home/cjayahansa/ros2N_ws/build/webots_ros2_msgs'], 'cwd': '/home/cjayahansa/ros2N_ws/build/webots_ros2_msgs', 'env': OrderedDict([('LESSOPEN', '| /usr/bin/lesspipe %s'), ('USER', 'cjayahansa'), ('XDG_SESSION_TYPE', 'x11'), ('SHLVL', '1'), ('LD_LIBRARY_PATH', '/home/cjayahansa/ros2N_ws/install/webots_ros2_control/lib:/home/cjayahansa/ros2N_ws/install/webots_ros2_driver/lib:/home/cjayahansa/ros2N_ws/install/webots_ros2_msgs/lib:/opt/ros/humble/opt/rviz_ogre_vendor/lib:/opt/ros/humble/lib/x86_64-linux-gnu:/opt/ros/humble/lib'), ('HOME', '/home/cjayahansa'), ('OLDPWD', '/home/cjayahansa/ros2N_ws/src'), ('DESKTOP_SESSION', 'pop'), ('ROS_PYTHON_VERSION', '3'), ('GNOME_SHELL_SESSION_MODE', 'pop'), ('GTK_MODULES', 'gail:atk-bridge'), ('PS1', '\\[\\033[01;36m\\]\\u@\\h\\[\\033[00m\\]:\\[\\033[01;34m\\]\\w\\[\\033[00m\\]$'), ('SYSTEMD_EXEC_PID', '1818'), ('DBUS_SESSION_BUS_ADDRESS', 'unix:path=/run/user/1000/bus'), ('COLORTERM', 'truecolor'), ('COLCON_PREFIX_PATH', '/home/cjayahansa/ros2N_ws/install:/home/cjayahansa/ros2_ws/install'), ('ROS_DISTRO', 'humble'), ('GTK_IM_MODULE', 'ibus'), ('LOGNAME', 'cjayahansa'), ('_', '/usr/bin/colcon'), ('ROS_VERSION', '2'), ('XDG_SESSION_CLASS', 'user'), ('USERNAME', 'cjayahansa'), ('TERM', 'xterm-256color'), ('GNOME_DESKTOP_SESSION_ID', 'this-is-deprecated'), ('ROS_LOCALHOST_ONLY', '1'), ('WINDOWPATH', '2'), ('PATH', '/opt/ros/humble/bin:/home/cjayahansa/.local/bin:/usr/local/sbin:/usr/local/bin:/usr/sbin:/usr/bin:/sbin:/bin:/usr/games:/usr/local/games:/snap/bin'), ('SESSION_MANAGER', 'local/pop-os:@/tmp/.ICE-unix/1790,unix/pop-os:/tmp/.ICE-unix/1790'), ('XDG_MENU_PREFIX', 'gnome-'), ('GNOME_TERMINAL_SCREEN', '/org/gnome/Terminal/screen/69401945_8890_4a44_bef3_4bbc698c193c'), ('XDG_RUNTIME_DIR', '/run/user/1000'), ('DISPLAY', ':1'), ('LANG', 'en_US.UTF-8'), ('XDG_CURRENT_DESKTOP', 'pop:GNOME'), ('XMODIFIERS', '@im=ibus'), ('XDG_SESSION_DESKTOP', 'pop'), ('XAUTHORITY', '/run/user/1000/gdm/Xauthority'), ('LS_COLORS', 'rs=0:di=01;34:ln=01;36:mh=00:pi=40;33:so=01;35:do=01;35:bd=40;33;01:cd=40;33;01:or=40;31;01:mi=00:su=37;41:sg=30;43:ca=30;41:tw=30;42:ow=34;42:st=37;44:ex=01;32:*.tar=01;31:*.tgz=01;31:*.arc=01;31:*.arj=01;31:*.taz=01;31:*.lha=01;31:*.lz4=01;31:*.lzh=01;31:*.lzma=01;31:*.tlz=01;31:*.txz=01;31:*.tzo=01;31:*.t7z=01;31:*.zip=01;31:*.z=01;31:*.dz=01;31:*.gz=01;31:*.lrz=01;31:*.lz=01;31:*.lzo=01;31:*.xz=01;31:*.zst=01;31:*.tzst=01;31:*.bz2=01;31:*.bz=01;31:*.tbz=01;31:*.tbz2=01;31:*.tz=01;31:*.deb=01;31:*.rpm=01;31:*.jar=01;31:*.war=01;31:*.ear=01;31:*.sar=01;31:*.rar=01;31:*.alz=01;31:*.ace=01;31:*.zoo=01;31:*.cpio=01;31:*.7z=01;31:*.rz=01;31:*.cab=01;31:*.wim=01;31:*.swm=01;31:*.dwm=01;31:*.esd=01;31:*.jpg=01;35:*.jpeg=01;35:*.mjpg=01;35:*.mjpeg=01;35:*.gif=01;35:*.bmp=01;35:*.pbm=01;35:*.pgm=01;35:*.ppm=01;35:*.tga=01;35:*.xbm=01;35:*.xpm=01;35:*.tif=01;35:*.tiff=01;35:*.png=01;35:*.svg=01;35:*.svgz=01;35:*.mng=01;35:*.pcx=01;35:*.mov=01;35:*.mpg=01;35:*.mpeg=01;35:*.m2v=01;35:*.mkv=01;35:*.webm=01;35:*.webp=01;35:*.ogm=01;35:*.mp4=01;35:*.m4v=01;35:*.mp4v=01;35:*.vob=01;35:*.qt=01;35:*.nuv=01;35:*.wmv=01;35:*.asf=01;35:*.rm=01;35:*.rmvb=01;35:*.flc=01;35:*.avi=01;35:*.fli=01;35:*.flv=01;35:*.gl=01;35:*.dl=01;35:*.xcf=01;35:*.xwd=01;35:*.yuv=01;35:*.cgm=01;35:*.emf=01;35:*.ogv=01;35:*.ogx=01;35:*.aac=00;36:*.au=00;36:*.flac=00;36:*.m4a=00;36:*.mid=00;36:*.midi=00;36:*.mka=00;36:*.mp3=00;36:*.mpc=00;36:*.ogg=00;36:*.ra=00;36:*.wav=00;36:*.oga=00;36:*.opus=00;36:*.spx=00;36:*.xspf=00;36:'), ('GNOME_TERMINAL_SERVICE', ':1.119'), ('SSH_AGENT_LAUNCHER', 'gnome-keyring'), ('SSH_AUTH_SOCK', '/run/user/1000/keyring/ssh'), ('ROS_DOMAIN_ID', '7'), ('AMENT_PREFIX_PATH', '/home/cjayahansa/ros2N_ws/install/webots_ros2:/home/cjayahansa/ros2N_ws/install/webots_ros2_universal_robot:/home/cjayahansa/ros2N_ws/install/webots_ros2_turtlebot:/home/cjayahansa/ros2N_ws/install/webots_ros2_tiago:/home/cjayahansa/ros2N_ws/install/webots_ros2_tests:/home/cjayahansa/ros2N_ws/install/webots_ros2_tesla:/home/cjayahansa/ros2N_ws/install/webots_ros2_mavic:/home/cjayahansa/ros2N_ws/install/webots_ros2_husarion:/home/cjayahansa/ros2N_ws/install/webots_ros2_epuck:/home/cjayahansa/ros2N_ws/install/webots_ros2_crazyflie:/home/cjayahansa/ros2N_ws/install/webots_ros2_control:/home/cjayahansa/ros2N_ws/install/webots_ros2_driver:/home/cjayahansa/ros2N_ws/install/webots_ros2_msgs:/home/cjayahansa/ros2N_ws/install/webots_ros2_importer:/home/cjayahansa/ros2_ws/install/my_first_package:/opt/ros/humble'), ('SHELL', '/bin/bash'), ('QT_ACCESSIBILITY', '1'), ('GDMSESSION', 'pop'), ('LESSCLOSE', '/usr/bin/lesspipe %s %s'), ('GPG_AGENT_INFO', '/run/user/1000/gnupg/S.gpg-agent:0:1'), ('QT_IM_MODULE', 'ibus'), ('PWD', '/home/cjayahansa/ros2N_ws/build/webots_ros2_msgs'), ('LC_ALL', 'en_US.UTF-8'), ('XDG_CONFIG_DIRS', '/etc/xdg/xdg-pop:/etc/xdg'), ('XDG_DATA_DIRS', '/usr/share/pop:/usr/share/gnome:/home/cjayahansa/.local/share/flatpak/exports/share:/var/lib/flatpak/exports/share:/usr/local/share/:/usr/share/'), ('PYTHONPATH', '/home/cjayahansa/ros2N_ws/build/webots_ros2_importer:/home/cjayahansa/ros2N_ws/install/webots_ros2/lib/python3.10/site-packages:/home/cjayahansa/ros2N_ws/install/webots_ros2_universal_robot/lib/python3.10/site-packages:/home/cjayahansa/ros2N_ws/install/webots_ros2_turtlebot/lib/python3.10/site-packages:/home/cjayahansa/ros2N_ws/install/webots_ros2_tiago/lib/python3.10/site-packages:/home/cjayahansa/ros2N_ws/install/webots_ros2_tests/lib/python3.10/site-packages:/home/cjayahansa/ros2N_ws/install/webots_ros2_tesla/lib/python3.10/site-packages:/home/cjayahansa/ros2N_ws/install/webots_ros2_mavic/lib/python3.10/site-packages:/home/cjayahansa/ros2N_ws/install/webots_ros2_husarion/lib/python3.10/site-packages:/home/cjayahansa/ros2N_ws/install/webots_ros2_epuck/lib/python3.10/site-packages:/home/cjayahansa/ros2N_ws/install/webots_ros2_crazyflie/lib/python3.10/site-packages:/home/cjayahansa/ros2N_ws/install/webots_ros2_driver/local/lib/python3.10/dist-packages:/home/cjayahansa/ros2N_ws/install/webots_ros2_msgs/local/lib/python3.10/dist-packages:/home/cjayahansa/ros2N_ws/install/webots_ros2_importer/lib/python3.10/site-packages:/home/cjayahansa/ros2_ws/install/my_first_package/lib/python3.10/site-packages:/opt/ros/humble/lib/python3.10/site-packages:/opt/ros/humble/local/lib/python3.10/dist-packages'), ('COLCON', '1'), ('VTE_VERSION', '6800'), ('CMAKE_PREFIX_PATH', '/home/cjayahansa/ros2N_ws/install/webots_ros2_control:/home/cjayahansa/ros2N_ws/install/webots_ros2_driver:/home/cjayahansa/ros2N_ws/install/webots_ros2_msgs:/home/cjayahansa/ros2N_ws/install/webots_ros2:/home/cjayahansa/ros2N_ws/install/webots_ros2_universal_robot:/home/cjayahansa/ros2N_ws/install/webots_ros2_turtlebot:/home/cjayahansa/ros2N_ws/install/webots_ros2_tiago:/home/cjayahansa/ros2N_ws/install/webots_ros2_tests:/home/cjayahansa/ros2N_ws/install/webots_ros2_tesla:/home/cjayahansa/ros2N_ws/install/webots_ros2_mavic:/home/cjayahansa/ros2N_ws/install/webots_ros2_husarion:/home/cjayahansa/ros2N_ws/install/webots_ros2_epuck:/home/cjayahansa/ros2N_ws/install/webots_ros2_crazyflie:/home/cjayahansa/ros2N_ws/install/webots_ros2_importer:/home/cjayahansa/ros2_ws/install/my_first_package:/opt/ros/humble')]), 'shell': False}
[8.592965] (webots_ros2_msgs) StdoutLine: {'line': b'-- Install configuration: ""\n'}
[8.593580] (webots_ros2_msgs) StdoutLine: {'line': b'-- Execute custom install script\n'}
[8.593909] (webots_ros2_msgs) StdoutLine: {'line': b'-- Symlinking: /home/cjayahansa/ros2N_ws/install/webots_ros2_msgs/share/ament_index/resource_index/rosidl_interfaces/webots_ros2_msgs\n'}
[8.603914] (webots_ros2_msgs) StdoutLine: {'line': b'-- Symlinking: /home/cjayahansa/ros2N_ws/install/webots_ros2_msgs/include/webots_ros2_msgs/webots_ros2_msgs/msg/bool_stamped.h\n'}
[8.613478] (webots_ros2_msgs) StdoutLine: {'line': b'-- Symlinking: /home/cjayahansa/ros2N_ws/install/webots_ros2_msgs/include/webots_ros2_msgs/webots_ros2_msgs/msg/camera_recognition_object.h\n'}
[8.622621] (webots_ros2_msgs) StdoutLine: {'line': b'-- Symlinking: /home/cjayahansa/ros2N_ws/install/webots_ros2_msgs/include/webots_ros2_msgs/webots_ros2_msgs/msg/camera_recognition_objects.h\n'}
[8.627413] (-) TimerEvent: {}
[8.632054] (webots_ros2_msgs) StdoutLine: {'line': b'-- Symlinking: /home/cjayahansa/ros2N_ws/install/webots_ros2_msgs/include/webots_ros2_msgs/webots_ros2_msgs/msg/detail/bool_stamped__functions.h\n'}
[8.641214] (webots_ros2_msgs) StdoutLine: {'line': b'-- Symlinking: /home/cjayahansa/ros2N_ws/install/webots_ros2_msgs/include/webots_ros2_msgs/webots_ros2_msgs/msg/detail/bool_stamped__struct.h\n'}
[8.650973] (webots_ros2_msgs) StdoutLine: {'line': b'-- Symlinking: /home/cjayahansa/ros2N_ws/install/webots_ros2_msgs/include/webots_ros2_msgs/webots_ros2_msgs/msg/detail/bool_stamped__type_support.h\n'}
[8.660090] (webots_ros2_msgs) StdoutLine: {'line': b'-- Symlinking: /home/cjayahansa/ros2N_ws/install/webots_ros2_msgs/include/webots_ros2_msgs/webots_ros2_msgs/msg/detail/camera_recognition_object__functions.h\n'}
[8.669189] (webots_ros2_msgs) StdoutLine: {'line': b'-- Symlinking: /home/cjayahansa/ros2N_ws/install/webots_ros2_msgs/include/webots_ros2_msgs/webots_ros2_msgs/msg/detail/camera_recognition_object__struct.h\n'}
[8.678067] (webots_ros2_msgs) StdoutLine: {'line': b'-- Symlinking: /home/cjayahansa/ros2N_ws/install/webots_ros2_msgs/include/webots_ros2_msgs/webots_ros2_msgs/msg/detail/camera_recognition_object__type_support.h\n'}
[8.686720] (webots_ros2_msgs) StdoutLine: {'line': b'-- Symlinking: /home/cjayahansa/ros2N_ws/install/webots_ros2_msgs/include/webots_ros2_msgs/webots_ros2_msgs/msg/detail/camera_recognition_objects__functions.h\n'}
[8.695672] (webots_ros2_msgs) StdoutLine: {'line': b'-- Symlinking: /home/cjayahansa/ros2N_ws/install/webots_ros2_msgs/include/webots_ros2_msgs/webots_ros2_msgs/msg/detail/camera_recognition_objects__struct.h\n'}
[8.704993] (webots_ros2_msgs) StdoutLine: {'line': b'-- Symlinking: /home/cjayahansa/ros2N_ws/install/webots_ros2_msgs/include/webots_ros2_msgs/webots_ros2_msgs/msg/detail/camera_recognition_objects__type_support.h\n'}
[8.714293] (webots_ros2_msgs) StdoutLine: {'line': b'-- Symlinking: /home/cjayahansa/ros2N_ws/install/webots_ros2_msgs/include/webots_ros2_msgs/webots_ros2_msgs/msg/detail/float_stamped__functions.h\n'}
[8.723480] (webots_ros2_msgs) StdoutLine: {'line': b'-- Symlinking: /home/cjayahansa/ros2N_ws/install/webots_ros2_msgs/include/webots_ros2_msgs/webots_ros2_msgs/msg/detail/float_stamped__struct.h\n'}
[8.727569] (-) TimerEvent: {}
[8.732483] (webots_ros2_msgs) StdoutLine: {'line': b'-- Symlinking: /home/cjayahansa/ros2N_ws/install/webots_ros2_msgs/include/webots_ros2_msgs/webots_ros2_msgs/msg/detail/float_stamped__type_support.h\n'}
[8.742381] (webots_ros2_msgs) StdoutLine: {'line': b'-- Symlinking: /home/cjayahansa/ros2N_ws/install/webots_ros2_msgs/include/webots_ros2_msgs/webots_ros2_msgs/msg/detail/pen_ink_properties__functions.h\n'}
[8.752053] (webots_ros2_msgs) StdoutLine: {'line': b'-- Symlinking: /home/cjayahansa/ros2N_ws/install/webots_ros2_msgs/include/webots_ros2_msgs/webots_ros2_msgs/msg/detail/pen_ink_properties__struct.h\n'}
[8.761630] (webots_ros2_msgs) StdoutLine: {'line': b'-- Symlinking: /home/cjayahansa/ros2N_ws/install/webots_ros2_msgs/include/webots_ros2_msgs/webots_ros2_msgs/msg/detail/pen_ink_properties__type_support.h\n'}
[8.770272] (webots_ros2_msgs) StdoutLine: {'line': b'-- Symlinking: /home/cjayahansa/ros2N_ws/install/webots_ros2_msgs/include/webots_ros2_msgs/webots_ros2_msgs/msg/detail/string_stamped__functions.h\n'}
[8.779095] (webots_ros2_msgs) StdoutLine: {'line': b'-- Symlinking: /home/cjayahansa/ros2N_ws/install/webots_ros2_msgs/include/webots_ros2_msgs/webots_ros2_msgs/msg/detail/string_stamped__struct.h\n'}
[8.787905] (webots_ros2_msgs) StdoutLine: {'line': b'-- Symlinking: /home/cjayahansa/ros2N_ws/install/webots_ros2_msgs/include/webots_ros2_msgs/webots_ros2_msgs/msg/detail/string_stamped__type_support.h\n'}
[8.796981] (webots_ros2_msgs) StdoutLine: {'line': b'-- Symlinking: /home/cjayahansa/ros2N_ws/install/webots_ros2_msgs/include/webots_ros2_msgs/webots_ros2_msgs/msg/detail/urdf_robot__functions.h\n'}
[8.805741] (webots_ros2_msgs) StdoutLine: {'line': b'-- Symlinking: /home/cjayahansa/ros2N_ws/install/webots_ros2_msgs/include/webots_ros2_msgs/webots_ros2_msgs/msg/detail/urdf_robot__struct.h\n'}
[8.814584] (webots_ros2_msgs) StdoutLine: {'line': b'-- Symlinking: /home/cjayahansa/ros2N_ws/install/webots_ros2_msgs/include/webots_ros2_msgs/webots_ros2_msgs/msg/detail/urdf_robot__type_support.h\n'}
[8.823333] (webots_ros2_msgs) StdoutLine: {'line': b'-- Symlinking: /home/cjayahansa/ros2N_ws/install/webots_ros2_msgs/include/webots_ros2_msgs/webots_ros2_msgs/msg/float_stamped.h\n'}
[8.827722] (-) TimerEvent: {}
[8.832413] (webots_ros2_msgs) StdoutLine: {'line': b'-- Symlinking: /home/cjayahansa/ros2N_ws/install/webots_ros2_msgs/include/webots_ros2_msgs/webots_ros2_msgs/msg/pen_ink_properties.h\n'}
[8.841161] (webots_ros2_msgs) StdoutLine: {'line': b'-- Symlinking: /home/cjayahansa/ros2N_ws/install/webots_ros2_msgs/include/webots_ros2_msgs/webots_ros2_msgs/msg/rosidl_generator_c__visibility_control.h\n'}
[8.850065] (webots_ros2_msgs) StdoutLine: {'line': b'-- Symlinking: /home/cjayahansa/ros2N_ws/install/webots_ros2_msgs/include/webots_ros2_msgs/webots_ros2_msgs/msg/string_stamped.h\n'}
[8.859426] (webots_ros2_msgs) StdoutLine: {'line': b'-- Symlinking: /home/cjayahansa/ros2N_ws/install/webots_ros2_msgs/include/webots_ros2_msgs/webots_ros2_msgs/msg/urdf_robot.h\n'}
[8.869517] (webots_ros2_msgs) StdoutLine: {'line': b'-- Symlinking: /home/cjayahansa/ros2N_ws/install/webots_ros2_msgs/include/webots_ros2_msgs/webots_ros2_msgs/srv/detail/emitter_send_string__functions.h\n'}
[8.878893] (webots_ros2_msgs) StdoutLine: {'line': b'-- Symlinking: /home/cjayahansa/ros2N_ws/install/webots_ros2_msgs/include/webots_ros2_msgs/webots_ros2_msgs/srv/detail/emitter_send_string__struct.h\n'}
[8.888346] (webots_ros2_msgs) StdoutLine: {'line': b'-- Symlinking: /home/cjayahansa/ros2N_ws/install/webots_ros2_msgs/include/webots_ros2_msgs/webots_ros2_msgs/srv/detail/emitter_send_string__type_support.h\n'}
[8.898447] (webots_ros2_msgs) StdoutLine: {'line': b'-- Symlinking: /home/cjayahansa/ros2N_ws/install/webots_ros2_msgs/include/webots_ros2_msgs/webots_ros2_msgs/srv/detail/get_bool__functions.h\n'}
[8.907335] (webots_ros2_msgs) StdoutLine: {'line': b'-- Symlinking: /home/cjayahansa/ros2N_ws/install/webots_ros2_msgs/include/webots_ros2_msgs/webots_ros2_msgs/srv/detail/get_bool__struct.h\n'}
[8.916461] (webots_ros2_msgs) StdoutLine: {'line': b'-- Symlinking: /home/cjayahansa/ros2N_ws/install/webots_ros2_msgs/include/webots_ros2_msgs/webots_ros2_msgs/srv/detail/get_bool__type_support.h\n'}
[8.925840] (webots_ros2_msgs) StdoutLine: {'line': b'-- Symlinking: /home/cjayahansa/ros2N_ws/install/webots_ros2_msgs/include/webots_ros2_msgs/webots_ros2_msgs/srv/detail/set_string__functions.h\n'}
[8.927837] (-) TimerEvent: {}
[8.935057] (webots_ros2_msgs) StdoutLine: {'line': b'-- Symlinking: /home/cjayahansa/ros2N_ws/install/webots_ros2_msgs/include/webots_ros2_msgs/webots_ros2_msgs/srv/detail/set_string__struct.h\n'}
[8.943501] (webots_ros2_msgs) StdoutLine: {'line': b'-- Symlinking: /home/cjayahansa/ros2N_ws/install/webots_ros2_msgs/include/webots_ros2_msgs/webots_ros2_msgs/srv/detail/set_string__type_support.h\n'}
[8.952804] (webots_ros2_msgs) StdoutLine: {'line': b'-- Symlinking: /home/cjayahansa/ros2N_ws/install/webots_ros2_msgs/include/webots_ros2_msgs/webots_ros2_msgs/srv/detail/spawn_node_from_string__functions.h\n'}
[8.962002] (webots_ros2_msgs) StdoutLine: {'line': b'-- Symlinking: /home/cjayahansa/ros2N_ws/install/webots_ros2_msgs/include/webots_ros2_msgs/webots_ros2_msgs/srv/detail/spawn_node_from_string__struct.h\n'}
[8.970722] (webots_ros2_msgs) StdoutLine: {'line': b'-- Symlinking: /home/cjayahansa/ros2N_ws/install/webots_ros2_msgs/include/webots_ros2_msgs/webots_ros2_msgs/srv/detail/spawn_node_from_string__type_support.h\n'}
[8.979708] (webots_ros2_msgs) StdoutLine: {'line': b'-- Symlinking: /home/cjayahansa/ros2N_ws/install/webots_ros2_msgs/include/webots_ros2_msgs/webots_ros2_msgs/srv/detail/spawn_urdf_robot__functions.h\n'}
[8.988778] (webots_ros2_msgs) StdoutLine: {'line': b'-- Symlinking: /home/cjayahansa/ros2N_ws/install/webots_ros2_msgs/include/webots_ros2_msgs/webots_ros2_msgs/srv/detail/spawn_urdf_robot__struct.h\n'}
[8.998216] (webots_ros2_msgs) StdoutLine: {'line': b'-- Symlinking: /home/cjayahansa/ros2N_ws/install/webots_ros2_msgs/include/webots_ros2_msgs/webots_ros2_msgs/srv/detail/spawn_urdf_robot__type_support.h\n'}
[9.007372] (webots_ros2_msgs) StdoutLine: {'line': b'-- Symlinking: /home/cjayahansa/ros2N_ws/install/webots_ros2_msgs/include/webots_ros2_msgs/webots_ros2_msgs/srv/emitter_send_string.h\n'}
[9.016519] (webots_ros2_msgs) StdoutLine: {'line': b'-- Symlinking: /home/cjayahansa/ros2N_ws/install/webots_ros2_msgs/include/webots_ros2_msgs/webots_ros2_msgs/srv/get_bool.h\n'}
[9.025431] (webots_ros2_msgs) StdoutLine: {'line': b'-- Symlinking: /home/cjayahansa/ros2N_ws/install/webots_ros2_msgs/include/webots_ros2_msgs/webots_ros2_msgs/srv/set_string.h\n'}
[9.027960] (-) TimerEvent: {}
[9.034629] (webots_ros2_msgs) StdoutLine: {'line': b'-- Symlinking: /home/cjayahansa/ros2N_ws/install/webots_ros2_msgs/include/webots_ros2_msgs/webots_ros2_msgs/srv/spawn_node_from_string.h\n'}
[9.043826] (webots_ros2_msgs) StdoutLine: {'line': b'-- Symlinking: /home/cjayahansa/ros2N_ws/install/webots_ros2_msgs/include/webots_ros2_msgs/webots_ros2_msgs/srv/spawn_urdf_robot.h\n'}
[9.054123] (webots_ros2_msgs) StdoutLine: {'line': b'-- Symlinking: /home/cjayahansa/ros2N_ws/install/webots_ros2_msgs/share/webots_ros2_msgs/environment/library_path.sh\n'}
[9.063447] (webots_ros2_msgs) StdoutLine: {'line': b'-- Symlinking: /home/cjayahansa/ros2N_ws/install/webots_ros2_msgs/share/webots_ros2_msgs/environment/library_path.dsv\n'}
[9.073855] (webots_ros2_msgs) StdoutLine: {'line': b'-- Symlinking: /home/cjayahansa/ros2N_ws/install/webots_ros2_msgs/include/webots_ros2_msgs/webots_ros2_msgs/msg/detail/bool_stamped__rosidl_typesupport_fastrtps_c.h\n'}
[9.083280] (webots_ros2_msgs) StdoutLine: {'line': b'-- Symlinking: /home/cjayahansa/ros2N_ws/install/webots_ros2_msgs/include/webots_ros2_msgs/webots_ros2_msgs/msg/detail/camera_recognition_object__rosidl_typesupport_fastrtps_c.h\n'}
[9.092204] (webots_ros2_msgs) StdoutLine: {'line': b'-- Symlinking: /home/cjayahansa/ros2N_ws/install/webots_ros2_msgs/include/webots_ros2_msgs/webots_ros2_msgs/msg/detail/camera_recognition_objects__rosidl_typesupport_fastrtps_c.h\n'}
[9.101598] (webots_ros2_msgs) StdoutLine: {'line': b'-- Symlinking: /home/cjayahansa/ros2N_ws/install/webots_ros2_msgs/include/webots_ros2_msgs/webots_ros2_msgs/msg/detail/float_stamped__rosidl_typesupport_fastrtps_c.h\n'}
[9.110901] (webots_ros2_msgs) StdoutLine: {'line': b'-- Symlinking: /home/cjayahansa/ros2N_ws/install/webots_ros2_msgs/include/webots_ros2_msgs/webots_ros2_msgs/msg/detail/pen_ink_properties__rosidl_typesupport_fastrtps_c.h\n'}
[9.120391] (webots_ros2_msgs) StdoutLine: {'line': b'-- Symlinking: /home/cjayahansa/ros2N_ws/install/webots_ros2_msgs/include/webots_ros2_msgs/webots_ros2_msgs/msg/detail/string_stamped__rosidl_typesupport_fastrtps_c.h\n'}
[9.128111] (-) TimerEvent: {}
[9.129155] (webots_ros2_msgs) StdoutLine: {'line': b'-- Symlinking: /home/cjayahansa/ros2N_ws/install/webots_ros2_msgs/include/webots_ros2_msgs/webots_ros2_msgs/msg/detail/urdf_robot__rosidl_typesupport_fastrtps_c.h\n'}
[9.138133] (webots_ros2_msgs) StdoutLine: {'line': b'-- Symlinking: /home/cjayahansa/ros2N_ws/install/webots_ros2_msgs/include/webots_ros2_msgs/webots_ros2_msgs/msg/rosidl_typesupport_fastrtps_c__visibility_control.h\n'}
[9.147064] (webots_ros2_msgs) StdoutLine: {'line': b'-- Symlinking: /home/cjayahansa/ros2N_ws/install/webots_ros2_msgs/include/webots_ros2_msgs/webots_ros2_msgs/srv/detail/emitter_send_string__rosidl_typesupport_fastrtps_c.h\n'}
[9.155889] (webots_ros2_msgs) StdoutLine: {'line': b'-- Symlinking: /home/cjayahansa/ros2N_ws/install/webots_ros2_msgs/include/webots_ros2_msgs/webots_ros2_msgs/srv/detail/get_bool__rosidl_typesupport_fastrtps_c.h\n'}
[9.165390] (webots_ros2_msgs) StdoutLine: {'line': b'-- Symlinking: /home/cjayahansa/ros2N_ws/install/webots_ros2_msgs/include/webots_ros2_msgs/webots_ros2_msgs/srv/detail/set_string__rosidl_typesupport_fastrtps_c.h\n'}
[9.174569] (webots_ros2_msgs) StdoutLine: {'line': b'-- Symlinking: /home/cjayahansa/ros2N_ws/install/webots_ros2_msgs/include/webots_ros2_msgs/webots_ros2_msgs/srv/detail/spawn_node_from_string__rosidl_typesupport_fastrtps_c.h\n'}
[9.183897] (webots_ros2_msgs) StdoutLine: {'line': b'-- Symlinking: /home/cjayahansa/ros2N_ws/install/webots_ros2_msgs/include/webots_ros2_msgs/webots_ros2_msgs/srv/detail/spawn_urdf_robot__rosidl_typesupport_fastrtps_c.h\n'}
[9.194584] (webots_ros2_msgs) StdoutLine: {'line': b'-- Symlinking: /home/cjayahansa/ros2N_ws/install/webots_ros2_msgs/include/webots_ros2_msgs/webots_ros2_msgs/msg/bool_stamped.hpp\n'}
[9.203351] (webots_ros2_msgs) StdoutLine: {'line': b'-- Symlinking: /home/cjayahansa/ros2N_ws/install/webots_ros2_msgs/include/webots_ros2_msgs/webots_ros2_msgs/msg/camera_recognition_object.hpp\n'}
[9.212726] (webots_ros2_msgs) StdoutLine: {'line': b'-- Symlinking: /home/cjayahansa/ros2N_ws/install/webots_ros2_msgs/include/webots_ros2_msgs/webots_ros2_msgs/msg/camera_recognition_objects.hpp\n'}
[9.222036] (webots_ros2_msgs) StdoutLine: {'line': b'-- Symlinking: /home/cjayahansa/ros2N_ws/install/webots_ros2_msgs/include/webots_ros2_msgs/webots_ros2_msgs/msg/detail/bool_stamped__builder.hpp\n'}
[9.228265] (-) TimerEvent: {}
[9.231620] (webots_ros2_msgs) StdoutLine: {'line': b'-- Symlinking: /home/cjayahansa/ros2N_ws/install/webots_ros2_msgs/include/webots_ros2_msgs/webots_ros2_msgs/msg/detail/bool_stamped__struct.hpp\n'}
[9.241224] (webots_ros2_msgs) StdoutLine: {'line': b'-- Symlinking: /home/cjayahansa/ros2N_ws/install/webots_ros2_msgs/include/webots_ros2_msgs/webots_ros2_msgs/msg/detail/bool_stamped__traits.hpp\n'}
[9.251154] (webots_ros2_msgs) StdoutLine: {'line': b'-- Symlinking: /home/cjayahansa/ros2N_ws/install/webots_ros2_msgs/include/webots_ros2_msgs/webots_ros2_msgs/msg/detail/bool_stamped__type_support.hpp\n'}
[9.261497] (webots_ros2_msgs) StdoutLine: {'line': b'-- Symlinking: /home/cjayahansa/ros2N_ws/install/webots_ros2_msgs/include/webots_ros2_msgs/webots_ros2_msgs/msg/detail/camera_recognition_object__builder.hpp\n'}
[9.272065] (webots_ros2_msgs) StdoutLine: {'line': b'-- Symlinking: /home/cjayahansa/ros2N_ws/install/webots_ros2_msgs/include/webots_ros2_msgs/webots_ros2_msgs/msg/detail/camera_recognition_object__struct.hpp\n'}
[9.281908] (webots_ros2_msgs) StdoutLine: {'line': b'-- Symlinking: /home/cjayahansa/ros2N_ws/install/webots_ros2_msgs/include/webots_ros2_msgs/webots_ros2_msgs/msg/detail/camera_recognition_object__traits.hpp\n'}
[9.290874] (webots_ros2_msgs) StdoutLine: {'line': b'-- Symlinking: /home/cjayahansa/ros2N_ws/install/webots_ros2_msgs/include/webots_ros2_msgs/webots_ros2_msgs/msg/detail/camera_recognition_object__type_support.hpp\n'}
[9.299733] (webots_ros2_msgs) StdoutLine: {'line': b'-- Symlinking: /home/cjayahansa/ros2N_ws/install/webots_ros2_msgs/include/webots_ros2_msgs/webots_ros2_msgs/msg/detail/camera_recognition_objects__builder.hpp\n'}
[9.309428] (webots_ros2_msgs) StdoutLine: {'line': b'-- Symlinking: /home/cjayahansa/ros2N_ws/install/webots_ros2_msgs/include/webots_ros2_msgs/webots_ros2_msgs/msg/detail/camera_recognition_objects__struct.hpp\n'}
[9.318592] (webots_ros2_msgs) StdoutLine: {'line': b'-- Symlinking: /home/cjayahansa/ros2N_ws/install/webots_ros2_msgs/include/webots_ros2_msgs/webots_ros2_msgs/msg/detail/camera_recognition_objects__traits.hpp\n'}
[9.327590] (webots_ros2_msgs) StdoutLine: {'line': b'-- Symlinking: /home/cjayahansa/ros2N_ws/install/webots_ros2_msgs/include/webots_ros2_msgs/webots_ros2_msgs/msg/detail/camera_recognition_objects__type_support.hpp\n'}
[9.328399] (-) TimerEvent: {}
[9.337582] (webots_ros2_msgs) StdoutLine: {'line': b'-- Symlinking: /home/cjayahansa/ros2N_ws/install/webots_ros2_msgs/include/webots_ros2_msgs/webots_ros2_msgs/msg/detail/float_stamped__builder.hpp\n'}
[9.347349] (webots_ros2_msgs) StdoutLine: {'line': b'-- Symlinking: /home/cjayahansa/ros2N_ws/install/webots_ros2_msgs/include/webots_ros2_msgs/webots_ros2_msgs/msg/detail/float_stamped__struct.hpp\n'}
[9.357387] (webots_ros2_msgs) StdoutLine: {'line': b'-- Symlinking: /home/cjayahansa/ros2N_ws/install/webots_ros2_msgs/include/webots_ros2_msgs/webots_ros2_msgs/msg/detail/float_stamped__traits.hpp\n'}
[9.366745] (webots_ros2_msgs) StdoutLine: {'line': b'-- Symlinking: /home/cjayahansa/ros2N_ws/install/webots_ros2_msgs/include/webots_ros2_msgs/webots_ros2_msgs/msg/detail/float_stamped__type_support.hpp\n'}
[9.376002] (webots_ros2_msgs) StdoutLine: {'line': b'-- Symlinking: /home/cjayahansa/ros2N_ws/install/webots_ros2_msgs/include/webots_ros2_msgs/webots_ros2_msgs/msg/detail/pen_ink_properties__builder.hpp\n'}
[9.386190] (webots_ros2_msgs) StdoutLine: {'line': b'-- Symlinking: /home/cjayahansa/ros2N_ws/install/webots_ros2_msgs/include/webots_ros2_msgs/webots_ros2_msgs/msg/detail/pen_ink_properties__struct.hpp\n'}
[9.395574] (webots_ros2_msgs) StdoutLine: {'line': b'-- Symlinking: /home/cjayahansa/ros2N_ws/install/webots_ros2_msgs/include/webots_ros2_msgs/webots_ros2_msgs/msg/detail/pen_ink_properties__traits.hpp\n'}
[9.405055] (webots_ros2_msgs) StdoutLine: {'line': b'-- Symlinking: /home/cjayahansa/ros2N_ws/install/webots_ros2_msgs/include/webots_ros2_msgs/webots_ros2_msgs/msg/detail/pen_ink_properties__type_support.hpp\n'}
[9.414479] (webots_ros2_msgs) StdoutLine: {'line': b'-- Symlinking: /home/cjayahansa/ros2N_ws/install/webots_ros2_msgs/include/webots_ros2_msgs/webots_ros2_msgs/msg/detail/string_stamped__builder.hpp\n'}
[9.424011] (webots_ros2_msgs) StdoutLine: {'line': b'-- Symlinking: /home/cjayahansa/ros2N_ws/install/webots_ros2_msgs/include/webots_ros2_msgs/webots_ros2_msgs/msg/detail/string_stamped__struct.hpp\n'}
[9.428545] (-) TimerEvent: {}
[9.434074] (webots_ros2_msgs) StdoutLine: {'line': b'-- Symlinking: /home/cjayahansa/ros2N_ws/install/webots_ros2_msgs/include/webots_ros2_msgs/webots_ros2_msgs/msg/detail/string_stamped__traits.hpp\n'}
[9.444241] (webots_ros2_msgs) StdoutLine: {'line': b'-- Symlinking: /home/cjayahansa/ros2N_ws/install/webots_ros2_msgs/include/webots_ros2_msgs/webots_ros2_msgs/msg/detail/string_stamped__type_support.hpp\n'}
[9.453455] (webots_ros2_msgs) StdoutLine: {'line': b'-- Symlinking: /home/cjayahansa/ros2N_ws/install/webots_ros2_msgs/include/webots_ros2_msgs/webots_ros2_msgs/msg/detail/urdf_robot__builder.hpp\n'}
[9.464019] (webots_ros2_msgs) StdoutLine: {'line': b'-- Symlinking: /home/cjayahansa/ros2N_ws/install/webots_ros2_msgs/include/webots_ros2_msgs/webots_ros2_msgs/msg/detail/urdf_robot__struct.hpp\n'}
[9.473041] (webots_ros2_msgs) StdoutLine: {'line': b'-- Symlinking: /home/cjayahansa/ros2N_ws/install/webots_ros2_msgs/include/webots_ros2_msgs/webots_ros2_msgs/msg/detail/urdf_robot__traits.hpp\n'}
[9.482118] (webots_ros2_msgs) StdoutLine: {'line': b'-- Symlinking: /home/cjayahansa/ros2N_ws/install/webots_ros2_msgs/include/webots_ros2_msgs/webots_ros2_msgs/msg/detail/urdf_robot__type_support.hpp\n'}
[9.491133] (webots_ros2_msgs) StdoutLine: {'line': b'-- Symlinking: /home/cjayahansa/ros2N_ws/install/webots_ros2_msgs/include/webots_ros2_msgs/webots_ros2_msgs/msg/float_stamped.hpp\n'}
[9.500401] (webots_ros2_msgs) StdoutLine: {'line': b'-- Symlinking: /home/cjayahansa/ros2N_ws/install/webots_ros2_msgs/include/webots_ros2_msgs/webots_ros2_msgs/msg/pen_ink_properties.hpp\n'}
[9.509901] (webots_ros2_msgs) StdoutLine: {'line': b'-- Symlinking: /home/cjayahansa/ros2N_ws/install/webots_ros2_msgs/include/webots_ros2_msgs/webots_ros2_msgs/msg/rosidl_generator_cpp__visibility_control.hpp\n'}
[9.519038] (webots_ros2_msgs) StdoutLine: {'line': b'-- Symlinking: /home/cjayahansa/ros2N_ws/install/webots_ros2_msgs/include/webots_ros2_msgs/webots_ros2_msgs/msg/string_stamped.hpp\n'}
[9.527611] (webots_ros2_msgs) StdoutLine: {'line': b'-- Symlinking: /home/cjayahansa/ros2N_ws/install/webots_ros2_msgs/include/webots_ros2_msgs/webots_ros2_msgs/msg/urdf_robot.hpp\n'}
[9.528646] (-) TimerEvent: {}
[9.537315] (webots_ros2_msgs) StdoutLine: {'line': b'-- Symlinking: /home/cjayahansa/ros2N_ws/install/webots_ros2_msgs/include/webots_ros2_msgs/webots_ros2_msgs/srv/detail/emitter_send_string__builder.hpp\n'}
[9.546957] (webots_ros2_msgs) StdoutLine: {'line': b'-- Symlinking: /home/cjayahansa/ros2N_ws/install/webots_ros2_msgs/include/webots_ros2_msgs/webots_ros2_msgs/srv/detail/emitter_send_string__struct.hpp\n'}
[9.561211] (webots_ros2_msgs) StdoutLine: {'line': b'-- Symlinking: /home/cjayahansa/ros2N_ws/install/webots_ros2_msgs/include/webots_ros2_msgs/webots_ros2_msgs/srv/detail/emitter_send_string__traits.hpp\n'}
[9.575041] (webots_ros2_msgs) StdoutLine: {'line': b'-- Symlinking: /home/cjayahansa/ros2N_ws/install/webots_ros2_msgs/include/webots_ros2_msgs/webots_ros2_msgs/srv/detail/emitter_send_string__type_support.hpp\n'}
[9.588014] (webots_ros2_msgs) StdoutLine: {'line': b'-- Symlinking: /home/cjayahansa/ros2N_ws/install/webots_ros2_msgs/include/webots_ros2_msgs/webots_ros2_msgs/srv/detail/get_bool__builder.hpp\n'}
[9.598628] (webots_ros2_msgs) StdoutLine: {'line': b'-- Symlinking: /home/cjayahansa/ros2N_ws/install/webots_ros2_msgs/include/webots_ros2_msgs/webots_ros2_msgs/srv/detail/get_bool__struct.hpp\n'}
[9.611479] (webots_ros2_msgs) StdoutLine: {'line': b'-- Symlinking: /home/cjayahansa/ros2N_ws/install/webots_ros2_msgs/include/webots_ros2_msgs/webots_ros2_msgs/srv/detail/get_bool__traits.hpp\n'}
[9.621408] (webots_ros2_msgs) StdoutLine: {'line': b'-- Symlinking: /home/cjayahansa/ros2N_ws/install/webots_ros2_msgs/include/webots_ros2_msgs/webots_ros2_msgs/srv/detail/get_bool__type_support.hpp\n'}
[9.628815] (-) TimerEvent: {}
[9.631145] (webots_ros2_msgs) StdoutLine: {'line': b'-- Symlinking: /home/cjayahansa/ros2N_ws/install/webots_ros2_msgs/include/webots_ros2_msgs/webots_ros2_msgs/srv/detail/set_string__builder.hpp\n'}
[9.640896] (webots_ros2_msgs) StdoutLine: {'line': b'-- Symlinking: /home/cjayahansa/ros2N_ws/install/webots_ros2_msgs/include/webots_ros2_msgs/webots_ros2_msgs/srv/detail/set_string__struct.hpp\n'}
[9.650267] (webots_ros2_msgs) StdoutLine: {'line': b'-- Symlinking: /home/cjayahansa/ros2N_ws/install/webots_ros2_msgs/include/webots_ros2_msgs/webots_ros2_msgs/srv/detail/set_string__traits.hpp\n'}
[9.660300] (webots_ros2_msgs) StdoutLine: {'line': b'-- Symlinking: /home/cjayahansa/ros2N_ws/install/webots_ros2_msgs/include/webots_ros2_msgs/webots_ros2_msgs/srv/detail/set_string__type_support.hpp\n'}
[9.669585] (webots_ros2_msgs) StdoutLine: {'line': b'-- Symlinking: /home/cjayahansa/ros2N_ws/install/webots_ros2_msgs/include/webots_ros2_msgs/webots_ros2_msgs/srv/detail/spawn_node_from_string__builder.hpp\n'}
[9.678757] (webots_ros2_msgs) StdoutLine: {'line': b'-- Symlinking: /home/cjayahansa/ros2N_ws/install/webots_ros2_msgs/include/webots_ros2_msgs/webots_ros2_msgs/srv/detail/spawn_node_from_string__struct.hpp\n'}
[9.687753] (webots_ros2_msgs) StdoutLine: {'line': b'-- Symlinking: /home/cjayahansa/ros2N_ws/install/webots_ros2_msgs/include/webots_ros2_msgs/webots_ros2_msgs/srv/detail/spawn_node_from_string__traits.hpp\n'}
[9.697216] (webots_ros2_msgs) StdoutLine: {'line': b'-- Symlinking: /home/cjayahansa/ros2N_ws/install/webots_ros2_msgs/include/webots_ros2_msgs/webots_ros2_msgs/srv/detail/spawn_node_from_string__type_support.hpp\n'}
[9.705822] (webots_ros2_msgs) StdoutLine: {'line': b'-- Symlinking: /home/cjayahansa/ros2N_ws/install/webots_ros2_msgs/include/webots_ros2_msgs/webots_ros2_msgs/srv/detail/spawn_urdf_robot__builder.hpp\n'}
[9.714861] (webots_ros2_msgs) StdoutLine: {'line': b'-- Symlinking: /home/cjayahansa/ros2N_ws/install/webots_ros2_msgs/include/webots_ros2_msgs/webots_ros2_msgs/srv/detail/spawn_urdf_robot__struct.hpp\n'}
[9.724028] (webots_ros2_msgs) StdoutLine: {'line': b'-- Symlinking: /home/cjayahansa/ros2N_ws/install/webots_ros2_msgs/include/webots_ros2_msgs/webots_ros2_msgs/srv/detail/spawn_urdf_robot__traits.hpp\n'}
[9.728888] (-) TimerEvent: {}
[9.733164] (webots_ros2_msgs) StdoutLine: {'line': b'-- Symlinking: /home/cjayahansa/ros2N_ws/install/webots_ros2_msgs/include/webots_ros2_msgs/webots_ros2_msgs/srv/detail/spawn_urdf_robot__type_support.hpp\n'}
[9.742030] (webots_ros2_msgs) StdoutLine: {'line': b'-- Symlinking: /home/cjayahansa/ros2N_ws/install/webots_ros2_msgs/include/webots_ros2_msgs/webots_ros2_msgs/srv/emitter_send_string.hpp\n'}
[9.751308] (webots_ros2_msgs) StdoutLine: {'line': b'-- Symlinking: /home/cjayahansa/ros2N_ws/install/webots_ros2_msgs/include/webots_ros2_msgs/webots_ros2_msgs/srv/get_bool.hpp\n'}
[9.761675] (webots_ros2_msgs) StdoutLine: {'line': b'-- Symlinking: /home/cjayahansa/ros2N_ws/install/webots_ros2_msgs/include/webots_ros2_msgs/webots_ros2_msgs/srv/set_string.hpp\n'}
[9.770906] (webots_ros2_msgs) StdoutLine: {'line': b'-- Symlinking: /home/cjayahansa/ros2N_ws/install/webots_ros2_msgs/include/webots_ros2_msgs/webots_ros2_msgs/srv/spawn_node_from_string.hpp\n'}
[9.780635] (webots_ros2_msgs) StdoutLine: {'line': b'-- Symlinking: /home/cjayahansa/ros2N_ws/install/webots_ros2_msgs/include/webots_ros2_msgs/webots_ros2_msgs/srv/spawn_urdf_robot.hpp\n'}
[9.791802] (webots_ros2_msgs) StdoutLine: {'line': b'-- Symlinking: /home/cjayahansa/ros2N_ws/install/webots_ros2_msgs/include/webots_ros2_msgs/webots_ros2_msgs/msg/detail/bool_stamped__rosidl_typesupport_fastrtps_cpp.hpp\n'}
[9.801039] (webots_ros2_msgs) StdoutLine: {'line': b'-- Symlinking: /home/cjayahansa/ros2N_ws/install/webots_ros2_msgs/include/webots_ros2_msgs/webots_ros2_msgs/msg/detail/camera_recognition_object__rosidl_typesupport_fastrtps_cpp.hpp\n'}
[9.810448] (webots_ros2_msgs) StdoutLine: {'line': b'-- Symlinking: /home/cjayahansa/ros2N_ws/install/webots_ros2_msgs/include/webots_ros2_msgs/webots_ros2_msgs/msg/detail/camera_recognition_objects__rosidl_typesupport_fastrtps_cpp.hpp\n'}
[9.819946] (webots_ros2_msgs) StdoutLine: {'line': b'-- Symlinking: /home/cjayahansa/ros2N_ws/install/webots_ros2_msgs/include/webots_ros2_msgs/webots_ros2_msgs/msg/detail/float_stamped__rosidl_typesupport_fastrtps_cpp.hpp\n'}
[9.828844] (webots_ros2_msgs) StdoutLine: {'line': b'-- Symlinking: /home/cjayahansa/ros2N_ws/install/webots_ros2_msgs/include/webots_ros2_msgs/webots_ros2_msgs/msg/detail/pen_ink_properties__rosidl_typesupport_fastrtps_cpp.hpp\n'}
[9.828975] (-) TimerEvent: {}
[9.838016] (webots_ros2_msgs) StdoutLine: {'line': b'-- Symlinking: /home/cjayahansa/ros2N_ws/install/webots_ros2_msgs/include/webots_ros2_msgs/webots_ros2_msgs/msg/detail/string_stamped__rosidl_typesupport_fastrtps_cpp.hpp\n'}
[9.847281] (webots_ros2_msgs) StdoutLine: {'line': b'-- Symlinking: /home/cjayahansa/ros2N_ws/install/webots_ros2_msgs/include/webots_ros2_msgs/webots_ros2_msgs/msg/detail/urdf_robot__rosidl_typesupport_fastrtps_cpp.hpp\n'}
[9.856129] (webots_ros2_msgs) StdoutLine: {'line': b'-- Symlinking: /home/cjayahansa/ros2N_ws/install/webots_ros2_msgs/include/webots_ros2_msgs/webots_ros2_msgs/msg/rosidl_typesupport_fastrtps_cpp__visibility_control.h\n'}
[9.865346] (webots_ros2_msgs) StdoutLine: {'line': b'-- Symlinking: /home/cjayahansa/ros2N_ws/install/webots_ros2_msgs/include/webots_ros2_msgs/webots_ros2_msgs/srv/detail/emitter_send_string__rosidl_typesupport_fastrtps_cpp.hpp\n'}
[9.875389] (webots_ros2_msgs) StdoutLine: {'line': b'-- Symlinking: /home/cjayahansa/ros2N_ws/install/webots_ros2_msgs/include/webots_ros2_msgs/webots_ros2_msgs/srv/detail/get_bool__rosidl_typesupport_fastrtps_cpp.hpp\n'}
[9.885353] (webots_ros2_msgs) StdoutLine: {'line': b'-- Symlinking: /home/cjayahansa/ros2N_ws/install/webots_ros2_msgs/include/webots_ros2_msgs/webots_ros2_msgs/srv/detail/set_string__rosidl_typesupport_fastrtps_cpp.hpp\n'}
[9.896050] (webots_ros2_msgs) StdoutLine: {'line': b'-- Symlinking: /home/cjayahansa/ros2N_ws/install/webots_ros2_msgs/include/webots_ros2_msgs/webots_ros2_msgs/srv/detail/spawn_node_from_string__rosidl_typesupport_fastrtps_cpp.hpp\n'}
[9.905169] (webots_ros2_msgs) StdoutLine: {'line': b'-- Symlinking: /home/cjayahansa/ros2N_ws/install/webots_ros2_msgs/include/webots_ros2_msgs/webots_ros2_msgs/srv/detail/spawn_urdf_robot__rosidl_typesupport_fastrtps_cpp.hpp\n'}
[9.915721] (webots_ros2_msgs) StdoutLine: {'line': b'-- Symlinking: /home/cjayahansa/ros2N_ws/install/webots_ros2_msgs/include/webots_ros2_msgs/webots_ros2_msgs/msg/detail/bool_stamped__rosidl_typesupport_introspection_c.h\n'}
[9.925159] (webots_ros2_msgs) StdoutLine: {'line': b'-- Symlinking: /home/cjayahansa/ros2N_ws/install/webots_ros2_msgs/include/webots_ros2_msgs/webots_ros2_msgs/msg/detail/camera_recognition_object__rosidl_typesupport_introspection_c.h\n'}
[9.929115] (-) TimerEvent: {}
[9.934840] (webots_ros2_msgs) StdoutLine: {'line': b'-- Symlinking: /home/cjayahansa/ros2N_ws/install/webots_ros2_msgs/include/webots_ros2_msgs/webots_ros2_msgs/msg/detail/camera_recognition_objects__rosidl_typesupport_introspection_c.h\n'}
[9.945118] (webots_ros2_msgs) StdoutLine: {'line': b'-- Symlinking: /home/cjayahansa/ros2N_ws/install/webots_ros2_msgs/include/webots_ros2_msgs/webots_ros2_msgs/msg/detail/float_stamped__rosidl_typesupport_introspection_c.h\n'}
[9.954742] (webots_ros2_msgs) StdoutLine: {'line': b'-- Symlinking: /home/cjayahansa/ros2N_ws/install/webots_ros2_msgs/include/webots_ros2_msgs/webots_ros2_msgs/msg/detail/pen_ink_properties__rosidl_typesupport_introspection_c.h\n'}
[9.963899] (webots_ros2_msgs) StdoutLine: {'line': b'-- Symlinking: /home/cjayahansa/ros2N_ws/install/webots_ros2_msgs/include/webots_ros2_msgs/webots_ros2_msgs/msg/detail/string_stamped__rosidl_typesupport_introspection_c.h\n'}
[9.973357] (webots_ros2_msgs) StdoutLine: {'line': b'-- Symlinking: /home/cjayahansa/ros2N_ws/install/webots_ros2_msgs/include/webots_ros2_msgs/webots_ros2_msgs/msg/detail/urdf_robot__rosidl_typesupport_introspection_c.h\n'}
[9.982580] (webots_ros2_msgs) StdoutLine: {'line': b'-- Symlinking: /home/cjayahansa/ros2N_ws/install/webots_ros2_msgs/include/webots_ros2_msgs/webots_ros2_msgs/msg/rosidl_typesupport_introspection_c__visibility_control.h\n'}
[9.991955] (webots_ros2_msgs) StdoutLine: {'line': b'-- Symlinking: /home/cjayahansa/ros2N_ws/install/webots_ros2_msgs/include/webots_ros2_msgs/webots_ros2_msgs/srv/detail/emitter_send_string__rosidl_typesupport_introspection_c.h\n'}
[10.001699] (webots_ros2_msgs) StdoutLine: {'line': b'-- Symlinking: /home/cjayahansa/ros2N_ws/install/webots_ros2_msgs/include/webots_ros2_msgs/webots_ros2_msgs/srv/detail/get_bool__rosidl_typesupport_introspection_c.h\n'}
[10.012096] (webots_ros2_msgs) StdoutLine: {'line': b'-- Symlinking: /home/cjayahansa/ros2N_ws/install/webots_ros2_msgs/include/webots_ros2_msgs/webots_ros2_msgs/srv/detail/set_string__rosidl_typesupport_introspection_c.h\n'}
[10.020955] (webots_ros2_msgs) StdoutLine: {'line': b'-- Symlinking: /home/cjayahansa/ros2N_ws/install/webots_ros2_msgs/include/webots_ros2_msgs/webots_ros2_msgs/srv/detail/spawn_node_from_string__rosidl_typesupport_introspection_c.h\n'}
[10.029270] (-) TimerEvent: {}
[10.030702] (webots_ros2_msgs) StdoutLine: {'line': b'-- Symlinking: /home/cjayahansa/ros2N_ws/install/webots_ros2_msgs/include/webots_ros2_msgs/webots_ros2_msgs/srv/detail/spawn_urdf_robot__rosidl_typesupport_introspection_c.h\n'}
[10.040384] (webots_ros2_msgs) StdoutLine: {'line': b'-- Symlinking: /home/cjayahansa/ros2N_ws/install/webots_ros2_msgs/include/webots_ros2_msgs/webots_ros2_msgs/msg/detail/bool_stamped__rosidl_typesupport_introspection_cpp.hpp\n'}
[10.049922] (webots_ros2_msgs) StdoutLine: {'line': b'-- Symlinking: /home/cjayahansa/ros2N_ws/install/webots_ros2_msgs/include/webots_ros2_msgs/webots_ros2_msgs/msg/detail/camera_recognition_object__rosidl_typesupport_introspection_cpp.hpp\n'}
[10.058779] (webots_ros2_msgs) StdoutLine: {'line': b'-- Symlinking: /home/cjayahansa/ros2N_ws/install/webots_ros2_msgs/include/webots_ros2_msgs/webots_ros2_msgs/msg/detail/camera_recognition_objects__rosidl_typesupport_introspection_cpp.hpp\n'}
[10.068029] (webots_ros2_msgs) StdoutLine: {'line': b'-- Symlinking: /home/cjayahansa/ros2N_ws/install/webots_ros2_msgs/include/webots_ros2_msgs/webots_ros2_msgs/msg/detail/float_stamped__rosidl_typesupport_introspection_cpp.hpp\n'}
[10.078298] (webots_ros2_msgs) StdoutLine: {'line': b'-- Symlinking: /home/cjayahansa/ros2N_ws/install/webots_ros2_msgs/include/webots_ros2_msgs/webots_ros2_msgs/msg/detail/pen_ink_properties__rosidl_typesupport_introspection_cpp.hpp\n'}
[10.087838] (webots_ros2_msgs) StdoutLine: {'line': b'-- Symlinking: /home/cjayahansa/ros2N_ws/install/webots_ros2_msgs/include/webots_ros2_msgs/webots_ros2_msgs/msg/detail/string_stamped__rosidl_typesupport_introspection_cpp.hpp\n'}
[10.096786] (webots_ros2_msgs) StdoutLine: {'line': b'-- Symlinking: /home/cjayahansa/ros2N_ws/install/webots_ros2_msgs/include/webots_ros2_msgs/webots_ros2_msgs/msg/detail/urdf_robot__rosidl_typesupport_introspection_cpp.hpp\n'}
[10.105972] (webots_ros2_msgs) StdoutLine: {'line': b'-- Symlinking: /home/cjayahansa/ros2N_ws/install/webots_ros2_msgs/include/webots_ros2_msgs/webots_ros2_msgs/srv/detail/emitter_send_string__rosidl_typesupport_introspection_cpp.hpp\n'}
[10.114941] (webots_ros2_msgs) StdoutLine: {'line': b'-- Symlinking: /home/cjayahansa/ros2N_ws/install/webots_ros2_msgs/include/webots_ros2_msgs/webots_ros2_msgs/srv/detail/get_bool__rosidl_typesupport_introspection_cpp.hpp\n'}
[10.124481] (webots_ros2_msgs) StdoutLine: {'line': b'-- Symlinking: /home/cjayahansa/ros2N_ws/install/webots_ros2_msgs/include/webots_ros2_msgs/webots_ros2_msgs/srv/detail/set_string__rosidl_typesupport_introspection_cpp.hpp\n'}
[10.129389] (-) TimerEvent: {}
[10.133856] (webots_ros2_msgs) StdoutLine: {'line': b'-- Symlinking: /home/cjayahansa/ros2N_ws/install/webots_ros2_msgs/include/webots_ros2_msgs/webots_ros2_msgs/srv/detail/spawn_node_from_string__rosidl_typesupport_introspection_cpp.hpp\n'}
[10.143127] (webots_ros2_msgs) StdoutLine: {'line': b'-- Symlinking: /home/cjayahansa/ros2N_ws/install/webots_ros2_msgs/include/webots_ros2_msgs/webots_ros2_msgs/srv/detail/spawn_urdf_robot__rosidl_typesupport_introspection_cpp.hpp\n'}
[10.152390] (webots_ros2_msgs) StdoutLine: {'line': b'-- Symlinking: /home/cjayahansa/ros2N_ws/install/webots_ros2_msgs/share/webots_ros2_msgs/environment/pythonpath.sh\n'}
[10.161789] (webots_ros2_msgs) StdoutLine: {'line': b'-- Symlinking: /home/cjayahansa/ros2N_ws/install/webots_ros2_msgs/share/webots_ros2_msgs/environment/pythonpath.dsv\n'}
[10.171405] (webots_ros2_msgs) StdoutLine: {'line': b'-- Symlinking: /home/cjayahansa/ros2N_ws/install/webots_ros2_msgs/local/lib/python3.10/dist-packages/webots_ros2_msgs-2025.0.1-py3.10.egg-info/PKG-INFO\n'}
[10.181294] (webots_ros2_msgs) StdoutLine: {'line': b'-- Symlinking: /home/cjayahansa/ros2N_ws/install/webots_ros2_msgs/local/lib/python3.10/dist-packages/webots_ros2_msgs-2025.0.1-py3.10.egg-info/SOURCES.txt\n'}
[10.190936] (webots_ros2_msgs) StdoutLine: {'line': b'-- Symlinking: /home/cjayahansa/ros2N_ws/install/webots_ros2_msgs/local/lib/python3.10/dist-packages/webots_ros2_msgs-2025.0.1-py3.10.egg-info/dependency_links.txt\n'}
[10.200293] (webots_ros2_msgs) StdoutLine: {'line': b'-- Symlinking: /home/cjayahansa/ros2N_ws/install/webots_ros2_msgs/local/lib/python3.10/dist-packages/webots_ros2_msgs-2025.0.1-py3.10.egg-info/top_level.txt\n'}
[10.211377] (webots_ros2_msgs) StdoutLine: {'line': b'-- Symlinking: /home/cjayahansa/ros2N_ws/install/webots_ros2_msgs/local/lib/python3.10/dist-packages/webots_ros2_msgs/__init__.py\n'}
[10.220707] (webots_ros2_msgs) StdoutLine: {'line': b'-- Symlinking: /home/cjayahansa/ros2N_ws/install/webots_ros2_msgs/local/lib/python3.10/dist-packages/webots_ros2_msgs/_webots_ros2_msgs_s.ep.rosidl_typesupport_c.c\n'}
[10.229518] (-) TimerEvent: {}
[10.230448] (webots_ros2_msgs) StdoutLine: {'line': b'-- Symlinking: /home/cjayahansa/ros2N_ws/install/webots_ros2_msgs/local/lib/python3.10/dist-packages/webots_ros2_msgs/_webots_ros2_msgs_s.ep.rosidl_typesupport_fastrtps_c.c\n'}
[10.240344] (webots_ros2_msgs) StdoutLine: {'line': b'-- Symlinking: /home/cjayahansa/ros2N_ws/install/webots_ros2_msgs/local/lib/python3.10/dist-packages/webots_ros2_msgs/_webots_ros2_msgs_s.ep.rosidl_typesupport_introspection_c.c\n'}
[10.250410] (webots_ros2_msgs) StdoutLine: {'line': b'-- Symlinking: /home/cjayahansa/ros2N_ws/install/webots_ros2_msgs/local/lib/python3.10/dist-packages/webots_ros2_msgs/libwebots_ros2_msgs__rosidl_generator_py.so\n'}
[10.259900] (webots_ros2_msgs) StdoutLine: {'line': b'-- Symlinking: /home/cjayahansa/ros2N_ws/install/webots_ros2_msgs/local/lib/python3.10/dist-packages/webots_ros2_msgs/msg/__init__.py\n'}
[10.268553] (webots_ros2_msgs) StdoutLine: {'line': b'-- Symlinking: /home/cjayahansa/ros2N_ws/install/webots_ros2_msgs/local/lib/python3.10/dist-packages/webots_ros2_msgs/msg/_bool_stamped.py\n'}
[10.277619] (webots_ros2_msgs) StdoutLine: {'line': b'-- Symlinking: /home/cjayahansa/ros2N_ws/install/webots_ros2_msgs/local/lib/python3.10/dist-packages/webots_ros2_msgs/msg/_bool_stamped_s.c\n'}
[10.286986] (webots_ros2_msgs) StdoutLine: {'line': b'-- Symlinking: /home/cjayahansa/ros2N_ws/install/webots_ros2_msgs/local/lib/python3.10/dist-packages/webots_ros2_msgs/msg/_camera_recognition_object.py\n'}
[10.297257] (webots_ros2_msgs) StdoutLine: {'line': b'-- Symlinking: /home/cjayahansa/ros2N_ws/install/webots_ros2_msgs/local/lib/python3.10/dist-packages/webots_ros2_msgs/msg/_camera_recognition_object_s.c\n'}
[10.306197] (webots_ros2_msgs) StdoutLine: {'line': b'-- Symlinking: /home/cjayahansa/ros2N_ws/install/webots_ros2_msgs/local/lib/python3.10/dist-packages/webots_ros2_msgs/msg/_camera_recognition_objects.py\n'}
[10.315791] (webots_ros2_msgs) StdoutLine: {'line': b'-- Symlinking: /home/cjayahansa/ros2N_ws/install/webots_ros2_msgs/local/lib/python3.10/dist-packages/webots_ros2_msgs/msg/_camera_recognition_objects_s.c\n'}
[10.325171] (webots_ros2_msgs) StdoutLine: {'line': b'-- Symlinking: /home/cjayahansa/ros2N_ws/install/webots_ros2_msgs/local/lib/python3.10/dist-packages/webots_ros2_msgs/msg/_float_stamped.py\n'}
[10.329642] (-) TimerEvent: {}
[10.334193] (webots_ros2_msgs) StdoutLine: {'line': b'-- Symlinking: /home/cjayahansa/ros2N_ws/install/webots_ros2_msgs/local/lib/python3.10/dist-packages/webots_ros2_msgs/msg/_float_stamped_s.c\n'}
[10.343538] (webots_ros2_msgs) StdoutLine: {'line': b'-- Symlinking: /home/cjayahansa/ros2N_ws/install/webots_ros2_msgs/local/lib/python3.10/dist-packages/webots_ros2_msgs/msg/_pen_ink_properties.py\n'}
[10.352209] (webots_ros2_msgs) StdoutLine: {'line': b'-- Symlinking: /home/cjayahansa/ros2N_ws/install/webots_ros2_msgs/local/lib/python3.10/dist-packages/webots_ros2_msgs/msg/_pen_ink_properties_s.c\n'}
[10.361177] (webots_ros2_msgs) StdoutLine: {'line': b'-- Symlinking: /home/cjayahansa/ros2N_ws/install/webots_ros2_msgs/local/lib/python3.10/dist-packages/webots_ros2_msgs/msg/_string_stamped.py\n'}
[10.370284] (webots_ros2_msgs) StdoutLine: {'line': b'-- Symlinking: /home/cjayahansa/ros2N_ws/install/webots_ros2_msgs/local/lib/python3.10/dist-packages/webots_ros2_msgs/msg/_string_stamped_s.c\n'}
[10.379477] (webots_ros2_msgs) StdoutLine: {'line': b'-- Symlinking: /home/cjayahansa/ros2N_ws/install/webots_ros2_msgs/local/lib/python3.10/dist-packages/webots_ros2_msgs/msg/_urdf_robot.py\n'}
[10.388475] (webots_ros2_msgs) StdoutLine: {'line': b'-- Symlinking: /home/cjayahansa/ros2N_ws/install/webots_ros2_msgs/local/lib/python3.10/dist-packages/webots_ros2_msgs/msg/_urdf_robot_s.c\n'}
[10.397579] (webots_ros2_msgs) StdoutLine: {'line': b'-- Symlinking: /home/cjayahansa/ros2N_ws/install/webots_ros2_msgs/local/lib/python3.10/dist-packages/webots_ros2_msgs/srv/__init__.py\n'}
[10.406579] (webots_ros2_msgs) StdoutLine: {'line': b'-- Symlinking: /home/cjayahansa/ros2N_ws/install/webots_ros2_msgs/local/lib/python3.10/dist-packages/webots_ros2_msgs/srv/_emitter_send_string.py\n'}
[10.415852] (webots_ros2_msgs) StdoutLine: {'line': b'-- Symlinking: /home/cjayahansa/ros2N_ws/install/webots_ros2_msgs/local/lib/python3.10/dist-packages/webots_ros2_msgs/srv/_emitter_send_string_s.c\n'}
[10.425676] (webots_ros2_msgs) StdoutLine: {'line': b'-- Symlinking: /home/cjayahansa/ros2N_ws/install/webots_ros2_msgs/local/lib/python3.10/dist-packages/webots_ros2_msgs/srv/_get_bool.py\n'}
[10.429779] (-) TimerEvent: {}
[10.434723] (webots_ros2_msgs) StdoutLine: {'line': b'-- Symlinking: /home/cjayahansa/ros2N_ws/install/webots_ros2_msgs/local/lib/python3.10/dist-packages/webots_ros2_msgs/srv/_get_bool_s.c\n'}
[10.444843] (webots_ros2_msgs) StdoutLine: {'line': b'-- Symlinking: /home/cjayahansa/ros2N_ws/install/webots_ros2_msgs/local/lib/python3.10/dist-packages/webots_ros2_msgs/srv/_set_string.py\n'}
[10.454008] (webots_ros2_msgs) StdoutLine: {'line': b'-- Symlinking: /home/cjayahansa/ros2N_ws/install/webots_ros2_msgs/local/lib/python3.10/dist-packages/webots_ros2_msgs/srv/_set_string_s.c\n'}
[10.463072] (webots_ros2_msgs) StdoutLine: {'line': b'-- Symlinking: /home/cjayahansa/ros2N_ws/install/webots_ros2_msgs/local/lib/python3.10/dist-packages/webots_ros2_msgs/srv/_spawn_node_from_string.py\n'}
[10.471758] (webots_ros2_msgs) StdoutLine: {'line': b'-- Symlinking: /home/cjayahansa/ros2N_ws/install/webots_ros2_msgs/local/lib/python3.10/dist-packages/webots_ros2_msgs/srv/_spawn_node_from_string_s.c\n'}
[10.480835] (webots_ros2_msgs) StdoutLine: {'line': b'-- Symlinking: /home/cjayahansa/ros2N_ws/install/webots_ros2_msgs/local/lib/python3.10/dist-packages/webots_ros2_msgs/srv/_spawn_urdf_robot.py\n'}
[10.489903] (webots_ros2_msgs) StdoutLine: {'line': b'-- Symlinking: /home/cjayahansa/ros2N_ws/install/webots_ros2_msgs/local/lib/python3.10/dist-packages/webots_ros2_msgs/srv/_spawn_urdf_robot_s.c\n'}
[10.499684] (webots_ros2_msgs) StdoutLine: {'line': b'-- Symlinking: /home/cjayahansa/ros2N_ws/install/webots_ros2_msgs/local/lib/python3.10/dist-packages/webots_ros2_msgs/webots_ros2_msgs_s__rosidl_typesupport_c.cpython-310-x86_64-linux-gnu.so\n'}
[10.508696] (webots_ros2_msgs) StdoutLine: {'line': b'-- Symlinking: /home/cjayahansa/ros2N_ws/install/webots_ros2_msgs/local/lib/python3.10/dist-packages/webots_ros2_msgs/webots_ros2_msgs_s__rosidl_typesupport_fastrtps_c.cpython-310-x86_64-linux-gnu.so\n'}
[10.517754] (webots_ros2_msgs) StdoutLine: {'line': b'-- Symlinking: /home/cjayahansa/ros2N_ws/install/webots_ros2_msgs/local/lib/python3.10/dist-packages/webots_ros2_msgs/webots_ros2_msgs_s__rosidl_typesupport_introspection_c.cpython-310-x86_64-linux-gnu.so\n'}
[10.527023] (webots_ros2_msgs) StdoutLine: {'line': b'-- Up-to-date symlink: /home/cjayahansa/ros2N_ws/install/webots_ros2_msgs/local/lib/python3.10/dist-packages/webots_ros2_msgs/webots_ros2_msgs_s__rosidl_typesupport_fastrtps_c.cpython-310-x86_64-linux-gnu.so\n'}
[10.527340] (webots_ros2_msgs) StdoutLine: {'line': b'-- Up-to-date symlink: /home/cjayahansa/ros2N_ws/install/webots_ros2_msgs/local/lib/python3.10/dist-packages/webots_ros2_msgs/webots_ros2_msgs_s__rosidl_typesupport_introspection_c.cpython-310-x86_64-linux-gnu.so\n'}
[10.527582] (webots_ros2_msgs) StdoutLine: {'line': b'-- Up-to-date symlink: /home/cjayahansa/ros2N_ws/install/webots_ros2_msgs/local/lib/python3.10/dist-packages/webots_ros2_msgs/webots_ros2_msgs_s__rosidl_typesupport_c.cpython-310-x86_64-linux-gnu.so\n'}
[10.527760] (webots_ros2_msgs) StdoutLine: {'line': b'-- Symlinking: /home/cjayahansa/ros2N_ws/install/webots_ros2_msgs/share/webots_ros2_msgs/msg/BoolStamped.idl\n'}
[10.529855] (-) TimerEvent: {}
[10.537393] (webots_ros2_msgs) StdoutLine: {'line': b'-- Symlinking: /home/cjayahansa/ros2N_ws/install/webots_ros2_msgs/share/webots_ros2_msgs/msg/FloatStamped.idl\n'}
[10.546816] (webots_ros2_msgs) StdoutLine: {'line': b'-- Symlinking: /home/cjayahansa/ros2N_ws/install/webots_ros2_msgs/share/webots_ros2_msgs/msg/StringStamped.idl\n'}
[10.556329] (webots_ros2_msgs) StdoutLine: {'line': b'-- Symlinking: /home/cjayahansa/ros2N_ws/install/webots_ros2_msgs/share/webots_ros2_msgs/msg/CameraRecognitionObject.idl\n'}
[10.566899] (webots_ros2_msgs) StdoutLine: {'line': b'-- Symlinking: /home/cjayahansa/ros2N_ws/install/webots_ros2_msgs/share/webots_ros2_msgs/msg/CameraRecognitionObjects.idl\n'}
[10.576101] (webots_ros2_msgs) StdoutLine: {'line': b'-- Symlinking: /home/cjayahansa/ros2N_ws/install/webots_ros2_msgs/share/webots_ros2_msgs/msg/UrdfRobot.idl\n'}
[10.585713] (webots_ros2_msgs) StdoutLine: {'line': b'-- Symlinking: /home/cjayahansa/ros2N_ws/install/webots_ros2_msgs/share/webots_ros2_msgs/msg/PenInkProperties.idl\n'}
[10.595109] (webots_ros2_msgs) StdoutLine: {'line': b'-- Symlinking: /home/cjayahansa/ros2N_ws/install/webots_ros2_msgs/share/webots_ros2_msgs/srv/EmitterSendString.idl\n'}
[10.604510] (webots_ros2_msgs) StdoutLine: {'line': b'-- Symlinking: /home/cjayahansa/ros2N_ws/install/webots_ros2_msgs/share/webots_ros2_msgs/srv/GetBool.idl\n'}
[10.614011] (webots_ros2_msgs) StdoutLine: {'line': b'-- Symlinking: /home/cjayahansa/ros2N_ws/install/webots_ros2_msgs/share/webots_ros2_msgs/srv/SetString.idl\n'}
[10.623679] (webots_ros2_msgs) StdoutLine: {'line': b'-- Symlinking: /home/cjayahansa/ros2N_ws/install/webots_ros2_msgs/share/webots_ros2_msgs/srv/SpawnNodeFromString.idl\n'}
[10.629991] (-) TimerEvent: {}
[10.633448] (webots_ros2_msgs) StdoutLine: {'line': b'-- Symlinking: /home/cjayahansa/ros2N_ws/install/webots_ros2_msgs/share/webots_ros2_msgs/srv/SpawnUrdfRobot.idl\n'}
[10.643069] (webots_ros2_msgs) StdoutLine: {'line': b'-- Symlinking: /home/cjayahansa/ros2N_ws/install/webots_ros2_msgs/share/webots_ros2_msgs/msg/BoolStamped.msg\n'}
[10.652048] (webots_ros2_msgs) StdoutLine: {'line': b'-- Symlinking: /home/cjayahansa/ros2N_ws/install/webots_ros2_msgs/share/webots_ros2_msgs/msg/FloatStamped.msg\n'}
[10.660969] (webots_ros2_msgs) StdoutLine: {'line': b'-- Symlinking: /home/cjayahansa/ros2N_ws/install/webots_ros2_msgs/share/webots_ros2_msgs/msg/StringStamped.msg\n'}
[10.670178] (webots_ros2_msgs) StdoutLine: {'line': b'-- Symlinking: /home/cjayahansa/ros2N_ws/install/webots_ros2_msgs/share/webots_ros2_msgs/msg/CameraRecognitionObject.msg\n'}
[10.679895] (webots_ros2_msgs) StdoutLine: {'line': b'-- Symlinking: /home/cjayahansa/ros2N_ws/install/webots_ros2_msgs/share/webots_ros2_msgs/msg/CameraRecognitionObjects.msg\n'}
[10.688782] (webots_ros2_msgs) StdoutLine: {'line': b'-- Symlinking: /home/cjayahansa/ros2N_ws/install/webots_ros2_msgs/share/webots_ros2_msgs/msg/UrdfRobot.msg\n'}
[10.697991] (webots_ros2_msgs) StdoutLine: {'line': b'-- Symlinking: /home/cjayahansa/ros2N_ws/install/webots_ros2_msgs/share/webots_ros2_msgs/msg/PenInkProperties.msg\n'}
[10.707059] (webots_ros2_msgs) StdoutLine: {'line': b'-- Symlinking: /home/cjayahansa/ros2N_ws/install/webots_ros2_msgs/share/webots_ros2_msgs/srv/EmitterSendString.srv\n'}
[10.716286] (webots_ros2_msgs) StdoutLine: {'line': b'-- Symlinking: /home/cjayahansa/ros2N_ws/install/webots_ros2_msgs/share/webots_ros2_msgs/srv/EmitterSendString_Request.msg\n'}
[10.726564] (webots_ros2_msgs) StdoutLine: {'line': b'-- Symlinking: /home/cjayahansa/ros2N_ws/install/webots_ros2_msgs/share/webots_ros2_msgs/srv/EmitterSendString_Response.msg\n'}
[10.730116] (-) TimerEvent: {}
[10.736792] (webots_ros2_msgs) StdoutLine: {'line': b'-- Symlinking: /home/cjayahansa/ros2N_ws/install/webots_ros2_msgs/share/webots_ros2_msgs/srv/GetBool.srv\n'}
[10.746056] (webots_ros2_msgs) StdoutLine: {'line': b'-- Symlinking: /home/cjayahansa/ros2N_ws/install/webots_ros2_msgs/share/webots_ros2_msgs/srv/GetBool_Request.msg\n'}
[10.755267] (webots_ros2_msgs) StdoutLine: {'line': b'-- Symlinking: /home/cjayahansa/ros2N_ws/install/webots_ros2_msgs/share/webots_ros2_msgs/srv/GetBool_Response.msg\n'}
[10.764027] (webots_ros2_msgs) StdoutLine: {'line': b'-- Symlinking: /home/cjayahansa/ros2N_ws/install/webots_ros2_msgs/share/webots_ros2_msgs/srv/SetString.srv\n'}
[10.774770] (webots_ros2_msgs) StdoutLine: {'line': b'-- Symlinking: /home/cjayahansa/ros2N_ws/install/webots_ros2_msgs/share/webots_ros2_msgs/srv/SetString_Request.msg\n'}
[10.784982] (webots_ros2_msgs) StdoutLine: {'line': b'-- Symlinking: /home/cjayahansa/ros2N_ws/install/webots_ros2_msgs/share/webots_ros2_msgs/srv/SetString_Response.msg\n'}
[10.794394] (webots_ros2_msgs) StdoutLine: {'line': b'-- Symlinking: /home/cjayahansa/ros2N_ws/install/webots_ros2_msgs/share/webots_ros2_msgs/srv/SpawnNodeFromString.srv\n'}
[10.804489] (webots_ros2_msgs) StdoutLine: {'line': b'-- Symlinking: /home/cjayahansa/ros2N_ws/install/webots_ros2_msgs/share/webots_ros2_msgs/srv/SpawnNodeFromString_Request.msg\n'}
[10.814651] (webots_ros2_msgs) StdoutLine: {'line': b'-- Symlinking: /home/cjayahansa/ros2N_ws/install/webots_ros2_msgs/share/webots_ros2_msgs/srv/SpawnNodeFromString_Response.msg\n'}
[10.823517] (webots_ros2_msgs) StdoutLine: {'line': b'-- Symlinking: /home/cjayahansa/ros2N_ws/install/webots_ros2_msgs/share/webots_ros2_msgs/srv/SpawnUrdfRobot.srv\n'}
[10.830243] (-) TimerEvent: {}
[10.832651] (webots_ros2_msgs) StdoutLine: {'line': b'-- Symlinking: /home/cjayahansa/ros2N_ws/install/webots_ros2_msgs/share/webots_ros2_msgs/srv/SpawnUrdfRobot_Request.msg\n'}
[10.841704] (webots_ros2_msgs) StdoutLine: {'line': b'-- Symlinking: /home/cjayahansa/ros2N_ws/install/webots_ros2_msgs/share/webots_ros2_msgs/srv/SpawnUrdfRobot_Response.msg\n'}
[10.851746] (webots_ros2_msgs) StdoutLine: {'line': b'-- Symlinking: /home/cjayahansa/ros2N_ws/install/webots_ros2_msgs/share/ament_index/resource_index/package_run_dependencies/webots_ros2_msgs\n'}
[10.861236] (webots_ros2_msgs) StdoutLine: {'line': b'-- Symlinking: /home/cjayahansa/ros2N_ws/install/webots_ros2_msgs/share/ament_index/resource_index/parent_prefix_path/webots_ros2_msgs\n'}
[10.871859] (webots_ros2_msgs) StdoutLine: {'line': b'-- Symlinking: /home/cjayahansa/ros2N_ws/install/webots_ros2_msgs/share/webots_ros2_msgs/environment/ament_prefix_path.sh\n'}
[10.882401] (webots_ros2_msgs) StdoutLine: {'line': b'-- Symlinking: /home/cjayahansa/ros2N_ws/install/webots_ros2_msgs/share/webots_ros2_msgs/environment/ament_prefix_path.dsv\n'}
[10.891536] (webots_ros2_msgs) StdoutLine: {'line': b'-- Symlinking: /home/cjayahansa/ros2N_ws/install/webots_ros2_msgs/share/webots_ros2_msgs/environment/path.sh\n'}
[10.900502] (webots_ros2_msgs) StdoutLine: {'line': b'-- Symlinking: /home/cjayahansa/ros2N_ws/install/webots_ros2_msgs/share/webots_ros2_msgs/environment/path.dsv\n'}
[10.909910] (webots_ros2_msgs) StdoutLine: {'line': b'-- Symlinking: /home/cjayahansa/ros2N_ws/install/webots_ros2_msgs/share/webots_ros2_msgs/local_setup.bash\n'}
[10.919582] (webots_ros2_msgs) StdoutLine: {'line': b'-- Symlinking: /home/cjayahansa/ros2N_ws/install/webots_ros2_msgs/share/webots_ros2_msgs/local_setup.sh\n'}
[10.930020] (webots_ros2_msgs) StdoutLine: {'line': b'-- Symlinking: /home/cjayahansa/ros2N_ws/install/webots_ros2_msgs/share/webots_ros2_msgs/local_setup.zsh\n'}
[10.930271] (-) TimerEvent: {}
[10.939689] (webots_ros2_msgs) StdoutLine: {'line': b'-- Symlinking: /home/cjayahansa/ros2N_ws/install/webots_ros2_msgs/share/webots_ros2_msgs/local_setup.dsv\n'}
[10.949596] (webots_ros2_msgs) StdoutLine: {'line': b'-- Symlinking: /home/cjayahansa/ros2N_ws/install/webots_ros2_msgs/share/webots_ros2_msgs/package.dsv\n'}
[10.960027] (webots_ros2_msgs) StdoutLine: {'line': b'-- Symlinking: /home/cjayahansa/ros2N_ws/install/webots_ros2_msgs/share/ament_index/resource_index/packages/webots_ros2_msgs\n'}
[10.969808] (webots_ros2_msgs) StdoutLine: {'line': b'-- Symlinking: /home/cjayahansa/ros2N_ws/install/webots_ros2_msgs/share/webots_ros2_msgs/cmake/rosidl_cmake-extras.cmake\n'}
[10.980210] (webots_ros2_msgs) StdoutLine: {'line': b'-- Symlinking: /home/cjayahansa/ros2N_ws/install/webots_ros2_msgs/share/webots_ros2_msgs/cmake/ament_cmake_export_dependencies-extras.cmake\n'}
[10.990039] (webots_ros2_msgs) StdoutLine: {'line': b'-- Symlinking: /home/cjayahansa/ros2N_ws/install/webots_ros2_msgs/share/webots_ros2_msgs/cmake/ament_cmake_export_include_directories-extras.cmake\n'}
[10.999628] (webots_ros2_msgs) StdoutLine: {'line': b'-- Symlinking: /home/cjayahansa/ros2N_ws/install/webots_ros2_msgs/share/webots_ros2_msgs/cmake/ament_cmake_export_libraries-extras.cmake\n'}
[11.009838] (webots_ros2_msgs) StdoutLine: {'line': b'-- Symlinking: /home/cjayahansa/ros2N_ws/install/webots_ros2_msgs/share/webots_ros2_msgs/cmake/ament_cmake_export_targets-extras.cmake\n'}
[11.019973] (webots_ros2_msgs) StdoutLine: {'line': b'-- Symlinking: /home/cjayahansa/ros2N_ws/install/webots_ros2_msgs/share/webots_ros2_msgs/cmake/rosidl_cmake_export_typesupport_targets-extras.cmake\n'}
[11.030402] (webots_ros2_msgs) StdoutLine: {'line': b'-- Symlinking: /home/cjayahansa/ros2N_ws/install/webots_ros2_msgs/share/webots_ros2_msgs/cmake/rosidl_cmake_export_typesupport_libraries-extras.cmake\n'}
[11.030658] (-) TimerEvent: {}
[11.041124] (webots_ros2_msgs) StdoutLine: {'line': b'-- Symlinking: /home/cjayahansa/ros2N_ws/install/webots_ros2_msgs/share/webots_ros2_msgs/cmake/webots_ros2_msgsConfig.cmake\n'}
[11.051465] (webots_ros2_msgs) StdoutLine: {'line': b'-- Symlinking: /home/cjayahansa/ros2N_ws/install/webots_ros2_msgs/share/webots_ros2_msgs/cmake/webots_ros2_msgsConfig-version.cmake\n'}
[11.061130] (webots_ros2_msgs) StdoutLine: {'line': b'-- Symlinking: /home/cjayahansa/ros2N_ws/install/webots_ros2_msgs/share/webots_ros2_msgs/package.xml\n'}
[11.072256] (webots_ros2_msgs) StdoutLine: {'line': b'-- Installing: /home/cjayahansa/ros2N_ws/install/webots_ros2_msgs/lib/libwebots_ros2_msgs__rosidl_generator_c.so\n'}
[11.073075] (webots_ros2_msgs) StdoutLine: {'line': b'-- Set runtime path of "/home/cjayahansa/ros2N_ws/install/webots_ros2_msgs/lib/libwebots_ros2_msgs__rosidl_generator_c.so" to ""\n'}
[11.073205] (webots_ros2_msgs) StdoutLine: {'line': b'-- Installing: /home/cjayahansa/ros2N_ws/install/webots_ros2_msgs/lib/libwebots_ros2_msgs__rosidl_typesupport_fastrtps_c.so\n'}
[11.073642] (webots_ros2_msgs) StdoutLine: {'line': b'-- Set runtime path of "/home/cjayahansa/ros2N_ws/install/webots_ros2_msgs/lib/libwebots_ros2_msgs__rosidl_typesupport_fastrtps_c.so" to ""\n'}
[11.073766] (webots_ros2_msgs) StdoutLine: {'line': b'-- Installing: /home/cjayahansa/ros2N_ws/install/webots_ros2_msgs/lib/libwebots_ros2_msgs__rosidl_typesupport_fastrtps_cpp.so\n'}
[11.074337] (webots_ros2_msgs) StdoutLine: {'line': b'-- Set runtime path of "/home/cjayahansa/ros2N_ws/install/webots_ros2_msgs/lib/libwebots_ros2_msgs__rosidl_typesupport_fastrtps_cpp.so" to ""\n'}
[11.074528] (webots_ros2_msgs) StdoutLine: {'line': b'-- Installing: /home/cjayahansa/ros2N_ws/install/webots_ros2_msgs/lib/libwebots_ros2_msgs__rosidl_typesupport_introspection_c.so\n'}
[11.074831] (webots_ros2_msgs) StdoutLine: {'line': b'-- Set runtime path of "/home/cjayahansa/ros2N_ws/install/webots_ros2_msgs/lib/libwebots_ros2_msgs__rosidl_typesupport_introspection_c.so" to ""\n'}
[11.074942] (webots_ros2_msgs) StdoutLine: {'line': b'-- Installing: /home/cjayahansa/ros2N_ws/install/webots_ros2_msgs/lib/libwebots_ros2_msgs__rosidl_typesupport_c.so\n'}
[11.075290] (webots_ros2_msgs) StdoutLine: {'line': b'-- Set runtime path of "/home/cjayahansa/ros2N_ws/install/webots_ros2_msgs/lib/libwebots_ros2_msgs__rosidl_typesupport_c.so" to ""\n'}
[11.075392] (webots_ros2_msgs) StdoutLine: {'line': b'-- Installing: /home/cjayahansa/ros2N_ws/install/webots_ros2_msgs/lib/libwebots_ros2_msgs__rosidl_typesupport_introspection_cpp.so\n'}
[11.075962] (webots_ros2_msgs) StdoutLine: {'line': b'-- Set runtime path of "/home/cjayahansa/ros2N_ws/install/webots_ros2_msgs/lib/libwebots_ros2_msgs__rosidl_typesupport_introspection_cpp.so" to ""\n'}
[11.076057] (webots_ros2_msgs) StdoutLine: {'line': b'-- Installing: /home/cjayahansa/ros2N_ws/install/webots_ros2_msgs/lib/libwebots_ros2_msgs__rosidl_typesupport_cpp.so\n'}
[11.076420] (webots_ros2_msgs) StdoutLine: {'line': b'-- Set runtime path of "/home/cjayahansa/ros2N_ws/install/webots_ros2_msgs/lib/libwebots_ros2_msgs__rosidl_typesupport_cpp.so" to ""\n'}
[11.119247] (webots_ros2_msgs) StdoutLine: {'line': b"Listing '/home/cjayahansa/ros2N_ws/install/webots_ros2_msgs/local/lib/python3.10/dist-packages/webots_ros2_msgs'...\n"}
[11.119519] (webots_ros2_msgs) StdoutLine: {'line': b"Compiling '/home/cjayahansa/ros2N_ws/install/webots_ros2_msgs/local/lib/python3.10/dist-packages/webots_ros2_msgs/__init__.py'...\n"}
[11.119658] (webots_ros2_msgs) StdoutLine: {'line': b"Listing '/home/cjayahansa/ros2N_ws/install/webots_ros2_msgs/local/lib/python3.10/dist-packages/webots_ros2_msgs/msg'...\n"}
[11.119780] (webots_ros2_msgs) StdoutLine: {'line': b"Compiling '/home/cjayahansa/ros2N_ws/install/webots_ros2_msgs/local/lib/python3.10/dist-packages/webots_ros2_msgs/msg/__init__.py'...\n"}
[11.119942] (webots_ros2_msgs) StdoutLine: {'line': b"Compiling '/home/cjayahansa/ros2N_ws/install/webots_ros2_msgs/local/lib/python3.10/dist-packages/webots_ros2_msgs/msg/_bool_stamped.py'...\n"}
[11.120079] (webots_ros2_msgs) StdoutLine: {'line': b"Compiling '/home/cjayahansa/ros2N_ws/install/webots_ros2_msgs/local/lib/python3.10/dist-packages/webots_ros2_msgs/msg/_camera_recognition_object.py'...\n"}
[11.120199] (webots_ros2_msgs) StdoutLine: {'line': b"Compiling '/home/cjayahansa/ros2N_ws/install/webots_ros2_msgs/local/lib/python3.10/dist-packages/webots_ros2_msgs/msg/_camera_recognition_objects.py'...\n"}
[11.120318] (webots_ros2_msgs) StdoutLine: {'line': b"Compiling '/home/cjayahansa/ros2N_ws/install/webots_ros2_msgs/local/lib/python3.10/dist-packages/webots_ros2_msgs/msg/_float_stamped.py'...\n"}
[11.120436] (webots_ros2_msgs) StdoutLine: {'line': b"Compiling '/home/cjayahansa/ros2N_ws/install/webots_ros2_msgs/local/lib/python3.10/dist-packages/webots_ros2_msgs/msg/_pen_ink_properties.py'...\n"}
[11.120553] (webots_ros2_msgs) StdoutLine: {'line': b"Compiling '/home/cjayahansa/ros2N_ws/install/webots_ros2_msgs/local/lib/python3.10/dist-packages/webots_ros2_msgs/msg/_string_stamped.py'...\n"}
[11.120670] (webots_ros2_msgs) StdoutLine: {'line': b"Compiling '/home/cjayahansa/ros2N_ws/install/webots_ros2_msgs/local/lib/python3.10/dist-packages/webots_ros2_msgs/msg/_urdf_robot.py'...\n"}
[11.120787] (webots_ros2_msgs) StdoutLine: {'line': b"Listing '/home/cjayahansa/ros2N_ws/install/webots_ros2_msgs/local/lib/python3.10/dist-packages/webots_ros2_msgs/srv'...\n"}
[11.120845] (webots_ros2_msgs) StdoutLine: {'line': b"Compiling '/home/cjayahansa/ros2N_ws/install/webots_ros2_msgs/local/lib/python3.10/dist-packages/webots_ros2_msgs/srv/__init__.py'...\n"}
[11.120889] (webots_ros2_msgs) StdoutLine: {'line': b"Compiling '/home/cjayahansa/ros2N_ws/install/webots_ros2_msgs/local/lib/python3.10/dist-packages/webots_ros2_msgs/srv/_emitter_send_string.py'...\n"}
[11.120935] (webots_ros2_msgs) StdoutLine: {'line': b"Compiling '/home/cjayahansa/ros2N_ws/install/webots_ros2_msgs/local/lib/python3.10/dist-packages/webots_ros2_msgs/srv/_get_bool.py'...\n"}
[11.120978] (webots_ros2_msgs) StdoutLine: {'line': b"Compiling '/home/cjayahansa/ros2N_ws/install/webots_ros2_msgs/local/lib/python3.10/dist-packages/webots_ros2_msgs/srv/_set_string.py'...\n"}
[11.121019] (webots_ros2_msgs) StdoutLine: {'line': b"Compiling '/home/cjayahansa/ros2N_ws/install/webots_ros2_msgs/local/lib/python3.10/dist-packages/webots_ros2_msgs/srv/_spawn_node_from_string.py'...\n"}
[11.121061] (webots_ros2_msgs) StdoutLine: {'line': b"Compiling '/home/cjayahansa/ros2N_ws/install/webots_ros2_msgs/local/lib/python3.10/dist-packages/webots_ros2_msgs/srv/_spawn_urdf_robot.py'...\n"}
[11.123501] (webots_ros2_msgs) StdoutLine: {'line': b'-- Installing: /home/cjayahansa/ros2N_ws/install/webots_ros2_msgs/lib/libwebots_ros2_msgs__rosidl_generator_py.so\n'}
[11.124113] (webots_ros2_msgs) StdoutLine: {'line': b'-- Set runtime path of "/home/cjayahansa/ros2N_ws/install/webots_ros2_msgs/lib/libwebots_ros2_msgs__rosidl_generator_py.so" to ""\n'}
[11.124423] (webots_ros2_msgs) StdoutLine: {'line': b'-- Installing: /home/cjayahansa/ros2N_ws/install/webots_ros2_msgs/share/webots_ros2_msgs/cmake/export_webots_ros2_msgs__rosidl_generator_cExport.cmake\n'}
[11.124656] (webots_ros2_msgs) StdoutLine: {'line': b'-- Installing: /home/cjayahansa/ros2N_ws/install/webots_ros2_msgs/share/webots_ros2_msgs/cmake/export_webots_ros2_msgs__rosidl_generator_cExport-noconfig.cmake\n'}
[11.124984] (webots_ros2_msgs) StdoutLine: {'line': b'-- Installing: /home/cjayahansa/ros2N_ws/install/webots_ros2_msgs/share/webots_ros2_msgs/cmake/export_webots_ros2_msgs__rosidl_typesupport_fastrtps_cExport.cmake\n'}
[11.125204] (webots_ros2_msgs) StdoutLine: {'line': b'-- Installing: /home/cjayahansa/ros2N_ws/install/webots_ros2_msgs/share/webots_ros2_msgs/cmake/export_webots_ros2_msgs__rosidl_typesupport_fastrtps_cExport-noconfig.cmake\n'}
[11.125392] (webots_ros2_msgs) StdoutLine: {'line': b'-- Installing: /home/cjayahansa/ros2N_ws/install/webots_ros2_msgs/share/webots_ros2_msgs/cmake/export_webots_ros2_msgs__rosidl_generator_cppExport.cmake\n'}
[11.125608] (webots_ros2_msgs) StdoutLine: {'line': b'-- Installing: /home/cjayahansa/ros2N_ws/install/webots_ros2_msgs/share/webots_ros2_msgs/cmake/export_webots_ros2_msgs__rosidl_typesupport_fastrtps_cppExport.cmake\n'}
[11.125769] (webots_ros2_msgs) StdoutLine: {'line': b'-- Installing: /home/cjayahansa/ros2N_ws/install/webots_ros2_msgs/share/webots_ros2_msgs/cmake/export_webots_ros2_msgs__rosidl_typesupport_fastrtps_cppExport-noconfig.cmake\n'}
[11.125918] (webots_ros2_msgs) StdoutLine: {'line': b'-- Installing: /home/cjayahansa/ros2N_ws/install/webots_ros2_msgs/share/webots_ros2_msgs/cmake/webots_ros2_msgs__rosidl_typesupport_introspection_cExport.cmake\n'}
[11.126002] (webots_ros2_msgs) StdoutLine: {'line': b'-- Installing: /home/cjayahansa/ros2N_ws/install/webots_ros2_msgs/share/webots_ros2_msgs/cmake/webots_ros2_msgs__rosidl_typesupport_introspection_cExport-noconfig.cmake\n'}
[11.126049] (webots_ros2_msgs) StdoutLine: {'line': b'-- Installing: /home/cjayahansa/ros2N_ws/install/webots_ros2_msgs/share/webots_ros2_msgs/cmake/webots_ros2_msgs__rosidl_typesupport_cExport.cmake\n'}
[11.126092] (webots_ros2_msgs) StdoutLine: {'line': b'-- Installing: /home/cjayahansa/ros2N_ws/install/webots_ros2_msgs/share/webots_ros2_msgs/cmake/webots_ros2_msgs__rosidl_typesupport_cExport-noconfig.cmake\n'}
[11.126140] (webots_ros2_msgs) StdoutLine: {'line': b'-- Installing: /home/cjayahansa/ros2N_ws/install/webots_ros2_msgs/share/webots_ros2_msgs/cmake/webots_ros2_msgs__rosidl_typesupport_introspection_cppExport.cmake\n'}
[11.126213] (webots_ros2_msgs) StdoutLine: {'line': b'-- Installing: /home/cjayahansa/ros2N_ws/install/webots_ros2_msgs/share/webots_ros2_msgs/cmake/webots_ros2_msgs__rosidl_typesupport_introspection_cppExport-noconfig.cmake\n'}
[11.126259] (webots_ros2_msgs) StdoutLine: {'line': b'-- Installing: /home/cjayahansa/ros2N_ws/install/webots_ros2_msgs/share/webots_ros2_msgs/cmake/webots_ros2_msgs__rosidl_typesupport_cppExport.cmake\n'}
[11.126319] (webots_ros2_msgs) StdoutLine: {'line': b'-- Installing: /home/cjayahansa/ros2N_ws/install/webots_ros2_msgs/share/webots_ros2_msgs/cmake/webots_ros2_msgs__rosidl_typesupport_cppExport-noconfig.cmake\n'}
[11.126372] (webots_ros2_msgs) StdoutLine: {'line': b'-- Installing: /home/cjayahansa/ros2N_ws/install/webots_ros2_msgs/share/webots_ros2_msgs/cmake/export_webots_ros2_msgs__rosidl_generator_pyExport.cmake\n'}
[11.126506] (webots_ros2_msgs) StdoutLine: {'line': b'-- Installing: /home/cjayahansa/ros2N_ws/install/webots_ros2_msgs/share/webots_ros2_msgs/cmake/export_webots_ros2_msgs__rosidl_generator_pyExport-noconfig.cmake\n'}
[11.129139] (webots_ros2_msgs) CommandEnded: {'returncode': 0}
[11.130812] (-) TimerEvent: {}
[11.142800] (webots_ros2_msgs) JobEnded: {'identifier': 'webots_ros2_msgs', 'rc': 0}
[11.143960] (webots_ros2_driver) JobStarted: {'identifier': 'webots_ros2_driver'}
[11.153911] (webots_ros2_driver) JobProgress: {'identifier': 'webots_ros2_driver', 'progress': 'cmake'}
[11.155057] (webots_ros2_driver) Command: {'cmd': ['/usr/bin/cmake', '/home/cjayahansa/ros2N_ws/src/webots_ros2/webots_ros2_driver', '-DAMENT_CMAKE_SYMLINK_INSTALL=1', '-DCMAKE_INSTALL_PREFIX=/home/cjayahansa/ros2N_ws/install/webots_ros2_driver'], 'cwd': '/home/cjayahansa/ros2N_ws/build/webots_ros2_driver', 'env': OrderedDict([('LESSOPEN', '| /usr/bin/lesspipe %s'), ('USER', 'cjayahansa'), ('XDG_SESSION_TYPE', 'x11'), ('SHLVL', '1'), ('LD_LIBRARY_PATH', '/home/cjayahansa/ros2N_ws/install/webots_ros2_msgs/lib:/home/cjayahansa/ros2N_ws/install/webots_ros2_control/lib:/home/cjayahansa/ros2N_ws/install/webots_ros2_driver/lib:/opt/ros/humble/opt/rviz_ogre_vendor/lib:/opt/ros/humble/lib/x86_64-linux-gnu:/opt/ros/humble/lib'), ('HOME', '/home/cjayahansa'), ('OLDPWD', '/home/cjayahansa/ros2N_ws/src'), ('DESKTOP_SESSION', 'pop'), ('ROS_PYTHON_VERSION', '3'), ('GNOME_SHELL_SESSION_MODE', 'pop'), ('GTK_MODULES', 'gail:atk-bridge'), ('PS1', '\\[\\033[01;36m\\]\\u@\\h\\[\\033[00m\\]:\\[\\033[01;34m\\]\\w\\[\\033[00m\\]$'), ('SYSTEMD_EXEC_PID', '1818'), ('DBUS_SESSION_BUS_ADDRESS', 'unix:path=/run/user/1000/bus'), ('COLORTERM', 'truecolor'), ('COLCON_PREFIX_PATH', '/home/cjayahansa/ros2N_ws/install:/home/cjayahansa/ros2_ws/install'), ('ROS_DISTRO', 'humble'), ('GTK_IM_MODULE', 'ibus'), ('LOGNAME', 'cjayahansa'), ('_', '/usr/bin/colcon'), ('ROS_VERSION', '2'), ('XDG_SESSION_CLASS', 'user'), ('USERNAME', 'cjayahansa'), ('TERM', 'xterm-256color'), ('GNOME_DESKTOP_SESSION_ID', 'this-is-deprecated'), ('ROS_LOCALHOST_ONLY', '1'), ('WINDOWPATH', '2'), ('PATH', '/opt/ros/humble/bin:/home/cjayahansa/.local/bin:/usr/local/sbin:/usr/local/bin:/usr/sbin:/usr/bin:/sbin:/bin:/usr/games:/usr/local/games:/snap/bin'), ('SESSION_MANAGER', 'local/pop-os:@/tmp/.ICE-unix/1790,unix/pop-os:/tmp/.ICE-unix/1790'), ('XDG_MENU_PREFIX', 'gnome-'), ('GNOME_TERMINAL_SCREEN', '/org/gnome/Terminal/screen/69401945_8890_4a44_bef3_4bbc698c193c'), ('XDG_RUNTIME_DIR', '/run/user/1000'), ('DISPLAY', ':1'), ('LANG', 'en_US.UTF-8'), ('XDG_CURRENT_DESKTOP', 'pop:GNOME'), ('XMODIFIERS', '@im=ibus'), ('XDG_SESSION_DESKTOP', 'pop'), ('XAUTHORITY', '/run/user/1000/gdm/Xauthority'), ('LS_COLORS', 'rs=0:di=01;34:ln=01;36:mh=00:pi=40;33:so=01;35:do=01;35:bd=40;33;01:cd=40;33;01:or=40;31;01:mi=00:su=37;41:sg=30;43:ca=30;41:tw=30;42:ow=34;42:st=37;44:ex=01;32:*.tar=01;31:*.tgz=01;31:*.arc=01;31:*.arj=01;31:*.taz=01;31:*.lha=01;31:*.lz4=01;31:*.lzh=01;31:*.lzma=01;31:*.tlz=01;31:*.txz=01;31:*.tzo=01;31:*.t7z=01;31:*.zip=01;31:*.z=01;31:*.dz=01;31:*.gz=01;31:*.lrz=01;31:*.lz=01;31:*.lzo=01;31:*.xz=01;31:*.zst=01;31:*.tzst=01;31:*.bz2=01;31:*.bz=01;31:*.tbz=01;31:*.tbz2=01;31:*.tz=01;31:*.deb=01;31:*.rpm=01;31:*.jar=01;31:*.war=01;31:*.ear=01;31:*.sar=01;31:*.rar=01;31:*.alz=01;31:*.ace=01;31:*.zoo=01;31:*.cpio=01;31:*.7z=01;31:*.rz=01;31:*.cab=01;31:*.wim=01;31:*.swm=01;31:*.dwm=01;31:*.esd=01;31:*.jpg=01;35:*.jpeg=01;35:*.mjpg=01;35:*.mjpeg=01;35:*.gif=01;35:*.bmp=01;35:*.pbm=01;35:*.pgm=01;35:*.ppm=01;35:*.tga=01;35:*.xbm=01;35:*.xpm=01;35:*.tif=01;35:*.tiff=01;35:*.png=01;35:*.svg=01;35:*.svgz=01;35:*.mng=01;35:*.pcx=01;35:*.mov=01;35:*.mpg=01;35:*.mpeg=01;35:*.m2v=01;35:*.mkv=01;35:*.webm=01;35:*.webp=01;35:*.ogm=01;35:*.mp4=01;35:*.m4v=01;35:*.mp4v=01;35:*.vob=01;35:*.qt=01;35:*.nuv=01;35:*.wmv=01;35:*.asf=01;35:*.rm=01;35:*.rmvb=01;35:*.flc=01;35:*.avi=01;35:*.fli=01;35:*.flv=01;35:*.gl=01;35:*.dl=01;35:*.xcf=01;35:*.xwd=01;35:*.yuv=01;35:*.cgm=01;35:*.emf=01;35:*.ogv=01;35:*.ogx=01;35:*.aac=00;36:*.au=00;36:*.flac=00;36:*.m4a=00;36:*.mid=00;36:*.midi=00;36:*.mka=00;36:*.mp3=00;36:*.mpc=00;36:*.ogg=00;36:*.ra=00;36:*.wav=00;36:*.oga=00;36:*.opus=00;36:*.spx=00;36:*.xspf=00;36:'), ('GNOME_TERMINAL_SERVICE', ':1.119'), ('SSH_AGENT_LAUNCHER', 'gnome-keyring'), ('SSH_AUTH_SOCK', '/run/user/1000/keyring/ssh'), ('ROS_DOMAIN_ID', '7'), ('AMENT_PREFIX_PATH', '/home/cjayahansa/ros2N_ws/install/webots_ros2_importer:/home/cjayahansa/ros2N_ws/install/webots_ros2:/home/cjayahansa/ros2N_ws/install/webots_ros2_universal_robot:/home/cjayahansa/ros2N_ws/install/webots_ros2_turtlebot:/home/cjayahansa/ros2N_ws/install/webots_ros2_tiago:/home/cjayahansa/ros2N_ws/install/webots_ros2_tests:/home/cjayahansa/ros2N_ws/install/webots_ros2_tesla:/home/cjayahansa/ros2N_ws/install/webots_ros2_mavic:/home/cjayahansa/ros2N_ws/install/webots_ros2_husarion:/home/cjayahansa/ros2N_ws/install/webots_ros2_epuck:/home/cjayahansa/ros2N_ws/install/webots_ros2_crazyflie:/home/cjayahansa/ros2N_ws/install/webots_ros2_control:/home/cjayahansa/ros2N_ws/install/webots_ros2_driver:/home/cjayahansa/ros2N_ws/install/webots_ros2_msgs:/home/cjayahansa/ros2_ws/install/my_first_package:/opt/ros/humble'), ('SHELL', '/bin/bash'), ('QT_ACCESSIBILITY', '1'), ('GDMSESSION', 'pop'), ('LESSCLOSE', '/usr/bin/lesspipe %s %s'), ('GPG_AGENT_INFO', '/run/user/1000/gnupg/S.gpg-agent:0:1'), ('QT_IM_MODULE', 'ibus'), ('PWD', '/home/cjayahansa/ros2N_ws/build/webots_ros2_driver'), ('LC_ALL', 'en_US.UTF-8'), ('XDG_CONFIG_DIRS', '/etc/xdg/xdg-pop:/etc/xdg'), ('XDG_DATA_DIRS', '/usr/share/pop:/usr/share/gnome:/home/cjayahansa/.local/share/flatpak/exports/share:/var/lib/flatpak/exports/share:/usr/local/share/:/usr/share/'), ('PYTHONPATH', '/home/cjayahansa/ros2N_ws/build/webots_ros2_importer:/home/cjayahansa/ros2N_ws/install/webots_ros2_importer/lib/python3.10/site-packages:/home/cjayahansa/ros2N_ws/install/webots_ros2/lib/python3.10/site-packages:/home/cjayahansa/ros2N_ws/install/webots_ros2_universal_robot/lib/python3.10/site-packages:/home/cjayahansa/ros2N_ws/install/webots_ros2_turtlebot/lib/python3.10/site-packages:/home/cjayahansa/ros2N_ws/install/webots_ros2_tiago/lib/python3.10/site-packages:/home/cjayahansa/ros2N_ws/install/webots_ros2_tests/lib/python3.10/site-packages:/home/cjayahansa/ros2N_ws/install/webots_ros2_tesla/lib/python3.10/site-packages:/home/cjayahansa/ros2N_ws/install/webots_ros2_mavic/lib/python3.10/site-packages:/home/cjayahansa/ros2N_ws/install/webots_ros2_husarion/lib/python3.10/site-packages:/home/cjayahansa/ros2N_ws/install/webots_ros2_epuck/lib/python3.10/site-packages:/home/cjayahansa/ros2N_ws/install/webots_ros2_crazyflie/lib/python3.10/site-packages:/home/cjayahansa/ros2N_ws/install/webots_ros2_driver/local/lib/python3.10/dist-packages:/home/cjayahansa/ros2N_ws/install/webots_ros2_msgs/local/lib/python3.10/dist-packages:/home/cjayahansa/ros2_ws/install/my_first_package/lib/python3.10/site-packages:/opt/ros/humble/lib/python3.10/site-packages:/opt/ros/humble/local/lib/python3.10/dist-packages'), ('COLCON', '1'), ('VTE_VERSION', '6800'), ('CMAKE_PREFIX_PATH', '/home/cjayahansa/ros2N_ws/install/webots_ros2_msgs:/home/cjayahansa/ros2N_ws/install/webots_ros2_control:/home/cjayahansa/ros2N_ws/install/webots_ros2_driver:/home/cjayahansa/ros2N_ws/install/webots_ros2:/home/cjayahansa/ros2N_ws/install/webots_ros2_universal_robot:/home/cjayahansa/ros2N_ws/install/webots_ros2_turtlebot:/home/cjayahansa/ros2N_ws/install/webots_ros2_tiago:/home/cjayahansa/ros2N_ws/install/webots_ros2_tests:/home/cjayahansa/ros2N_ws/install/webots_ros2_tesla:/home/cjayahansa/ros2N_ws/install/webots_ros2_mavic:/home/cjayahansa/ros2N_ws/install/webots_ros2_husarion:/home/cjayahansa/ros2N_ws/install/webots_ros2_epuck:/home/cjayahansa/ros2N_ws/install/webots_ros2_crazyflie:/home/cjayahansa/ros2N_ws/install/webots_ros2_importer:/home/cjayahansa/ros2_ws/install/my_first_package:/opt/ros/humble')]), 'shell': False}
[11.210631] (webots_ros2_driver) StdoutLine: {'line': b'-- The C compiler identification is GNU 11.4.0\n'}
[11.230988] (-) TimerEvent: {}
[11.267776] (webots_ros2_driver) StdoutLine: {'line': b'-- The CXX compiler identification is GNU 11.4.0\n'}
[11.275726] (webots_ros2_driver) StdoutLine: {'line': b'-- Detecting C compiler ABI info\n'}
[11.331145] (-) TimerEvent: {}
[11.351162] (webots_ros2_driver) StdoutLine: {'line': b'-- Detecting C compiler ABI info - done\n'}
[11.357657] (webots_ros2_driver) StdoutLine: {'line': b'-- Check for working C compiler: /usr/bin/cc - skipped\n'}
[11.357951] (webots_ros2_driver) StdoutLine: {'line': b'-- Detecting C compile features\n'}
[11.358208] (webots_ros2_driver) StdoutLine: {'line': b'-- Detecting C compile features - done\n'}
[11.360757] (webots_ros2_driver) StdoutLine: {'line': b'-- Detecting CXX compiler ABI info\n'}
[11.431296] (-) TimerEvent: {}
[11.443418] (webots_ros2_driver) StdoutLine: {'line': b'-- Detecting CXX compiler ABI info - done\n'}
[11.450139] (webots_ros2_driver) StdoutLine: {'line': b'-- Check for working CXX compiler: /usr/bin/c++ - skipped\n'}
[11.450379] (webots_ros2_driver) StdoutLine: {'line': b'-- Detecting CXX compile features\n'}
[11.450789] (webots_ros2_driver) StdoutLine: {'line': b'-- Detecting CXX compile features - done\n'}
[11.453316] (webots_ros2_driver) StdoutLine: {'line': b'-- Found ament_cmake: 1.3.12 (/opt/ros/humble/share/ament_cmake/cmake)\n'}
[11.531395] (-) TimerEvent: {}
[11.600209] (webots_ros2_driver) StdoutLine: {'line': b'-- Found Python3: /usr/bin/python3 (found version "3.10.12") found components: Interpreter \n'}
[11.631554] (-) TimerEvent: {}
[11.658573] (webots_ros2_driver) StdoutLine: {'line': b'-- Override CMake install command with custom implementation using symlinks instead of copying resources\n'}
[11.688476] (webots_ros2_driver) StdoutLine: {'line': b'-- Found rosgraph_msgs: 1.2.2 (/opt/ros/humble/share/rosgraph_msgs/cmake)\n'}
[11.722440] (webots_ros2_driver) StdoutLine: {'line': b'-- Found rosidl_generator_c: 3.1.7 (/opt/ros/humble/share/rosidl_generator_c/cmake)\n'}
[11.727822] (webots_ros2_driver) StdoutLine: {'line': b'-- Found rosidl_adapter: 3.1.7 (/opt/ros/humble/share/rosidl_adapter/cmake)\n'}
[11.731659] (-) TimerEvent: {}
[11.736026] (webots_ros2_driver) StdoutLine: {'line': b'-- Found rosidl_generator_cpp: 3.1.7 (/opt/ros/humble/share/rosidl_generator_cpp/cmake)\n'}
[11.747676] (webots_ros2_driver) StdoutLine: {'line': b'-- Using all available rosidl_typesupport_c: rosidl_typesupport_fastrtps_c;rosidl_typesupport_introspection_c\n'}
[11.763150] (webots_ros2_driver) StdoutLine: {'line': b'-- Using all available rosidl_typesupport_cpp: rosidl_typesupport_fastrtps_cpp;rosidl_typesupport_introspection_cpp\n'}
[11.787433] (webots_ros2_driver) StdoutLine: {'line': b'-- Found rclcpp: 16.0.15 (/opt/ros/humble/share/rclcpp/cmake)\n'}
[11.824753] (webots_ros2_driver) StdoutLine: {'line': b'-- Found rmw_implementation_cmake: 6.1.2 (/opt/ros/humble/share/rmw_implementation_cmake/cmake)\n'}
[11.827768] (webots_ros2_driver) StdoutLine: {'line': b'-- Found rmw_fastrtps_cpp: 6.2.9 (/opt/ros/humble/share/rmw_fastrtps_cpp/cmake)\n'}
[11.831774] (-) TimerEvent: {}
[11.932141] (-) TimerEvent: {}
[11.943452] (webots_ros2_driver) StdoutLine: {'line': b'-- Found OpenSSL: /usr/lib/x86_64-linux-gnu/libcrypto.so (found version "3.0.2")  \n'}
[11.972086] (webots_ros2_driver) StdoutLine: {'line': b'-- Found FastRTPS: /opt/ros/humble/include  \n'}
[12.015398] (webots_ros2_driver) StdoutLine: {'line': b"-- Using RMW implementation 'rmw_fastrtps_cpp' as default\n"}
[12.023949] (webots_ros2_driver) StdoutLine: {'line': b'-- Looking for pthread.h\n'}
[12.032246] (-) TimerEvent: {}
[12.101930] (webots_ros2_driver) StdoutLine: {'line': b'-- Looking for pthread.h - found\n'}
[12.102143] (webots_ros2_driver) StdoutLine: {'line': b'-- Performing Test CMAKE_HAVE_LIBC_PTHREAD\n'}
[12.132381] (-) TimerEvent: {}
[12.183468] (webots_ros2_driver) StdoutLine: {'line': b'-- Performing Test CMAKE_HAVE_LIBC_PTHREAD - Success\n'}
[12.184431] (webots_ros2_driver) StdoutLine: {'line': b'-- Found Threads: TRUE  \n'}
[12.219809] (webots_ros2_driver) StdoutLine: {'line': b'-- Found pluginlib: 5.1.2 (/opt/ros/humble/share/pluginlib/cmake)\n'}
[12.232513] (-) TimerEvent: {}
[12.246222] (webots_ros2_driver) StdoutLine: {'line': b'-- Found sensor_msgs: 4.9.0 (/opt/ros/humble/share/sensor_msgs/cmake)\n'}
[12.273848] (webots_ros2_driver) StdoutLine: {'line': b'-- Found tf2_geometry_msgs: 0.25.16 (/opt/ros/humble/share/tf2_geometry_msgs/cmake)\n'}
[12.288766] (webots_ros2_driver) StdoutLine: {'line': b'-- Found eigen3_cmake_module: 0.1.1 (/opt/ros/humble/share/eigen3_cmake_module/cmake)\n'}
[12.289846] (webots_ros2_driver) StdoutLine: {'line': b'-- Found Eigen3: TRUE (found version "3.4.0") \n'}
[12.290050] (webots_ros2_driver) StdoutLine: {'line': b'-- Ensuring Eigen3 include directory is part of orocos-kdl CMake target\n'}
[12.332652] (-) TimerEvent: {}
[12.376665] (webots_ros2_driver) StdoutLine: {'line': b'-- Found vision_msgs: 4.1.1 (/opt/ros/humble/share/vision_msgs/cmake)\n'}
[12.389480] (webots_ros2_driver) StdoutLine: {'line': b'-- Found webots_ros2_msgs: 2025.0.1 (/home/cjayahansa/ros2N_ws/install/webots_ros2_msgs/share/webots_ros2_msgs/cmake)\n'}
[12.405894] (webots_ros2_driver) StdoutLine: {'line': b'-- Found TinyXML2 via Config file: TinyXML2_DIR-NOTFOUND\n'}
[12.432760] (-) TimerEvent: {}
[12.533032] (-) TimerEvent: {}
[12.613047] (webots_ros2_driver) StdoutLine: {'line': b'-- Found Python: /usr/include/python3.10 (found suitable exact version "3.10.12") found components: Development Development.Module Development.Embed \n'}
[12.633172] (-) TimerEvent: {}
[12.733545] (-) TimerEvent: {}
[12.833959] (-) TimerEvent: {}
[12.886292] (webots_ros2_driver) StdoutLine: {'line': b'-- Configuring done\n'}
[12.913138] (webots_ros2_driver) StdoutLine: {'line': b'-- Generating done\n'}
[12.922691] (webots_ros2_driver) StdoutLine: {'line': b'-- Build files have been written to: /home/cjayahansa/ros2N_ws/build/webots_ros2_driver\n'}
[12.934113] (-) TimerEvent: {}
[12.934656] (webots_ros2_driver) CommandEnded: {'returncode': 0}
[12.935478] (webots_ros2_driver) JobProgress: {'identifier': 'webots_ros2_driver', 'progress': 'build'}
[12.936591] (webots_ros2_driver) Command: {'cmd': ['/usr/bin/cmake', '--build', '/home/cjayahansa/ros2N_ws/build/webots_ros2_driver', '--', '-j12', '-l12'], 'cwd': '/home/cjayahansa/ros2N_ws/build/webots_ros2_driver', 'env': OrderedDict([('LESSOPEN', '| /usr/bin/lesspipe %s'), ('USER', 'cjayahansa'), ('XDG_SESSION_TYPE', 'x11'), ('SHLVL', '1'), ('LD_LIBRARY_PATH', '/home/cjayahansa/ros2N_ws/install/webots_ros2_msgs/lib:/home/cjayahansa/ros2N_ws/install/webots_ros2_control/lib:/home/cjayahansa/ros2N_ws/install/webots_ros2_driver/lib:/opt/ros/humble/opt/rviz_ogre_vendor/lib:/opt/ros/humble/lib/x86_64-linux-gnu:/opt/ros/humble/lib'), ('HOME', '/home/cjayahansa'), ('OLDPWD', '/home/cjayahansa/ros2N_ws/src'), ('DESKTOP_SESSION', 'pop'), ('ROS_PYTHON_VERSION', '3'), ('GNOME_SHELL_SESSION_MODE', 'pop'), ('GTK_MODULES', 'gail:atk-bridge'), ('PS1', '\\[\\033[01;36m\\]\\u@\\h\\[\\033[00m\\]:\\[\\033[01;34m\\]\\w\\[\\033[00m\\]$'), ('SYSTEMD_EXEC_PID', '1818'), ('DBUS_SESSION_BUS_ADDRESS', 'unix:path=/run/user/1000/bus'), ('COLORTERM', 'truecolor'), ('COLCON_PREFIX_PATH', '/home/cjayahansa/ros2N_ws/install:/home/cjayahansa/ros2_ws/install'), ('ROS_DISTRO', 'humble'), ('GTK_IM_MODULE', 'ibus'), ('LOGNAME', 'cjayahansa'), ('_', '/usr/bin/colcon'), ('ROS_VERSION', '2'), ('XDG_SESSION_CLASS', 'user'), ('USERNAME', 'cjayahansa'), ('TERM', 'xterm-256color'), ('GNOME_DESKTOP_SESSION_ID', 'this-is-deprecated'), ('ROS_LOCALHOST_ONLY', '1'), ('WINDOWPATH', '2'), ('PATH', '/opt/ros/humble/bin:/home/cjayahansa/.local/bin:/usr/local/sbin:/usr/local/bin:/usr/sbin:/usr/bin:/sbin:/bin:/usr/games:/usr/local/games:/snap/bin'), ('SESSION_MANAGER', 'local/pop-os:@/tmp/.ICE-unix/1790,unix/pop-os:/tmp/.ICE-unix/1790'), ('XDG_MENU_PREFIX', 'gnome-'), ('GNOME_TERMINAL_SCREEN', '/org/gnome/Terminal/screen/69401945_8890_4a44_bef3_4bbc698c193c'), ('XDG_RUNTIME_DIR', '/run/user/1000'), ('DISPLAY', ':1'), ('LANG', 'en_US.UTF-8'), ('XDG_CURRENT_DESKTOP', 'pop:GNOME'), ('XMODIFIERS', '@im=ibus'), ('XDG_SESSION_DESKTOP', 'pop'), ('XAUTHORITY', '/run/user/1000/gdm/Xauthority'), ('LS_COLORS', 'rs=0:di=01;34:ln=01;36:mh=00:pi=40;33:so=01;35:do=01;35:bd=40;33;01:cd=40;33;01:or=40;31;01:mi=00:su=37;41:sg=30;43:ca=30;41:tw=30;42:ow=34;42:st=37;44:ex=01;32:*.tar=01;31:*.tgz=01;31:*.arc=01;31:*.arj=01;31:*.taz=01;31:*.lha=01;31:*.lz4=01;31:*.lzh=01;31:*.lzma=01;31:*.tlz=01;31:*.txz=01;31:*.tzo=01;31:*.t7z=01;31:*.zip=01;31:*.z=01;31:*.dz=01;31:*.gz=01;31:*.lrz=01;31:*.lz=01;31:*.lzo=01;31:*.xz=01;31:*.zst=01;31:*.tzst=01;31:*.bz2=01;31:*.bz=01;31:*.tbz=01;31:*.tbz2=01;31:*.tz=01;31:*.deb=01;31:*.rpm=01;31:*.jar=01;31:*.war=01;31:*.ear=01;31:*.sar=01;31:*.rar=01;31:*.alz=01;31:*.ace=01;31:*.zoo=01;31:*.cpio=01;31:*.7z=01;31:*.rz=01;31:*.cab=01;31:*.wim=01;31:*.swm=01;31:*.dwm=01;31:*.esd=01;31:*.jpg=01;35:*.jpeg=01;35:*.mjpg=01;35:*.mjpeg=01;35:*.gif=01;35:*.bmp=01;35:*.pbm=01;35:*.pgm=01;35:*.ppm=01;35:*.tga=01;35:*.xbm=01;35:*.xpm=01;35:*.tif=01;35:*.tiff=01;35:*.png=01;35:*.svg=01;35:*.svgz=01;35:*.mng=01;35:*.pcx=01;35:*.mov=01;35:*.mpg=01;35:*.mpeg=01;35:*.m2v=01;35:*.mkv=01;35:*.webm=01;35:*.webp=01;35:*.ogm=01;35:*.mp4=01;35:*.m4v=01;35:*.mp4v=01;35:*.vob=01;35:*.qt=01;35:*.nuv=01;35:*.wmv=01;35:*.asf=01;35:*.rm=01;35:*.rmvb=01;35:*.flc=01;35:*.avi=01;35:*.fli=01;35:*.flv=01;35:*.gl=01;35:*.dl=01;35:*.xcf=01;35:*.xwd=01;35:*.yuv=01;35:*.cgm=01;35:*.emf=01;35:*.ogv=01;35:*.ogx=01;35:*.aac=00;36:*.au=00;36:*.flac=00;36:*.m4a=00;36:*.mid=00;36:*.midi=00;36:*.mka=00;36:*.mp3=00;36:*.mpc=00;36:*.ogg=00;36:*.ra=00;36:*.wav=00;36:*.oga=00;36:*.opus=00;36:*.spx=00;36:*.xspf=00;36:'), ('GNOME_TERMINAL_SERVICE', ':1.119'), ('SSH_AGENT_LAUNCHER', 'gnome-keyring'), ('SSH_AUTH_SOCK', '/run/user/1000/keyring/ssh'), ('ROS_DOMAIN_ID', '7'), ('AMENT_PREFIX_PATH', '/home/cjayahansa/ros2N_ws/install/webots_ros2_importer:/home/cjayahansa/ros2N_ws/install/webots_ros2:/home/cjayahansa/ros2N_ws/install/webots_ros2_universal_robot:/home/cjayahansa/ros2N_ws/install/webots_ros2_turtlebot:/home/cjayahansa/ros2N_ws/install/webots_ros2_tiago:/home/cjayahansa/ros2N_ws/install/webots_ros2_tests:/home/cjayahansa/ros2N_ws/install/webots_ros2_tesla:/home/cjayahansa/ros2N_ws/install/webots_ros2_mavic:/home/cjayahansa/ros2N_ws/install/webots_ros2_husarion:/home/cjayahansa/ros2N_ws/install/webots_ros2_epuck:/home/cjayahansa/ros2N_ws/install/webots_ros2_crazyflie:/home/cjayahansa/ros2N_ws/install/webots_ros2_control:/home/cjayahansa/ros2N_ws/install/webots_ros2_driver:/home/cjayahansa/ros2N_ws/install/webots_ros2_msgs:/home/cjayahansa/ros2_ws/install/my_first_package:/opt/ros/humble'), ('SHELL', '/bin/bash'), ('QT_ACCESSIBILITY', '1'), ('GDMSESSION', 'pop'), ('LESSCLOSE', '/usr/bin/lesspipe %s %s'), ('GPG_AGENT_INFO', '/run/user/1000/gnupg/S.gpg-agent:0:1'), ('QT_IM_MODULE', 'ibus'), ('PWD', '/home/cjayahansa/ros2N_ws/build/webots_ros2_driver'), ('LC_ALL', 'en_US.UTF-8'), ('XDG_CONFIG_DIRS', '/etc/xdg/xdg-pop:/etc/xdg'), ('XDG_DATA_DIRS', '/usr/share/pop:/usr/share/gnome:/home/cjayahansa/.local/share/flatpak/exports/share:/var/lib/flatpak/exports/share:/usr/local/share/:/usr/share/'), ('PYTHONPATH', '/home/cjayahansa/ros2N_ws/build/webots_ros2_importer:/home/cjayahansa/ros2N_ws/install/webots_ros2_importer/lib/python3.10/site-packages:/home/cjayahansa/ros2N_ws/install/webots_ros2/lib/python3.10/site-packages:/home/cjayahansa/ros2N_ws/install/webots_ros2_universal_robot/lib/python3.10/site-packages:/home/cjayahansa/ros2N_ws/install/webots_ros2_turtlebot/lib/python3.10/site-packages:/home/cjayahansa/ros2N_ws/install/webots_ros2_tiago/lib/python3.10/site-packages:/home/cjayahansa/ros2N_ws/install/webots_ros2_tests/lib/python3.10/site-packages:/home/cjayahansa/ros2N_ws/install/webots_ros2_tesla/lib/python3.10/site-packages:/home/cjayahansa/ros2N_ws/install/webots_ros2_mavic/lib/python3.10/site-packages:/home/cjayahansa/ros2N_ws/install/webots_ros2_husarion/lib/python3.10/site-packages:/home/cjayahansa/ros2N_ws/install/webots_ros2_epuck/lib/python3.10/site-packages:/home/cjayahansa/ros2N_ws/install/webots_ros2_crazyflie/lib/python3.10/site-packages:/home/cjayahansa/ros2N_ws/install/webots_ros2_driver/local/lib/python3.10/dist-packages:/home/cjayahansa/ros2N_ws/install/webots_ros2_msgs/local/lib/python3.10/dist-packages:/home/cjayahansa/ros2_ws/install/my_first_package/lib/python3.10/site-packages:/opt/ros/humble/lib/python3.10/site-packages:/opt/ros/humble/local/lib/python3.10/dist-packages'), ('COLCON', '1'), ('VTE_VERSION', '6800'), ('CMAKE_PREFIX_PATH', '/home/cjayahansa/ros2N_ws/install/webots_ros2_msgs:/home/cjayahansa/ros2N_ws/install/webots_ros2_control:/home/cjayahansa/ros2N_ws/install/webots_ros2_driver:/home/cjayahansa/ros2N_ws/install/webots_ros2:/home/cjayahansa/ros2N_ws/install/webots_ros2_universal_robot:/home/cjayahansa/ros2N_ws/install/webots_ros2_turtlebot:/home/cjayahansa/ros2N_ws/install/webots_ros2_tiago:/home/cjayahansa/ros2N_ws/install/webots_ros2_tests:/home/cjayahansa/ros2N_ws/install/webots_ros2_tesla:/home/cjayahansa/ros2N_ws/install/webots_ros2_mavic:/home/cjayahansa/ros2N_ws/install/webots_ros2_husarion:/home/cjayahansa/ros2N_ws/install/webots_ros2_epuck:/home/cjayahansa/ros2N_ws/install/webots_ros2_crazyflie:/home/cjayahansa/ros2N_ws/install/webots_ros2_importer:/home/cjayahansa/ros2_ws/install/my_first_package:/opt/ros/humble')]), 'shell': False}
[12.997095] (webots_ros2_driver) StdoutLine: {'line': b'[  0%] Built target ament_cmake_python_symlink_vehicle\n'}
[12.997339] (webots_ros2_driver) StdoutLine: {'line': b'[  0%] Built target ament_cmake_python_symlink_webots_ros2_driver\n'}
[12.997450] (webots_ros2_driver) StdoutLine: {'line': b'[  0%] Built target ament_cmake_python_symlink_controller\n'}
[13.034258] (-) TimerEvent: {}
[13.134623] (-) TimerEvent: {}
[13.234993] (-) TimerEvent: {}
[13.258014] (webots_ros2_driver) StdoutLine: {'line': b'running egg_info\n'}
[13.258664] (webots_ros2_driver) StdoutLine: {'line': b'creating controller.egg-info\n'}
[13.258936] (webots_ros2_driver) StdoutLine: {'line': b'writing controller.egg-info/PKG-INFO\n'}
[13.259129] (webots_ros2_driver) StdoutLine: {'line': b'writing dependency_links to controller.egg-info/dependency_links.txt\n'}
[13.259267] (webots_ros2_driver) StdoutLine: {'line': b'writing top-level names to controller.egg-info/top_level.txt\n'}
[13.259523] (webots_ros2_driver) StdoutLine: {'line': b"writing manifest file 'controller.egg-info/SOURCES.txt'\n"}
[13.259728] (webots_ros2_driver) StdoutLine: {'line': b'running egg_info\n'}
[13.260447] (webots_ros2_driver) StdoutLine: {'line': b'creating webots_ros2_driver.egg-info\n'}
[13.260645] (webots_ros2_driver) StdoutLine: {'line': b'writing webots_ros2_driver.egg-info/PKG-INFO\n'}
[13.260840] (webots_ros2_driver) StdoutLine: {'line': b'writing dependency_links to webots_ros2_driver.egg-info/dependency_links.txt\n'}
[13.261045] (webots_ros2_driver) StdoutLine: {'line': b'writing top-level names to webots_ros2_driver.egg-info/top_level.txt\n'}
[13.261379] (webots_ros2_driver) StdoutLine: {'line': b"writing manifest file 'webots_ros2_driver.egg-info/SOURCES.txt'\n"}
[13.262069] (webots_ros2_driver) StdoutLine: {'line': b'running egg_info\n'}
[13.262454] (webots_ros2_driver) StdoutLine: {'line': b"reading manifest file 'controller.egg-info/SOURCES.txt'\n"}
[13.262899] (webots_ros2_driver) StdoutLine: {'line': b'creating vehicle.egg-info\n'}
[13.263226] (webots_ros2_driver) StdoutLine: {'line': b'writing vehicle.egg-info/PKG-INFO\n'}
[13.263382] (webots_ros2_driver) StdoutLine: {'line': b"writing manifest file 'controller.egg-info/SOURCES.txt'\n"}
[13.263513] (webots_ros2_driver) StdoutLine: {'line': b'writing dependency_links to vehicle.egg-info/dependency_links.txt\n'}
[13.263615] (webots_ros2_driver) StdoutLine: {'line': b'writing top-level names to vehicle.egg-info/top_level.txt\n'}
[13.263760] (webots_ros2_driver) StdoutLine: {'line': b"reading manifest file 'webots_ros2_driver.egg-info/SOURCES.txt'\n"}
[13.263982] (webots_ros2_driver) StdoutLine: {'line': b"writing manifest file 'vehicle.egg-info/SOURCES.txt'\n"}
[13.264452] (webots_ros2_driver) StdoutLine: {'line': b"writing manifest file 'webots_ros2_driver.egg-info/SOURCES.txt'\n"}
[13.266885] (webots_ros2_driver) StdoutLine: {'line': b"reading manifest file 'vehicle.egg-info/SOURCES.txt'\n"}
[13.267413] (webots_ros2_driver) StdoutLine: {'line': b"writing manifest file 'vehicle.egg-info/SOURCES.txt'\n"}
[13.312320] (webots_ros2_driver) StdoutLine: {'line': b'[  0%] Built target ament_cmake_python_build_controller_egg\n'}
[13.312570] (webots_ros2_driver) StdoutLine: {'line': b'[  0%] Built target ament_cmake_python_build_webots_ros2_driver_egg\n'}
[13.314243] (webots_ros2_driver) StdoutLine: {'line': b'[  0%] Built target ament_cmake_python_build_vehicle_egg\n'}
[13.335115] (-) TimerEvent: {}
[13.435444] (-) TimerEvent: {}
[13.509366] (webots_ros2_driver) StdoutLine: {'line': b'[  0%] Built target compile-lib-controller\n'}
[13.535554] (-) TimerEvent: {}
[13.587049] (webots_ros2_driver) StdoutLine: {'line': b'[  0%] Built target compile-generic-window\n'}
[13.635657] (-) TimerEvent: {}
[13.735966] (-) TimerEvent: {}
[13.836388] (-) TimerEvent: {}
[13.936786] (-) TimerEvent: {}
[14.037178] (-) TimerEvent: {}
[14.095170] (webots_ros2_driver) StdoutLine: {'line': b'[  0%] Built target compile-lib-vehicle\n'}
[14.120675] (webots_ros2_driver) StdoutLine: {'line': b'[ 18%] \x1b[32mBuilding CXX object CMakeFiles/webots_ros2_driver_rgbd.dir/src/plugins/dynamic/Ros2RGBD.cpp.o\x1b[0m\n'}
[14.120978] (webots_ros2_driver) StdoutLine: {'line': b'[ 18%] \x1b[32mBuilding CXX object CMakeFiles/webots_ros2_driver_imu.dir/src/plugins/Ros2SensorPlugin.cpp.o\x1b[0m\n'}
[14.121063] (webots_ros2_driver) StdoutLine: {'line': b'[ 18%] \x1b[32mBuilding CXX object CMakeFiles/webots_ros2_driver_imu.dir/src/plugins/dynamic/Ros2IMU.cpp.o\x1b[0m\n'}
[14.121132] (webots_ros2_driver) StdoutLine: {'line': b'[ 33%] \x1b[32mBuilding CXX object CMakeFiles/driver.dir/src/WebotsNode.cpp.o\x1b[0m\n'}
[14.121212] (webots_ros2_driver) StdoutLine: {'line': b'[ 37%] \x1b[32mBuilding CXX object CMakeFiles/webots_ros2_driver_imu.dir/src/utils/Utils.cpp.o\x1b[0m\n'}
[14.122882] (webots_ros2_driver) StdoutLine: {'line': b'[ 18%] \x1b[32mBuilding CXX object CMakeFiles/webots_ros2_driver_rgbd.dir/src/plugins/Ros2SensorPlugin.cpp.o\x1b[0m\n'}
[14.123141] (webots_ros2_driver) StdoutLine: {'line': b'[ 44%] \x1b[32mBuilding CXX object CMakeFiles/driver.dir/src/Driver.cpp.o\x1b[0m\n'}
[14.123216] (webots_ros2_driver) StdoutLine: {'line': b'[ 44%] \x1b[32mBuilding CXX object CMakeFiles/driver.dir/src/plugins/Ros2SensorPlugin.cpp.o\x1b[0m\n'}
[14.123266] (webots_ros2_driver) StdoutLine: {'line': b'[ 44%] \x1b[32mBuilding CXX object CMakeFiles/driver.dir/src/plugins/static/Ros2LED.cpp.o\x1b[0m\n'}
[14.123309] (webots_ros2_driver) StdoutLine: {'line': b'[ 44%] \x1b[32mBuilding CXX object CMakeFiles/webots_ros2_driver_rgbd.dir/src/utils/Utils.cpp.o\x1b[0m\n'}
[14.123351] (webots_ros2_driver) StdoutLine: {'line': b'[ 44%] \x1b[32mBuilding CXX object CMakeFiles/driver.dir/src/PythonPlugin.cpp.o\x1b[0m\n'}
[14.123393] (webots_ros2_driver) StdoutLine: {'line': b'[ 44%] \x1b[32mBuilding CXX object CMakeFiles/driver.dir/src/plugins/static/Ros2Lidar.cpp.o\x1b[0m\n'}
[14.137968] (-) TimerEvent: {}
[14.238318] (-) TimerEvent: {}
[14.338835] (-) TimerEvent: {}
[14.442137] (-) TimerEvent: {}
[14.542525] (-) TimerEvent: {}
[14.643065] (-) TimerEvent: {}
[14.664080] (webots_ros2_driver) StdoutLine: {'line': b'[ 51%] \x1b[32mBuilding CXX object CMakeFiles/driver.dir/src/plugins/static/Ros2Camera.cpp.o\x1b[0m\n'}
[14.664327] (webots_ros2_driver) StdoutLine: {'line': b'[ 51%] \x1b[32mBuilding CXX object CMakeFiles/driver.dir/src/plugins/static/Ros2Pen.cpp.o\x1b[0m\n'}
[14.743204] (-) TimerEvent: {}
[14.845234] (-) TimerEvent: {}
[14.949215] (-) TimerEvent: {}
[15.049679] (-) TimerEvent: {}
[15.150150] (-) TimerEvent: {}
[15.250611] (-) TimerEvent: {}
[15.351079] (-) TimerEvent: {}
[15.451992] (-) TimerEvent: {}
[15.552441] (-) TimerEvent: {}
[15.656218] (-) TimerEvent: {}
[15.756714] (-) TimerEvent: {}
[15.857201] (-) TimerEvent: {}
[15.957694] (-) TimerEvent: {}
[16.058192] (-) TimerEvent: {}
[16.158686] (-) TimerEvent: {}
[16.259995] (-) TimerEvent: {}
[16.360629] (-) TimerEvent: {}
[16.464211] (-) TimerEvent: {}
[16.564680] (-) TimerEvent: {}
[16.667226] (-) TimerEvent: {}
[16.767851] (-) TimerEvent: {}
[16.872229] (-) TimerEvent: {}
[16.972694] (-) TimerEvent: {}
[17.073194] (-) TimerEvent: {}
[17.173692] (-) TimerEvent: {}
[17.274997] (-) TimerEvent: {}
[17.375480] (-) TimerEvent: {}
[17.475999] (-) TimerEvent: {}
[17.578003] (-) TimerEvent: {}
[17.678373] (-) TimerEvent: {}
[17.778770] (-) TimerEvent: {}
[17.879129] (-) TimerEvent: {}
[17.983227] (-) TimerEvent: {}
[18.083646] (-) TimerEvent: {}
[18.186165] (-) TimerEvent: {}
[18.291833] (-) TimerEvent: {}
[18.392380] (-) TimerEvent: {}
[18.492985] (-) TimerEvent: {}
[18.596016] (-) TimerEvent: {}
[18.696977] (-) TimerEvent: {}
[18.797397] (-) TimerEvent: {}
[18.897998] (-) TimerEvent: {}
[19.000002] (-) TimerEvent: {}
[19.100404] (-) TimerEvent: {}
[19.200840] (-) TimerEvent: {}
[19.301249] (-) TimerEvent: {}
[19.401638] (-) TimerEvent: {}
[19.502133] (-) TimerEvent: {}
[19.602583] (-) TimerEvent: {}
[19.703002] (-) TimerEvent: {}
[19.803490] (-) TimerEvent: {}
[19.904074] (-) TimerEvent: {}
[20.008201] (-) TimerEvent: {}
[20.108627] (-) TimerEvent: {}
[20.209084] (-) TimerEvent: {}
[20.309525] (-) TimerEvent: {}
[20.413214] (-) TimerEvent: {}
[20.513713] (-) TimerEvent: {}
[20.614157] (-) TimerEvent: {}
[20.714570] (-) TimerEvent: {}
[20.816173] (-) TimerEvent: {}
[20.916604] (-) TimerEvent: {}
[21.017006] (-) TimerEvent: {}
[21.120218] (-) TimerEvent: {}
[21.220726] (-) TimerEvent: {}
[21.321231] (-) TimerEvent: {}
[21.425189] (-) TimerEvent: {}
[21.525639] (-) TimerEvent: {}
[21.626305] (-) TimerEvent: {}
[21.726989] (-) TimerEvent: {}
[21.827972] (-) TimerEvent: {}
[21.928332] (-) TimerEvent: {}
[22.030257] (-) TimerEvent: {}
[22.131992] (-) TimerEvent: {}
[22.232434] (-) TimerEvent: {}
[22.335246] (-) TimerEvent: {}
[22.436840] (-) TimerEvent: {}
[22.537243] (-) TimerEvent: {}
[22.638240] (-) TimerEvent: {}
[22.725932] (webots_ros2_driver) StdoutLine: {'line': b'[ 55%] \x1b[32mBuilding CXX object CMakeFiles/driver.dir/src/plugins/static/Ros2GPS.cpp.o\x1b[0m\n'}
[22.738389] (-) TimerEvent: {}
[22.838979] (-) TimerEvent: {}
[22.942219] (-) TimerEvent: {}
[23.024962] (webots_ros2_driver) StdoutLine: {'line': b'[ 59%] \x1b[32mBuilding CXX object CMakeFiles/driver.dir/src/plugins/static/Ros2RangeFinder.cpp.o\x1b[0m\n'}
[23.045868] (-) TimerEvent: {}
[23.146344] (-) TimerEvent: {}
[23.247081] (-) TimerEvent: {}
[23.347608] (-) TimerEvent: {}
[23.449304] (-) TimerEvent: {}
[23.506328] (webots_ros2_driver) StdoutLine: {'line': b'[ 62%] \x1b[32mBuilding CXX object CMakeFiles/driver.dir/src/plugins/static/Ros2DistanceSensor.cpp.o\x1b[0m\n'}
[23.551012] (-) TimerEvent: {}
[23.651396] (-) TimerEvent: {}
[23.716990] (webots_ros2_driver) StdoutLine: {'line': b'[ 66%] \x1b[32mBuilding CXX object CMakeFiles/driver.dir/src/plugins/static/Ros2LightSensor.cpp.o\x1b[0m\n'}
[23.751551] (-) TimerEvent: {}
[23.851981] (-) TimerEvent: {}
[23.871513] (webots_ros2_driver) StdoutLine: {'line': b'[ 70%] \x1b[32mBuilding CXX object CMakeFiles/driver.dir/src/plugins/static/Ros2Emitter.cpp.o\x1b[0m\n'}
[23.952162] (-) TimerEvent: {}
[24.052660] (-) TimerEvent: {}
[24.157011] (-) TimerEvent: {}
[24.257726] (-) TimerEvent: {}
[24.359002] (-) TimerEvent: {}
[24.459493] (-) TimerEvent: {}
[24.561315] (-) TimerEvent: {}
[24.666178] (-) TimerEvent: {}
[24.766620] (-) TimerEvent: {}
[24.867069] (-) TimerEvent: {}
[24.967693] (-) TimerEvent: {}
[25.068311] (-) TimerEvent: {}
[25.171214] (-) TimerEvent: {}
[25.271689] (-) TimerEvent: {}
[25.373162] (-) TimerEvent: {}
[25.474443] (-) TimerEvent: {}
[25.578200] (-) TimerEvent: {}
[25.679134] (-) TimerEvent: {}
[25.781145] (-) TimerEvent: {}
[25.881602] (-) TimerEvent: {}
[25.982163] (-) TimerEvent: {}
[26.084992] (-) TimerEvent: {}
[26.185476] (-) TimerEvent: {}
[26.285968] (-) TimerEvent: {}
[26.387221] (-) TimerEvent: {}
[26.490295] (-) TimerEvent: {}
[26.590791] (-) TimerEvent: {}
[26.604588] (webots_ros2_driver) StdoutLine: {'line': b'[ 74%] \x1b[32m\x1b[1mLinking CXX shared library libwebots_ros2_driver_imu.so\x1b[0m\n'}
[26.690964] (-) TimerEvent: {}
[26.743341] (webots_ros2_driver) StdoutLine: {'line': b'[ 77%] \x1b[32m\x1b[1mLinking CXX shared library libwebots_ros2_driver_rgbd.so\x1b[0m\n'}
[26.791098] (-) TimerEvent: {}
[26.893246] (-) TimerEvent: {}
[26.993759] (-) TimerEvent: {}
[27.096251] (-) TimerEvent: {}
[27.199205] (-) TimerEvent: {}
[27.299747] (-) TimerEvent: {}
[27.400250] (-) TimerEvent: {}
[27.504224] (-) TimerEvent: {}
[27.520372] (webots_ros2_driver) StdoutLine: {'line': b'[ 77%] Built target webots_ros2_driver_imu\n'}
[27.558055] (webots_ros2_driver) StdoutLine: {'line': b'[ 81%] \x1b[32mBuilding CXX object CMakeFiles/driver.dir/src/plugins/static/Ros2Receiver.cpp.o\x1b[0m\n'}
[27.570294] (webots_ros2_driver) StdoutLine: {'line': b'[ 81%] Built target webots_ros2_driver_rgbd\n'}
[27.590215] (webots_ros2_driver) StdoutLine: {'line': b'[ 85%] \x1b[32mBuilding CXX object CMakeFiles/driver.dir/src/plugins/static/Ros2Compass.cpp.o\x1b[0m\n'}
[27.604375] (-) TimerEvent: {}
[27.704987] (-) TimerEvent: {}
[27.806114] (-) TimerEvent: {}
[27.908238] (-) TimerEvent: {}
[28.011219] (-) TimerEvent: {}
[28.115164] (-) TimerEvent: {}
[28.215616] (-) TimerEvent: {}
[28.316015] (-) TimerEvent: {}
[28.416502] (-) TimerEvent: {}
[28.516906] (-) TimerEvent: {}
[28.617360] (-) TimerEvent: {}
[28.718001] (-) TimerEvent: {}
[28.819014] (-) TimerEvent: {}
[28.919511] (-) TimerEvent: {}
[29.019994] (-) TimerEvent: {}
[29.073648] (webots_ros2_driver) StdoutLine: {'line': b'[ 88%] \x1b[32mBuilding CXX object CMakeFiles/driver.dir/src/plugins/static/Ros2VacuumGripper.cpp.o\x1b[0m\n'}
[29.120138] (-) TimerEvent: {}
[29.220623] (-) TimerEvent: {}
[29.321271] (-) TimerEvent: {}
[29.424235] (-) TimerEvent: {}
[29.524918] (-) TimerEvent: {}
[29.625561] (-) TimerEvent: {}
[29.727003] (-) TimerEvent: {}
[29.827465] (-) TimerEvent: {}
[29.934254] (-) TimerEvent: {}
[30.034662] (-) TimerEvent: {}
[30.135898] (-) TimerEvent: {}
[30.236532] (-) TimerEvent: {}
[30.340212] (-) TimerEvent: {}
[30.440701] (-) TimerEvent: {}
[30.544176] (-) TimerEvent: {}
[30.644616] (-) TimerEvent: {}
[30.745254] (-) TimerEvent: {}
[30.847213] (-) TimerEvent: {}
[30.949204] (-) TimerEvent: {}
[31.052233] (-) TimerEvent: {}
[31.152920] (-) TimerEvent: {}
[31.253584] (-) TimerEvent: {}
[31.356218] (-) TimerEvent: {}
[31.457994] (-) TimerEvent: {}
[31.561009] (-) TimerEvent: {}
[31.617611] (webots_ros2_driver) StdoutLine: {'line': b'[ 92%] \x1b[32mBuilding CXX object CMakeFiles/driver.dir/src/utils/Math.cpp.o\x1b[0m\n'}
[31.663010] (-) TimerEvent: {}
[31.763489] (-) TimerEvent: {}
[31.864044] (-) TimerEvent: {}
[31.968997] (-) TimerEvent: {}
[32.069445] (-) TimerEvent: {}
[32.170201] (-) TimerEvent: {}
[32.270976] (-) TimerEvent: {}
[32.371366] (-) TimerEvent: {}
[32.473864] (-) TimerEvent: {}
[32.574315] (-) TimerEvent: {}
[32.674770] (-) TimerEvent: {}
[32.775222] (-) TimerEvent: {}
[32.878239] (-) TimerEvent: {}
[32.978649] (-) TimerEvent: {}
[33.082197] (-) TimerEvent: {}
[33.182683] (-) TimerEvent: {}
[33.283199] (-) TimerEvent: {}
[33.383575] (-) TimerEvent: {}
[33.483989] (-) TimerEvent: {}
[33.586554] (-) TimerEvent: {}
[33.687053] (-) TimerEvent: {}
[33.787441] (-) TimerEvent: {}
[33.887912] (-) TimerEvent: {}
[33.988968] (-) TimerEvent: {}
[34.089398] (-) TimerEvent: {}
[34.189997] (-) TimerEvent: {}
[34.290994] (-) TimerEvent: {}
[34.384386] (webots_ros2_driver) StdoutLine: {'line': b'[ 96%] \x1b[32mBuilding CXX object CMakeFiles/driver.dir/src/utils/Utils.cpp.o\x1b[0m\n'}
[34.391136] (-) TimerEvent: {}
[34.495216] (-) TimerEvent: {}
[34.595660] (-) TimerEvent: {}
[34.696290] (-) TimerEvent: {}
[34.796849] (-) TimerEvent: {}
[34.897303] (-) TimerEvent: {}
[34.997723] (-) TimerEvent: {}
[35.098160] (-) TimerEvent: {}
[35.198602] (-) TimerEvent: {}
[35.299040] (-) TimerEvent: {}
[35.399982] (-) TimerEvent: {}
[35.500463] (-) TimerEvent: {}
[35.600983] (-) TimerEvent: {}
[35.701404] (-) TimerEvent: {}
[35.801992] (-) TimerEvent: {}
[35.902660] (-) TimerEvent: {}
[36.003121] (-) TimerEvent: {}
[36.103536] (-) TimerEvent: {}
[36.204003] (-) TimerEvent: {}
[36.304402] (-) TimerEvent: {}
[36.404780] (-) TimerEvent: {}
[36.505187] (-) TimerEvent: {}
[36.605569] (-) TimerEvent: {}
[36.705987] (-) TimerEvent: {}
[36.806384] (-) TimerEvent: {}
[36.906804] (-) TimerEvent: {}
[37.007236] (-) TimerEvent: {}
[37.107645] (-) TimerEvent: {}
[37.208090] (-) TimerEvent: {}
[37.308519] (-) TimerEvent: {}
[37.408946] (-) TimerEvent: {}
[37.509342] (-) TimerEvent: {}
[37.609720] (-) TimerEvent: {}
[37.710058] (-) TimerEvent: {}
[37.810428] (-) TimerEvent: {}
[37.910850] (-) TimerEvent: {}
[38.011279] (-) TimerEvent: {}
[38.111658] (-) TimerEvent: {}
[38.211973] (-) TimerEvent: {}
[38.312275] (-) TimerEvent: {}
[38.412640] (-) TimerEvent: {}
[38.513081] (-) TimerEvent: {}
[38.613421] (-) TimerEvent: {}
[38.714047] (-) TimerEvent: {}
[38.814633] (-) TimerEvent: {}
[38.915039] (-) TimerEvent: {}
[39.015728] (-) TimerEvent: {}
[39.116123] (-) TimerEvent: {}
[39.216495] (-) TimerEvent: {}
[39.316937] (-) TimerEvent: {}
[39.417348] (-) TimerEvent: {}
[39.517738] (-) TimerEvent: {}
[39.618218] (-) TimerEvent: {}
[39.718632] (-) TimerEvent: {}
[39.819084] (-) TimerEvent: {}
[39.919490] (-) TimerEvent: {}
[40.019941] (-) TimerEvent: {}
[40.120355] (-) TimerEvent: {}
[40.220709] (-) TimerEvent: {}
[40.320988] (-) TimerEvent: {}
[40.421358] (-) TimerEvent: {}
[40.521776] (-) TimerEvent: {}
[40.622218] (-) TimerEvent: {}
[40.722741] (-) TimerEvent: {}
[40.823177] (-) TimerEvent: {}
[40.923537] (-) TimerEvent: {}
[41.023865] (-) TimerEvent: {}
[41.124307] (-) TimerEvent: {}
[41.233192] (-) TimerEvent: {}
[41.333698] (-) TimerEvent: {}
[41.434131] (-) TimerEvent: {}
[41.534504] (-) TimerEvent: {}
[41.634808] (-) TimerEvent: {}
[41.735165] (-) TimerEvent: {}
[41.835448] (-) TimerEvent: {}
[41.936074] (-) TimerEvent: {}
[42.036504] (-) TimerEvent: {}
[42.116324] (webots_ros2_driver) StdoutLine: {'line': b'[100%] \x1b[32m\x1b[1mLinking CXX executable driver\x1b[0m\n'}
[42.136632] (-) TimerEvent: {}
[42.236984] (-) TimerEvent: {}
[42.337360] (-) TimerEvent: {}
[42.437822] (-) TimerEvent: {}
[42.538255] (-) TimerEvent: {}
[42.638700] (-) TimerEvent: {}
[42.739288] (-) TimerEvent: {}
[42.839749] (-) TimerEvent: {}
[42.940203] (-) TimerEvent: {}
[43.040571] (-) TimerEvent: {}
[43.141012] (-) TimerEvent: {}
[43.241427] (-) TimerEvent: {}
[43.341973] (-) TimerEvent: {}
[43.442402] (-) TimerEvent: {}
[43.542760] (-) TimerEvent: {}
[43.643144] (-) TimerEvent: {}
[43.743575] (-) TimerEvent: {}
[43.844005] (-) TimerEvent: {}
[43.944437] (-) TimerEvent: {}
[44.044869] (-) TimerEvent: {}
[44.145320] (-) TimerEvent: {}
[44.245751] (-) TimerEvent: {}
[44.346199] (-) TimerEvent: {}
[44.446627] (-) TimerEvent: {}
[44.547012] (-) TimerEvent: {}
[44.647286] (-) TimerEvent: {}
[44.719171] (webots_ros2_driver) StdoutLine: {'line': b'[100%] Built target driver\n'}
[44.747646] (webots_ros2_driver) CommandEnded: {'returncode': 0}
[44.751614] (-) TimerEvent: {}
[44.754089] (webots_ros2_driver) JobProgress: {'identifier': 'webots_ros2_driver', 'progress': 'install'}
[44.754963] (webots_ros2_driver) Command: {'cmd': ['/usr/bin/cmake', '--install', '/home/cjayahansa/ros2N_ws/build/webots_ros2_driver'], 'cwd': '/home/cjayahansa/ros2N_ws/build/webots_ros2_driver', 'env': OrderedDict([('LESSOPEN', '| /usr/bin/lesspipe %s'), ('USER', 'cjayahansa'), ('XDG_SESSION_TYPE', 'x11'), ('SHLVL', '1'), ('LD_LIBRARY_PATH', '/home/cjayahansa/ros2N_ws/install/webots_ros2_msgs/lib:/home/cjayahansa/ros2N_ws/install/webots_ros2_control/lib:/home/cjayahansa/ros2N_ws/install/webots_ros2_driver/lib:/opt/ros/humble/opt/rviz_ogre_vendor/lib:/opt/ros/humble/lib/x86_64-linux-gnu:/opt/ros/humble/lib'), ('HOME', '/home/cjayahansa'), ('OLDPWD', '/home/cjayahansa/ros2N_ws/src'), ('DESKTOP_SESSION', 'pop'), ('ROS_PYTHON_VERSION', '3'), ('GNOME_SHELL_SESSION_MODE', 'pop'), ('GTK_MODULES', 'gail:atk-bridge'), ('PS1', '\\[\\033[01;36m\\]\\u@\\h\\[\\033[00m\\]:\\[\\033[01;34m\\]\\w\\[\\033[00m\\]$'), ('SYSTEMD_EXEC_PID', '1818'), ('DBUS_SESSION_BUS_ADDRESS', 'unix:path=/run/user/1000/bus'), ('COLORTERM', 'truecolor'), ('COLCON_PREFIX_PATH', '/home/cjayahansa/ros2N_ws/install:/home/cjayahansa/ros2_ws/install'), ('ROS_DISTRO', 'humble'), ('GTK_IM_MODULE', 'ibus'), ('LOGNAME', 'cjayahansa'), ('_', '/usr/bin/colcon'), ('ROS_VERSION', '2'), ('XDG_SESSION_CLASS', 'user'), ('USERNAME', 'cjayahansa'), ('TERM', 'xterm-256color'), ('GNOME_DESKTOP_SESSION_ID', 'this-is-deprecated'), ('ROS_LOCALHOST_ONLY', '1'), ('WINDOWPATH', '2'), ('PATH', '/opt/ros/humble/bin:/home/cjayahansa/.local/bin:/usr/local/sbin:/usr/local/bin:/usr/sbin:/usr/bin:/sbin:/bin:/usr/games:/usr/local/games:/snap/bin'), ('SESSION_MANAGER', 'local/pop-os:@/tmp/.ICE-unix/1790,unix/pop-os:/tmp/.ICE-unix/1790'), ('XDG_MENU_PREFIX', 'gnome-'), ('GNOME_TERMINAL_SCREEN', '/org/gnome/Terminal/screen/69401945_8890_4a44_bef3_4bbc698c193c'), ('XDG_RUNTIME_DIR', '/run/user/1000'), ('DISPLAY', ':1'), ('LANG', 'en_US.UTF-8'), ('XDG_CURRENT_DESKTOP', 'pop:GNOME'), ('XMODIFIERS', '@im=ibus'), ('XDG_SESSION_DESKTOP', 'pop'), ('XAUTHORITY', '/run/user/1000/gdm/Xauthority'), ('LS_COLORS', 'rs=0:di=01;34:ln=01;36:mh=00:pi=40;33:so=01;35:do=01;35:bd=40;33;01:cd=40;33;01:or=40;31;01:mi=00:su=37;41:sg=30;43:ca=30;41:tw=30;42:ow=34;42:st=37;44:ex=01;32:*.tar=01;31:*.tgz=01;31:*.arc=01;31:*.arj=01;31:*.taz=01;31:*.lha=01;31:*.lz4=01;31:*.lzh=01;31:*.lzma=01;31:*.tlz=01;31:*.txz=01;31:*.tzo=01;31:*.t7z=01;31:*.zip=01;31:*.z=01;31:*.dz=01;31:*.gz=01;31:*.lrz=01;31:*.lz=01;31:*.lzo=01;31:*.xz=01;31:*.zst=01;31:*.tzst=01;31:*.bz2=01;31:*.bz=01;31:*.tbz=01;31:*.tbz2=01;31:*.tz=01;31:*.deb=01;31:*.rpm=01;31:*.jar=01;31:*.war=01;31:*.ear=01;31:*.sar=01;31:*.rar=01;31:*.alz=01;31:*.ace=01;31:*.zoo=01;31:*.cpio=01;31:*.7z=01;31:*.rz=01;31:*.cab=01;31:*.wim=01;31:*.swm=01;31:*.dwm=01;31:*.esd=01;31:*.jpg=01;35:*.jpeg=01;35:*.mjpg=01;35:*.mjpeg=01;35:*.gif=01;35:*.bmp=01;35:*.pbm=01;35:*.pgm=01;35:*.ppm=01;35:*.tga=01;35:*.xbm=01;35:*.xpm=01;35:*.tif=01;35:*.tiff=01;35:*.png=01;35:*.svg=01;35:*.svgz=01;35:*.mng=01;35:*.pcx=01;35:*.mov=01;35:*.mpg=01;35:*.mpeg=01;35:*.m2v=01;35:*.mkv=01;35:*.webm=01;35:*.webp=01;35:*.ogm=01;35:*.mp4=01;35:*.m4v=01;35:*.mp4v=01;35:*.vob=01;35:*.qt=01;35:*.nuv=01;35:*.wmv=01;35:*.asf=01;35:*.rm=01;35:*.rmvb=01;35:*.flc=01;35:*.avi=01;35:*.fli=01;35:*.flv=01;35:*.gl=01;35:*.dl=01;35:*.xcf=01;35:*.xwd=01;35:*.yuv=01;35:*.cgm=01;35:*.emf=01;35:*.ogv=01;35:*.ogx=01;35:*.aac=00;36:*.au=00;36:*.flac=00;36:*.m4a=00;36:*.mid=00;36:*.midi=00;36:*.mka=00;36:*.mp3=00;36:*.mpc=00;36:*.ogg=00;36:*.ra=00;36:*.wav=00;36:*.oga=00;36:*.opus=00;36:*.spx=00;36:*.xspf=00;36:'), ('GNOME_TERMINAL_SERVICE', ':1.119'), ('SSH_AGENT_LAUNCHER', 'gnome-keyring'), ('SSH_AUTH_SOCK', '/run/user/1000/keyring/ssh'), ('ROS_DOMAIN_ID', '7'), ('AMENT_PREFIX_PATH', '/home/cjayahansa/ros2N_ws/install/webots_ros2_importer:/home/cjayahansa/ros2N_ws/install/webots_ros2:/home/cjayahansa/ros2N_ws/install/webots_ros2_universal_robot:/home/cjayahansa/ros2N_ws/install/webots_ros2_turtlebot:/home/cjayahansa/ros2N_ws/install/webots_ros2_tiago:/home/cjayahansa/ros2N_ws/install/webots_ros2_tests:/home/cjayahansa/ros2N_ws/install/webots_ros2_tesla:/home/cjayahansa/ros2N_ws/install/webots_ros2_mavic:/home/cjayahansa/ros2N_ws/install/webots_ros2_husarion:/home/cjayahansa/ros2N_ws/install/webots_ros2_epuck:/home/cjayahansa/ros2N_ws/install/webots_ros2_crazyflie:/home/cjayahansa/ros2N_ws/install/webots_ros2_control:/home/cjayahansa/ros2N_ws/install/webots_ros2_driver:/home/cjayahansa/ros2N_ws/install/webots_ros2_msgs:/home/cjayahansa/ros2_ws/install/my_first_package:/opt/ros/humble'), ('SHELL', '/bin/bash'), ('QT_ACCESSIBILITY', '1'), ('GDMSESSION', 'pop'), ('LESSCLOSE', '/usr/bin/lesspipe %s %s'), ('GPG_AGENT_INFO', '/run/user/1000/gnupg/S.gpg-agent:0:1'), ('QT_IM_MODULE', 'ibus'), ('PWD', '/home/cjayahansa/ros2N_ws/build/webots_ros2_driver'), ('LC_ALL', 'en_US.UTF-8'), ('XDG_CONFIG_DIRS', '/etc/xdg/xdg-pop:/etc/xdg'), ('XDG_DATA_DIRS', '/usr/share/pop:/usr/share/gnome:/home/cjayahansa/.local/share/flatpak/exports/share:/var/lib/flatpak/exports/share:/usr/local/share/:/usr/share/'), ('PYTHONPATH', '/home/cjayahansa/ros2N_ws/build/webots_ros2_importer:/home/cjayahansa/ros2N_ws/install/webots_ros2_importer/lib/python3.10/site-packages:/home/cjayahansa/ros2N_ws/install/webots_ros2/lib/python3.10/site-packages:/home/cjayahansa/ros2N_ws/install/webots_ros2_universal_robot/lib/python3.10/site-packages:/home/cjayahansa/ros2N_ws/install/webots_ros2_turtlebot/lib/python3.10/site-packages:/home/cjayahansa/ros2N_ws/install/webots_ros2_tiago/lib/python3.10/site-packages:/home/cjayahansa/ros2N_ws/install/webots_ros2_tests/lib/python3.10/site-packages:/home/cjayahansa/ros2N_ws/install/webots_ros2_tesla/lib/python3.10/site-packages:/home/cjayahansa/ros2N_ws/install/webots_ros2_mavic/lib/python3.10/site-packages:/home/cjayahansa/ros2N_ws/install/webots_ros2_husarion/lib/python3.10/site-packages:/home/cjayahansa/ros2N_ws/install/webots_ros2_epuck/lib/python3.10/site-packages:/home/cjayahansa/ros2N_ws/install/webots_ros2_crazyflie/lib/python3.10/site-packages:/home/cjayahansa/ros2N_ws/install/webots_ros2_driver/local/lib/python3.10/dist-packages:/home/cjayahansa/ros2N_ws/install/webots_ros2_msgs/local/lib/python3.10/dist-packages:/home/cjayahansa/ros2_ws/install/my_first_package/lib/python3.10/site-packages:/opt/ros/humble/lib/python3.10/site-packages:/opt/ros/humble/local/lib/python3.10/dist-packages'), ('COLCON', '1'), ('VTE_VERSION', '6800'), ('CMAKE_PREFIX_PATH', '/home/cjayahansa/ros2N_ws/install/webots_ros2_msgs:/home/cjayahansa/ros2N_ws/install/webots_ros2_control:/home/cjayahansa/ros2N_ws/install/webots_ros2_driver:/home/cjayahansa/ros2N_ws/install/webots_ros2:/home/cjayahansa/ros2N_ws/install/webots_ros2_universal_robot:/home/cjayahansa/ros2N_ws/install/webots_ros2_turtlebot:/home/cjayahansa/ros2N_ws/install/webots_ros2_tiago:/home/cjayahansa/ros2N_ws/install/webots_ros2_tests:/home/cjayahansa/ros2N_ws/install/webots_ros2_tesla:/home/cjayahansa/ros2N_ws/install/webots_ros2_mavic:/home/cjayahansa/ros2N_ws/install/webots_ros2_husarion:/home/cjayahansa/ros2N_ws/install/webots_ros2_epuck:/home/cjayahansa/ros2N_ws/install/webots_ros2_crazyflie:/home/cjayahansa/ros2N_ws/install/webots_ros2_importer:/home/cjayahansa/ros2_ws/install/my_first_package:/opt/ros/humble')]), 'shell': False}
[44.766909] (webots_ros2_driver) StdoutLine: {'line': b'-- Install configuration: ""\n'}
[44.768343] (webots_ros2_driver) StdoutLine: {'line': b'-- Execute custom install script\n'}
[44.768621] (webots_ros2_driver) StdoutLine: {'line': b'-- Symlinking: /home/cjayahansa/ros2N_ws/install/webots_ros2_driver/share/webots_ros2_driver/environment/pythonpath.sh\n'}
[44.777534] (webots_ros2_driver) StdoutLine: {'line': b'-- Symlinking: /home/cjayahansa/ros2N_ws/install/webots_ros2_driver/share/webots_ros2_driver/environment/pythonpath.dsv\n'}
[44.787189] (webots_ros2_driver) StdoutLine: {'line': b'-- Symlinking: /home/cjayahansa/ros2N_ws/install/webots_ros2_driver/local/lib/python3.10/dist-packages/controller-2025.0.1-py3.10.egg-info/PKG-INFO\n'}
[44.796355] (webots_ros2_driver) StdoutLine: {'line': b'-- Symlinking: /home/cjayahansa/ros2N_ws/install/webots_ros2_driver/local/lib/python3.10/dist-packages/controller-2025.0.1-py3.10.egg-info/SOURCES.txt\n'}
[44.805691] (webots_ros2_driver) StdoutLine: {'line': b'-- Symlinking: /home/cjayahansa/ros2N_ws/install/webots_ros2_driver/local/lib/python3.10/dist-packages/controller-2025.0.1-py3.10.egg-info/dependency_links.txt\n'}
[44.814796] (webots_ros2_driver) StdoutLine: {'line': b'-- Symlinking: /home/cjayahansa/ros2N_ws/install/webots_ros2_driver/local/lib/python3.10/dist-packages/controller-2025.0.1-py3.10.egg-info/top_level.txt\n'}
[44.825436] (webots_ros2_driver) StdoutLine: {'line': b'-- Symlinking: /home/cjayahansa/ros2N_ws/install/webots_ros2_driver/local/lib/python3.10/dist-packages/controller/__init__.py\n'}
[44.834923] (webots_ros2_driver) StdoutLine: {'line': b'-- Symlinking: /home/cjayahansa/ros2N_ws/install/webots_ros2_driver/local/lib/python3.10/dist-packages/controller/accelerometer.py\n'}
[44.843904] (webots_ros2_driver) StdoutLine: {'line': b'-- Symlinking: /home/cjayahansa/ros2N_ws/install/webots_ros2_driver/local/lib/python3.10/dist-packages/controller/altimeter.py\n'}
[44.851761] (-) TimerEvent: {}
[44.853400] (webots_ros2_driver) StdoutLine: {'line': b'-- Symlinking: /home/cjayahansa/ros2N_ws/install/webots_ros2_driver/local/lib/python3.10/dist-packages/controller/ansi_codes.py\n'}
[44.862544] (webots_ros2_driver) StdoutLine: {'line': b'-- Symlinking: /home/cjayahansa/ros2N_ws/install/webots_ros2_driver/local/lib/python3.10/dist-packages/controller/brake.py\n'}
[44.871843] (webots_ros2_driver) StdoutLine: {'line': b'-- Symlinking: /home/cjayahansa/ros2N_ws/install/webots_ros2_driver/local/lib/python3.10/dist-packages/controller/camera.py\n'}
[44.881127] (webots_ros2_driver) StdoutLine: {'line': b'-- Symlinking: /home/cjayahansa/ros2N_ws/install/webots_ros2_driver/local/lib/python3.10/dist-packages/controller/compass.py\n'}
[44.890572] (webots_ros2_driver) StdoutLine: {'line': b'-- Symlinking: /home/cjayahansa/ros2N_ws/install/webots_ros2_driver/local/lib/python3.10/dist-packages/controller/connector.py\n'}
[44.899416] (webots_ros2_driver) StdoutLine: {'line': b'-- Symlinking: /home/cjayahansa/ros2N_ws/install/webots_ros2_driver/local/lib/python3.10/dist-packages/controller/constants.py\n'}
[44.908767] (webots_ros2_driver) StdoutLine: {'line': b'-- Symlinking: /home/cjayahansa/ros2N_ws/install/webots_ros2_driver/local/lib/python3.10/dist-packages/controller/device.py\n'}
[44.918140] (webots_ros2_driver) StdoutLine: {'line': b'-- Symlinking: /home/cjayahansa/ros2N_ws/install/webots_ros2_driver/local/lib/python3.10/dist-packages/controller/display.py\n'}
[44.927540] (webots_ros2_driver) StdoutLine: {'line': b'-- Symlinking: /home/cjayahansa/ros2N_ws/install/webots_ros2_driver/local/lib/python3.10/dist-packages/controller/distance_sensor.py\n'}
[44.936534] (webots_ros2_driver) StdoutLine: {'line': b'-- Symlinking: /home/cjayahansa/ros2N_ws/install/webots_ros2_driver/local/lib/python3.10/dist-packages/controller/emitter.py\n'}
[44.945901] (webots_ros2_driver) StdoutLine: {'line': b'-- Symlinking: /home/cjayahansa/ros2N_ws/install/webots_ros2_driver/local/lib/python3.10/dist-packages/controller/field.py\n'}
[44.951915] (-) TimerEvent: {}
[44.955268] (webots_ros2_driver) StdoutLine: {'line': b'-- Symlinking: /home/cjayahansa/ros2N_ws/install/webots_ros2_driver/local/lib/python3.10/dist-packages/controller/gps.py\n'}
[44.964427] (webots_ros2_driver) StdoutLine: {'line': b'-- Symlinking: /home/cjayahansa/ros2N_ws/install/webots_ros2_driver/local/lib/python3.10/dist-packages/controller/gyro.py\n'}
[44.973933] (webots_ros2_driver) StdoutLine: {'line': b'-- Symlinking: /home/cjayahansa/ros2N_ws/install/webots_ros2_driver/local/lib/python3.10/dist-packages/controller/inertial_unit.py\n'}
[44.982727] (webots_ros2_driver) StdoutLine: {'line': b'-- Symlinking: /home/cjayahansa/ros2N_ws/install/webots_ros2_driver/local/lib/python3.10/dist-packages/controller/joystick.py\n'}
[44.992129] (webots_ros2_driver) StdoutLine: {'line': b'-- Symlinking: /home/cjayahansa/ros2N_ws/install/webots_ros2_driver/local/lib/python3.10/dist-packages/controller/keyboard.py\n'}
[45.001422] (webots_ros2_driver) StdoutLine: {'line': b'-- Symlinking: /home/cjayahansa/ros2N_ws/install/webots_ros2_driver/local/lib/python3.10/dist-packages/controller/led.py\n'}
[45.010791] (webots_ros2_driver) StdoutLine: {'line': b'-- Symlinking: /home/cjayahansa/ros2N_ws/install/webots_ros2_driver/local/lib/python3.10/dist-packages/controller/lidar.py\n'}
[45.019885] (webots_ros2_driver) StdoutLine: {'line': b'-- Symlinking: /home/cjayahansa/ros2N_ws/install/webots_ros2_driver/local/lib/python3.10/dist-packages/controller/lidar_point.py\n'}
[45.029003] (webots_ros2_driver) StdoutLine: {'line': b'-- Symlinking: /home/cjayahansa/ros2N_ws/install/webots_ros2_driver/local/lib/python3.10/dist-packages/controller/light_sensor.py\n'}
[45.038407] (webots_ros2_driver) StdoutLine: {'line': b'-- Symlinking: /home/cjayahansa/ros2N_ws/install/webots_ros2_driver/local/lib/python3.10/dist-packages/controller/motion.py\n'}
[45.047546] (webots_ros2_driver) StdoutLine: {'line': b'-- Symlinking: /home/cjayahansa/ros2N_ws/install/webots_ros2_driver/local/lib/python3.10/dist-packages/controller/motor.py\n'}
[45.052050] (-) TimerEvent: {}
[45.057085] (webots_ros2_driver) StdoutLine: {'line': b'-- Symlinking: /home/cjayahansa/ros2N_ws/install/webots_ros2_driver/local/lib/python3.10/dist-packages/controller/mouse.py\n'}
[45.066028] (webots_ros2_driver) StdoutLine: {'line': b'-- Symlinking: /home/cjayahansa/ros2N_ws/install/webots_ros2_driver/local/lib/python3.10/dist-packages/controller/node.py\n'}
[45.075793] (webots_ros2_driver) StdoutLine: {'line': b'-- Symlinking: /home/cjayahansa/ros2N_ws/install/webots_ros2_driver/local/lib/python3.10/dist-packages/controller/pen.py\n'}
[45.085225] (webots_ros2_driver) StdoutLine: {'line': b'-- Symlinking: /home/cjayahansa/ros2N_ws/install/webots_ros2_driver/local/lib/python3.10/dist-packages/controller/position_sensor.py\n'}
[45.094921] (webots_ros2_driver) StdoutLine: {'line': b'-- Symlinking: /home/cjayahansa/ros2N_ws/install/webots_ros2_driver/local/lib/python3.10/dist-packages/controller/proto.py\n'}
[45.104176] (webots_ros2_driver) StdoutLine: {'line': b'-- Symlinking: /home/cjayahansa/ros2N_ws/install/webots_ros2_driver/local/lib/python3.10/dist-packages/controller/radar.py\n'}
[45.113513] (webots_ros2_driver) StdoutLine: {'line': b'-- Symlinking: /home/cjayahansa/ros2N_ws/install/webots_ros2_driver/local/lib/python3.10/dist-packages/controller/radar_target.py\n'}
[45.123026] (webots_ros2_driver) StdoutLine: {'line': b'-- Symlinking: /home/cjayahansa/ros2N_ws/install/webots_ros2_driver/local/lib/python3.10/dist-packages/controller/range_finder.py\n'}
[45.132033] (webots_ros2_driver) StdoutLine: {'line': b'-- Symlinking: /home/cjayahansa/ros2N_ws/install/webots_ros2_driver/local/lib/python3.10/dist-packages/controller/receiver.py\n'}
[45.141749] (webots_ros2_driver) StdoutLine: {'line': b'-- Symlinking: /home/cjayahansa/ros2N_ws/install/webots_ros2_driver/local/lib/python3.10/dist-packages/controller/robot.py\n'}
[45.151189] (webots_ros2_driver) StdoutLine: {'line': b'-- Symlinking: /home/cjayahansa/ros2N_ws/install/webots_ros2_driver/local/lib/python3.10/dist-packages/controller/sensor.py\n'}
[45.152139] (-) TimerEvent: {}
[45.160946] (webots_ros2_driver) StdoutLine: {'line': b'-- Symlinking: /home/cjayahansa/ros2N_ws/install/webots_ros2_driver/local/lib/python3.10/dist-packages/controller/skin.py\n'}
[45.170473] (webots_ros2_driver) StdoutLine: {'line': b'-- Symlinking: /home/cjayahansa/ros2N_ws/install/webots_ros2_driver/local/lib/python3.10/dist-packages/controller/speaker.py\n'}
[45.180217] (webots_ros2_driver) StdoutLine: {'line': b'-- Symlinking: /home/cjayahansa/ros2N_ws/install/webots_ros2_driver/local/lib/python3.10/dist-packages/controller/supervisor.py\n'}
[45.189452] (webots_ros2_driver) StdoutLine: {'line': b'-- Symlinking: /home/cjayahansa/ros2N_ws/install/webots_ros2_driver/local/lib/python3.10/dist-packages/controller/touch_sensor.py\n'}
[45.199279] (webots_ros2_driver) StdoutLine: {'line': b'-- Symlinking: /home/cjayahansa/ros2N_ws/install/webots_ros2_driver/local/lib/python3.10/dist-packages/controller/vacuum_gripper.py\n'}
[45.208769] (webots_ros2_driver) StdoutLine: {'line': b'-- Symlinking: /home/cjayahansa/ros2N_ws/install/webots_ros2_driver/local/lib/python3.10/dist-packages/controller/wb.py\n'}
[45.217836] (webots_ros2_driver) StdoutLine: {'line': b'-- Symlinking: /home/cjayahansa/ros2N_ws/install/webots_ros2_driver/local/lib/python3.10/dist-packages/vehicle-2025.0.1-py3.10.egg-info/PKG-INFO\n'}
[45.227369] (webots_ros2_driver) StdoutLine: {'line': b'-- Symlinking: /home/cjayahansa/ros2N_ws/install/webots_ros2_driver/local/lib/python3.10/dist-packages/vehicle-2025.0.1-py3.10.egg-info/SOURCES.txt\n'}
[45.236777] (webots_ros2_driver) StdoutLine: {'line': b'-- Symlinking: /home/cjayahansa/ros2N_ws/install/webots_ros2_driver/local/lib/python3.10/dist-packages/vehicle-2025.0.1-py3.10.egg-info/dependency_links.txt\n'}
[45.246615] (webots_ros2_driver) StdoutLine: {'line': b'-- Symlinking: /home/cjayahansa/ros2N_ws/install/webots_ros2_driver/local/lib/python3.10/dist-packages/vehicle-2025.0.1-py3.10.egg-info/top_level.txt\n'}
[45.252279] (-) TimerEvent: {}
[45.256831] (webots_ros2_driver) StdoutLine: {'line': b'-- Symlinking: /home/cjayahansa/ros2N_ws/install/webots_ros2_driver/local/lib/python3.10/dist-packages/vehicle/__init__.py\n'}
[45.266340] (webots_ros2_driver) StdoutLine: {'line': b'-- Symlinking: /home/cjayahansa/ros2N_ws/install/webots_ros2_driver/local/lib/python3.10/dist-packages/vehicle/car.py\n'}
[45.275093] (webots_ros2_driver) StdoutLine: {'line': b'-- Symlinking: /home/cjayahansa/ros2N_ws/install/webots_ros2_driver/local/lib/python3.10/dist-packages/vehicle/driver.py\n'}
[45.285307] (webots_ros2_driver) StdoutLine: {'line': b'-- Symlinking: /home/cjayahansa/ros2N_ws/install/webots_ros2_driver/local/lib/python3.10/dist-packages/webots_ros2_driver-2025.0.1-py3.10.egg-info/PKG-INFO\n'}
[45.294733] (webots_ros2_driver) StdoutLine: {'line': b'-- Symlinking: /home/cjayahansa/ros2N_ws/install/webots_ros2_driver/local/lib/python3.10/dist-packages/webots_ros2_driver-2025.0.1-py3.10.egg-info/SOURCES.txt\n'}
[45.306313] (webots_ros2_driver) StdoutLine: {'line': b'-- Symlinking: /home/cjayahansa/ros2N_ws/install/webots_ros2_driver/local/lib/python3.10/dist-packages/webots_ros2_driver-2025.0.1-py3.10.egg-info/dependency_links.txt\n'}
[45.315616] (webots_ros2_driver) StdoutLine: {'line': b'-- Symlinking: /home/cjayahansa/ros2N_ws/install/webots_ros2_driver/local/lib/python3.10/dist-packages/webots_ros2_driver-2025.0.1-py3.10.egg-info/top_level.txt\n'}
[45.326699] (webots_ros2_driver) StdoutLine: {'line': b'-- Symlinking: /home/cjayahansa/ros2N_ws/install/webots_ros2_driver/local/lib/python3.10/dist-packages/webots_ros2_driver/__init__.py\n'}
[45.335364] (webots_ros2_driver) StdoutLine: {'line': b'-- Symlinking: /home/cjayahansa/ros2N_ws/install/webots_ros2_driver/local/lib/python3.10/dist-packages/webots_ros2_driver/ros2_supervisor.py\n'}
[45.345011] (webots_ros2_driver) StdoutLine: {'line': b'-- Symlinking: /home/cjayahansa/ros2N_ws/install/webots_ros2_driver/local/lib/python3.10/dist-packages/webots_ros2_driver/urdf_spawner.py\n'}
[45.352415] (-) TimerEvent: {}
[45.354115] (webots_ros2_driver) StdoutLine: {'line': b'-- Symlinking: /home/cjayahansa/ros2N_ws/install/webots_ros2_driver/local/lib/python3.10/dist-packages/webots_ros2_driver/utils.py\n'}
[45.364035] (webots_ros2_driver) StdoutLine: {'line': b'-- Symlinking: /home/cjayahansa/ros2N_ws/install/webots_ros2_driver/local/lib/python3.10/dist-packages/webots_ros2_driver/wait_for_controller_connection.py\n'}
[45.373348] (webots_ros2_driver) StdoutLine: {'line': b'-- Symlinking: /home/cjayahansa/ros2N_ws/install/webots_ros2_driver/local/lib/python3.10/dist-packages/webots_ros2_driver/webots_controller.py\n'}
[45.381955] (webots_ros2_driver) StdoutLine: {'line': b'-- Symlinking: /home/cjayahansa/ros2N_ws/install/webots_ros2_driver/local/lib/python3.10/dist-packages/webots_ros2_driver/webots_launcher.py\n'}
[45.392552] (webots_ros2_driver) StdoutLine: {'line': b'-- Symlinking: /home/cjayahansa/ros2N_ws/install/webots_ros2_driver/include/webots_ros2_driver/PluginInterface.hpp\n'}
[45.401396] (webots_ros2_driver) StdoutLine: {'line': b'-- Symlinking: /home/cjayahansa/ros2N_ws/install/webots_ros2_driver/include/webots_ros2_driver/PythonPlugin.hpp\n'}
[45.410705] (webots_ros2_driver) StdoutLine: {'line': b'-- Symlinking: /home/cjayahansa/ros2N_ws/install/webots_ros2_driver/include/webots_ros2_driver/WebotsNode.hpp\n'}
[45.420603] (webots_ros2_driver) StdoutLine: {'line': b'-- Symlinking: /home/cjayahansa/ros2N_ws/install/webots_ros2_driver/include/webots_ros2_driver/plugins/Ros2SensorPlugin.hpp\n'}
[45.429586] (webots_ros2_driver) StdoutLine: {'line': b'-- Symlinking: /home/cjayahansa/ros2N_ws/install/webots_ros2_driver/include/webots_ros2_driver/plugins/dynamic/Ros2IMU.hpp\n'}
[45.438666] (webots_ros2_driver) StdoutLine: {'line': b'-- Symlinking: /home/cjayahansa/ros2N_ws/install/webots_ros2_driver/include/webots_ros2_driver/plugins/dynamic/Ros2RGBD.hpp\n'}
[45.448036] (webots_ros2_driver) StdoutLine: {'line': b'-- Symlinking: /home/cjayahansa/ros2N_ws/install/webots_ros2_driver/include/webots_ros2_driver/plugins/static/Ros2Camera.hpp\n'}
[45.452539] (-) TimerEvent: {}
[45.457225] (webots_ros2_driver) StdoutLine: {'line': b'-- Symlinking: /home/cjayahansa/ros2N_ws/install/webots_ros2_driver/include/webots_ros2_driver/plugins/static/Ros2Compass.hpp\n'}
[45.466513] (webots_ros2_driver) StdoutLine: {'line': b'-- Symlinking: /home/cjayahansa/ros2N_ws/install/webots_ros2_driver/include/webots_ros2_driver/plugins/static/Ros2DistanceSensor.hpp\n'}
[45.475803] (webots_ros2_driver) StdoutLine: {'line': b'-- Symlinking: /home/cjayahansa/ros2N_ws/install/webots_ros2_driver/include/webots_ros2_driver/plugins/static/Ros2Emitter.hpp\n'}
[45.485080] (webots_ros2_driver) StdoutLine: {'line': b'-- Symlinking: /home/cjayahansa/ros2N_ws/install/webots_ros2_driver/include/webots_ros2_driver/plugins/static/Ros2GPS.hpp\n'}
[45.496215] (webots_ros2_driver) StdoutLine: {'line': b'-- Symlinking: /home/cjayahansa/ros2N_ws/install/webots_ros2_driver/include/webots_ros2_driver/plugins/static/Ros2LED.hpp\n'}
[45.506596] (webots_ros2_driver) StdoutLine: {'line': b'-- Symlinking: /home/cjayahansa/ros2N_ws/install/webots_ros2_driver/include/webots_ros2_driver/plugins/static/Ros2Lidar.hpp\n'}
[45.515631] (webots_ros2_driver) StdoutLine: {'line': b'-- Symlinking: /home/cjayahansa/ros2N_ws/install/webots_ros2_driver/include/webots_ros2_driver/plugins/static/Ros2LightSensor.hpp\n'}
[45.525002] (webots_ros2_driver) StdoutLine: {'line': b'-- Symlinking: /home/cjayahansa/ros2N_ws/install/webots_ros2_driver/include/webots_ros2_driver/plugins/static/Ros2Pen.hpp\n'}
[45.534628] (webots_ros2_driver) StdoutLine: {'line': b'-- Symlinking: /home/cjayahansa/ros2N_ws/install/webots_ros2_driver/include/webots_ros2_driver/plugins/static/Ros2RangeFinder.hpp\n'}
[45.543892] (webots_ros2_driver) StdoutLine: {'line': b'-- Symlinking: /home/cjayahansa/ros2N_ws/install/webots_ros2_driver/include/webots_ros2_driver/plugins/static/Ros2Receiver.hpp\n'}
[45.552758] (webots_ros2_driver) StdoutLine: {'line': b'-- Symlinking: /home/cjayahansa/ros2N_ws/install/webots_ros2_driver/include/webots_ros2_driver/plugins/static/Ros2VacuumGripper.hpp\n'}
[45.552912] (-) TimerEvent: {}
[45.562098] (webots_ros2_driver) StdoutLine: {'line': b'-- Symlinking: /home/cjayahansa/ros2N_ws/install/webots_ros2_driver/include/webots_ros2_driver/utils/Math.hpp\n'}
[45.573688] (webots_ros2_driver) StdoutLine: {'line': b'-- Symlinking: /home/cjayahansa/ros2N_ws/install/webots_ros2_driver/include/webots_ros2_driver/utils/Utils.hpp\n'}
[45.585137] (webots_ros2_driver) StdoutLine: {'line': b'-- Symlinking: /home/cjayahansa/ros2N_ws/install/webots_ros2_driver/lib/webots_ros2_driver/driver\n'}
[45.594857] (webots_ros2_driver) StdoutLine: {'line': b'-- Symlinking: /home/cjayahansa/ros2N_ws/install/webots_ros2_driver/lib/libwebots_ros2_driver_imu.so\n'}
[45.605074] (webots_ros2_driver) StdoutLine: {'line': b'-- Symlinking: /home/cjayahansa/ros2N_ws/install/webots_ros2_driver/lib/libwebots_ros2_driver_rgbd.so\n'}
[45.616049] (webots_ros2_driver) StdoutLine: {'line': b'-- Symlinking: /home/cjayahansa/ros2N_ws/install/webots_ros2_driver/include/webots/c/webots/accelerometer.h\n'}
[45.625183] (webots_ros2_driver) StdoutLine: {'line': b'-- Symlinking: /home/cjayahansa/ros2N_ws/install/webots_ros2_driver/include/webots/c/webots/altimeter.h\n'}
[45.634813] (webots_ros2_driver) StdoutLine: {'line': b'-- Symlinking: /home/cjayahansa/ros2N_ws/install/webots_ros2_driver/include/webots/c/webots/brake.h\n'}
[45.643791] (webots_ros2_driver) StdoutLine: {'line': b'-- Symlinking: /home/cjayahansa/ros2N_ws/install/webots_ros2_driver/include/webots/c/webots/camera.h\n'}
[45.653074] (-) TimerEvent: {}
[45.653321] (webots_ros2_driver) StdoutLine: {'line': b'-- Symlinking: /home/cjayahansa/ros2N_ws/install/webots_ros2_driver/include/webots/c/webots/camera_recognition_object.h\n'}
[45.662512] (webots_ros2_driver) StdoutLine: {'line': b'-- Symlinking: /home/cjayahansa/ros2N_ws/install/webots_ros2_driver/include/webots/c/webots/compass.h\n'}
[45.672635] (webots_ros2_driver) StdoutLine: {'line': b'-- Symlinking: /home/cjayahansa/ros2N_ws/install/webots_ros2_driver/include/webots/c/webots/connector.h\n'}
[45.681737] (webots_ros2_driver) StdoutLine: {'line': b'-- Symlinking: /home/cjayahansa/ros2N_ws/install/webots_ros2_driver/include/webots/c/webots/console.h\n'}
[45.691425] (webots_ros2_driver) StdoutLine: {'line': b'-- Symlinking: /home/cjayahansa/ros2N_ws/install/webots_ros2_driver/include/webots/c/webots/contact_point.h\n'}
[45.700933] (webots_ros2_driver) StdoutLine: {'line': b'-- Symlinking: /home/cjayahansa/ros2N_ws/install/webots_ros2_driver/include/webots/c/webots/device.h\n'}
[45.709706] (webots_ros2_driver) StdoutLine: {'line': b'-- Symlinking: /home/cjayahansa/ros2N_ws/install/webots_ros2_driver/include/webots/c/webots/display.h\n'}
[45.719667] (webots_ros2_driver) StdoutLine: {'line': b'-- Symlinking: /home/cjayahansa/ros2N_ws/install/webots_ros2_driver/include/webots/c/webots/distance_sensor.h\n'}
[45.730022] (webots_ros2_driver) StdoutLine: {'line': b'-- Symlinking: /home/cjayahansa/ros2N_ws/install/webots_ros2_driver/include/webots/c/webots/emitter.h\n'}
[45.741583] (webots_ros2_driver) StdoutLine: {'line': b'-- Symlinking: /home/cjayahansa/ros2N_ws/install/webots_ros2_driver/include/webots/c/webots/gps.h\n'}
[45.751937] (webots_ros2_driver) StdoutLine: {'line': b'-- Symlinking: /home/cjayahansa/ros2N_ws/install/webots_ros2_driver/include/webots/c/webots/gyro.h\n'}
[45.753146] (-) TimerEvent: {}
[45.761587] (webots_ros2_driver) StdoutLine: {'line': b'-- Symlinking: /home/cjayahansa/ros2N_ws/install/webots_ros2_driver/include/webots/c/webots/inertial_unit.h\n'}
[45.771058] (webots_ros2_driver) StdoutLine: {'line': b'-- Symlinking: /home/cjayahansa/ros2N_ws/install/webots_ros2_driver/include/webots/c/webots/joystick.h\n'}
[45.781449] (webots_ros2_driver) StdoutLine: {'line': b'-- Symlinking: /home/cjayahansa/ros2N_ws/install/webots_ros2_driver/include/webots/c/webots/keyboard.h\n'}
[45.790578] (webots_ros2_driver) StdoutLine: {'line': b'-- Symlinking: /home/cjayahansa/ros2N_ws/install/webots_ros2_driver/include/webots/c/webots/led.h\n'}
[45.800195] (webots_ros2_driver) StdoutLine: {'line': b'-- Symlinking: /home/cjayahansa/ros2N_ws/install/webots_ros2_driver/include/webots/c/webots/lidar.h\n'}
[45.809335] (webots_ros2_driver) StdoutLine: {'line': b'-- Symlinking: /home/cjayahansa/ros2N_ws/install/webots_ros2_driver/include/webots/c/webots/lidar_point.h\n'}
[45.818696] (webots_ros2_driver) StdoutLine: {'line': b'-- Symlinking: /home/cjayahansa/ros2N_ws/install/webots_ros2_driver/include/webots/c/webots/light_sensor.h\n'}
[45.827999] (webots_ros2_driver) StdoutLine: {'line': b'-- Symlinking: /home/cjayahansa/ros2N_ws/install/webots_ros2_driver/include/webots/c/webots/microphone.h\n'}
[45.837430] (webots_ros2_driver) StdoutLine: {'line': b'-- Symlinking: /home/cjayahansa/ros2N_ws/install/webots_ros2_driver/include/webots/c/webots/motor.h\n'}
[45.847369] (webots_ros2_driver) StdoutLine: {'line': b'-- Symlinking: /home/cjayahansa/ros2N_ws/install/webots_ros2_driver/include/webots/c/webots/mouse.h\n'}
[45.853318] (-) TimerEvent: {}
[45.857037] (webots_ros2_driver) StdoutLine: {'line': b'-- Symlinking: /home/cjayahansa/ros2N_ws/install/webots_ros2_driver/include/webots/c/webots/mouse_state.h\n'}
[45.866217] (webots_ros2_driver) StdoutLine: {'line': b'-- Symlinking: /home/cjayahansa/ros2N_ws/install/webots_ros2_driver/include/webots/c/webots/nodes.h\n'}
[45.876088] (webots_ros2_driver) StdoutLine: {'line': b'-- Symlinking: /home/cjayahansa/ros2N_ws/install/webots_ros2_driver/include/webots/c/webots/pen.h\n'}
[45.886666] (webots_ros2_driver) StdoutLine: {'line': b'-- Symlinking: /home/cjayahansa/ros2N_ws/install/webots_ros2_driver/include/webots/c/webots/plugins/robot_window/default.h\n'}
[45.896236] (webots_ros2_driver) StdoutLine: {'line': b'-- Symlinking: /home/cjayahansa/ros2N_ws/install/webots_ros2_driver/include/webots/c/webots/plugins/robot_window/generic_robot_window/generic.h\n'}
[45.906292] (webots_ros2_driver) StdoutLine: {'line': b'-- Symlinking: /home/cjayahansa/ros2N_ws/install/webots_ros2_driver/include/webots/c/webots/plugins/robot_window/robot_window.h\n'}
[45.915764] (webots_ros2_driver) StdoutLine: {'line': b'-- Symlinking: /home/cjayahansa/ros2N_ws/install/webots_ros2_driver/include/webots/c/webots/plugins/robot_window/robot_wwi.h\n'}
[45.925704] (webots_ros2_driver) StdoutLine: {'line': b'-- Symlinking: /home/cjayahansa/ros2N_ws/install/webots_ros2_driver/include/webots/c/webots/position_sensor.h\n'}
[45.935118] (webots_ros2_driver) StdoutLine: {'line': b'-- Symlinking: /home/cjayahansa/ros2N_ws/install/webots_ros2_driver/include/webots/c/webots/radar.h\n'}
[45.944534] (webots_ros2_driver) StdoutLine: {'line': b'-- Symlinking: /home/cjayahansa/ros2N_ws/install/webots_ros2_driver/include/webots/c/webots/radar_target.h\n'}
[45.953454] (-) TimerEvent: {}
[45.955866] (webots_ros2_driver) StdoutLine: {'line': b'-- Symlinking: /home/cjayahansa/ros2N_ws/install/webots_ros2_driver/include/webots/c/webots/radio.h\n'}
[45.966153] (webots_ros2_driver) StdoutLine: {'line': b'-- Symlinking: /home/cjayahansa/ros2N_ws/install/webots_ros2_driver/include/webots/c/webots/range_finder.h\n'}
[45.975748] (webots_ros2_driver) StdoutLine: {'line': b'-- Symlinking: /home/cjayahansa/ros2N_ws/install/webots_ros2_driver/include/webots/c/webots/receiver.h\n'}
[45.985817] (webots_ros2_driver) StdoutLine: {'line': b'-- Symlinking: /home/cjayahansa/ros2N_ws/install/webots_ros2_driver/include/webots/c/webots/remote_control.h\n'}
[45.996095] (webots_ros2_driver) StdoutLine: {'line': b'-- Symlinking: /home/cjayahansa/ros2N_ws/install/webots_ros2_driver/include/webots/c/webots/robot.h\n'}
[46.008262] (webots_ros2_driver) StdoutLine: {'line': b'-- Symlinking: /home/cjayahansa/ros2N_ws/install/webots_ros2_driver/include/webots/c/webots/skin.h\n'}
[46.020151] (webots_ros2_driver) StdoutLine: {'line': b'-- Symlinking: /home/cjayahansa/ros2N_ws/install/webots_ros2_driver/include/webots/c/webots/speaker.h\n'}
[46.029442] (webots_ros2_driver) StdoutLine: {'line': b'-- Symlinking: /home/cjayahansa/ros2N_ws/install/webots_ros2_driver/include/webots/c/webots/supervisor.h\n'}
[46.040436] (webots_ros2_driver) StdoutLine: {'line': b'-- Symlinking: /home/cjayahansa/ros2N_ws/install/webots_ros2_driver/include/webots/c/webots/touch_sensor.h\n'}
[46.050235] (webots_ros2_driver) StdoutLine: {'line': b'-- Symlinking: /home/cjayahansa/ros2N_ws/install/webots_ros2_driver/include/webots/c/webots/types.h\n'}
[46.053563] (-) TimerEvent: {}
[46.060641] (webots_ros2_driver) StdoutLine: {'line': b'-- Symlinking: /home/cjayahansa/ros2N_ws/install/webots_ros2_driver/include/webots/c/webots/utils/ansi_codes.h\n'}
[46.070156] (webots_ros2_driver) StdoutLine: {'line': b'-- Symlinking: /home/cjayahansa/ros2N_ws/install/webots_ros2_driver/include/webots/c/webots/utils/motion.h\n'}
[46.080005] (webots_ros2_driver) StdoutLine: {'line': b'-- Symlinking: /home/cjayahansa/ros2N_ws/install/webots_ros2_driver/include/webots/c/webots/utils/string.h\n'}
[46.089843] (webots_ros2_driver) StdoutLine: {'line': b'-- Symlinking: /home/cjayahansa/ros2N_ws/install/webots_ros2_driver/include/webots/c/webots/utils/system.h\n'}
[46.099060] (webots_ros2_driver) StdoutLine: {'line': b'-- Symlinking: /home/cjayahansa/ros2N_ws/install/webots_ros2_driver/include/webots/c/webots/vacuum_gripper.h\n'}
[46.109070] (webots_ros2_driver) StdoutLine: {'line': b'-- Symlinking: /home/cjayahansa/ros2N_ws/install/webots_ros2_driver/include/webots/c/webots/vehicle/car.h\n'}
[46.118929] (webots_ros2_driver) StdoutLine: {'line': b'-- Symlinking: /home/cjayahansa/ros2N_ws/install/webots_ros2_driver/include/webots/c/webots/vehicle/driver.h\n'}
[46.130205] (webots_ros2_driver) StdoutLine: {'line': b'-- Symlinking: /home/cjayahansa/ros2N_ws/install/webots_ros2_driver/include/webots/cpp/webots/Accelerometer.hpp\n'}
[46.139311] (webots_ros2_driver) StdoutLine: {'line': b'-- Symlinking: /home/cjayahansa/ros2N_ws/install/webots_ros2_driver/include/webots/cpp/webots/Altimeter.hpp\n'}
[46.148984] (webots_ros2_driver) StdoutLine: {'line': b'-- Symlinking: /home/cjayahansa/ros2N_ws/install/webots_ros2_driver/include/webots/cpp/webots/Brake.hpp\n'}
[46.153684] (-) TimerEvent: {}
[46.158467] (webots_ros2_driver) StdoutLine: {'line': b'-- Symlinking: /home/cjayahansa/ros2N_ws/install/webots_ros2_driver/include/webots/cpp/webots/Camera.hpp\n'}
[46.169338] (webots_ros2_driver) StdoutLine: {'line': b'-- Symlinking: /home/cjayahansa/ros2N_ws/install/webots_ros2_driver/include/webots/cpp/webots/Compass.hpp\n'}
[46.180210] (webots_ros2_driver) StdoutLine: {'line': b'-- Symlinking: /home/cjayahansa/ros2N_ws/install/webots_ros2_driver/include/webots/cpp/webots/Connector.hpp\n'}
[46.191262] (webots_ros2_driver) StdoutLine: {'line': b'-- Symlinking: /home/cjayahansa/ros2N_ws/install/webots_ros2_driver/include/webots/cpp/webots/Device.hpp\n'}
[46.202605] (webots_ros2_driver) StdoutLine: {'line': b'-- Symlinking: /home/cjayahansa/ros2N_ws/install/webots_ros2_driver/include/webots/cpp/webots/Display.hpp\n'}
[46.213922] (webots_ros2_driver) StdoutLine: {'line': b'-- Symlinking: /home/cjayahansa/ros2N_ws/install/webots_ros2_driver/include/webots/cpp/webots/DistanceSensor.hpp\n'}
[46.223415] (webots_ros2_driver) StdoutLine: {'line': b'-- Symlinking: /home/cjayahansa/ros2N_ws/install/webots_ros2_driver/include/webots/cpp/webots/Emitter.hpp\n'}
[46.235053] (webots_ros2_driver) StdoutLine: {'line': b'-- Symlinking: /home/cjayahansa/ros2N_ws/install/webots_ros2_driver/include/webots/cpp/webots/Field.hpp\n'}
[46.244532] (webots_ros2_driver) StdoutLine: {'line': b'-- Symlinking: /home/cjayahansa/ros2N_ws/install/webots_ros2_driver/include/webots/cpp/webots/GPS.hpp\n'}
[46.253813] (-) TimerEvent: {}
[46.256102] (webots_ros2_driver) StdoutLine: {'line': b'-- Symlinking: /home/cjayahansa/ros2N_ws/install/webots_ros2_driver/include/webots/cpp/webots/Gyro.hpp\n'}
[46.266738] (webots_ros2_driver) StdoutLine: {'line': b'-- Symlinking: /home/cjayahansa/ros2N_ws/install/webots_ros2_driver/include/webots/cpp/webots/ImageRef.hpp\n'}
[46.276420] (webots_ros2_driver) StdoutLine: {'line': b'-- Symlinking: /home/cjayahansa/ros2N_ws/install/webots_ros2_driver/include/webots/cpp/webots/InertialUnit.hpp\n'}
[46.285761] (webots_ros2_driver) StdoutLine: {'line': b'-- Symlinking: /home/cjayahansa/ros2N_ws/install/webots_ros2_driver/include/webots/cpp/webots/Joystick.hpp\n'}
[46.295759] (webots_ros2_driver) StdoutLine: {'line': b'-- Symlinking: /home/cjayahansa/ros2N_ws/install/webots_ros2_driver/include/webots/cpp/webots/Keyboard.hpp\n'}
[46.305373] (webots_ros2_driver) StdoutLine: {'line': b'-- Symlinking: /home/cjayahansa/ros2N_ws/install/webots_ros2_driver/include/webots/cpp/webots/LED.hpp\n'}
[46.314568] (webots_ros2_driver) StdoutLine: {'line': b'-- Symlinking: /home/cjayahansa/ros2N_ws/install/webots_ros2_driver/include/webots/cpp/webots/Lidar.hpp\n'}
[46.324253] (webots_ros2_driver) StdoutLine: {'line': b'-- Symlinking: /home/cjayahansa/ros2N_ws/install/webots_ros2_driver/include/webots/cpp/webots/LightSensor.hpp\n'}
[46.334843] (webots_ros2_driver) StdoutLine: {'line': b'-- Symlinking: /home/cjayahansa/ros2N_ws/install/webots_ros2_driver/include/webots/cpp/webots/Motor.hpp\n'}
[46.345418] (webots_ros2_driver) StdoutLine: {'line': b'-- Symlinking: /home/cjayahansa/ros2N_ws/install/webots_ros2_driver/include/webots/cpp/webots/Mouse.hpp\n'}
[46.353964] (-) TimerEvent: {}
[46.357138] (webots_ros2_driver) StdoutLine: {'line': b'-- Symlinking: /home/cjayahansa/ros2N_ws/install/webots_ros2_driver/include/webots/cpp/webots/Node.hpp\n'}
[46.366702] (webots_ros2_driver) StdoutLine: {'line': b'-- Symlinking: /home/cjayahansa/ros2N_ws/install/webots_ros2_driver/include/webots/cpp/webots/Pen.hpp\n'}
[46.377270] (webots_ros2_driver) StdoutLine: {'line': b'-- Symlinking: /home/cjayahansa/ros2N_ws/install/webots_ros2_driver/include/webots/cpp/webots/PositionSensor.hpp\n'}
[46.387755] (webots_ros2_driver) StdoutLine: {'line': b'-- Symlinking: /home/cjayahansa/ros2N_ws/install/webots_ros2_driver/include/webots/cpp/webots/Proto.hpp\n'}
[46.397194] (webots_ros2_driver) StdoutLine: {'line': b'-- Symlinking: /home/cjayahansa/ros2N_ws/install/webots_ros2_driver/include/webots/cpp/webots/Radar.hpp\n'}
[46.406414] (webots_ros2_driver) StdoutLine: {'line': b'-- Symlinking: /home/cjayahansa/ros2N_ws/install/webots_ros2_driver/include/webots/cpp/webots/RangeFinder.hpp\n'}
[46.415939] (webots_ros2_driver) StdoutLine: {'line': b'-- Symlinking: /home/cjayahansa/ros2N_ws/install/webots_ros2_driver/include/webots/cpp/webots/Receiver.hpp\n'}
[46.425332] (webots_ros2_driver) StdoutLine: {'line': b'-- Symlinking: /home/cjayahansa/ros2N_ws/install/webots_ros2_driver/include/webots/cpp/webots/Robot.hpp\n'}
[46.434517] (webots_ros2_driver) StdoutLine: {'line': b'-- Symlinking: /home/cjayahansa/ros2N_ws/install/webots_ros2_driver/include/webots/cpp/webots/Skin.hpp\n'}
[46.443824] (webots_ros2_driver) StdoutLine: {'line': b'-- Symlinking: /home/cjayahansa/ros2N_ws/install/webots_ros2_driver/include/webots/cpp/webots/Speaker.hpp\n'}
[46.453428] (webots_ros2_driver) StdoutLine: {'line': b'-- Symlinking: /home/cjayahansa/ros2N_ws/install/webots_ros2_driver/include/webots/cpp/webots/Supervisor.hpp\n'}
[46.454064] (-) TimerEvent: {}
[46.463370] (webots_ros2_driver) StdoutLine: {'line': b'-- Symlinking: /home/cjayahansa/ros2N_ws/install/webots_ros2_driver/include/webots/cpp/webots/TouchSensor.hpp\n'}
[46.472718] (webots_ros2_driver) StdoutLine: {'line': b'-- Symlinking: /home/cjayahansa/ros2N_ws/install/webots_ros2_driver/include/webots/cpp/webots/VacuumGripper.hpp\n'}
[46.482378] (webots_ros2_driver) StdoutLine: {'line': b'-- Symlinking: /home/cjayahansa/ros2N_ws/install/webots_ros2_driver/include/webots/cpp/webots/utils/AnsiCodes.hpp\n'}
[46.491991] (webots_ros2_driver) StdoutLine: {'line': b'-- Symlinking: /home/cjayahansa/ros2N_ws/install/webots_ros2_driver/include/webots/cpp/webots/utils/Motion.hpp\n'}
[46.501687] (webots_ros2_driver) StdoutLine: {'line': b'-- Symlinking: /home/cjayahansa/ros2N_ws/install/webots_ros2_driver/include/webots/cpp/webots/vehicle/Car.hpp\n'}
[46.510819] (webots_ros2_driver) StdoutLine: {'line': b'-- Symlinking: /home/cjayahansa/ros2N_ws/install/webots_ros2_driver/include/webots/cpp/webots/vehicle/Driver.hpp\n'}
[46.524708] (webots_ros2_driver) StdoutLine: {'line': b'-- Symlinking: /home/cjayahansa/ros2N_ws/install/webots_ros2_driver/lib/controller/libController.so\n'}
[46.533850] (webots_ros2_driver) StdoutLine: {'line': b'-- Symlinking: /home/cjayahansa/ros2N_ws/install/webots_ros2_driver/lib/controller/libCppCar.so\n'}
[46.543045] (webots_ros2_driver) StdoutLine: {'line': b'-- Symlinking: /home/cjayahansa/ros2N_ws/install/webots_ros2_driver/lib/controller/libCppController.so\n'}
[46.552834] (webots_ros2_driver) StdoutLine: {'line': b'-- Up-to-date symlink: /home/cjayahansa/ros2N_ws/install/webots_ros2_driver/lib/controller/libCppController.so\n'}
[46.553142] (webots_ros2_driver) StdoutLine: {'line': b'-- Symlinking: /home/cjayahansa/ros2N_ws/install/webots_ros2_driver/lib/controller/libCppDriver.so\n'}
[46.554143] (-) TimerEvent: {}
[46.562606] (webots_ros2_driver) StdoutLine: {'line': b'-- Symlinking: /home/cjayahansa/ros2N_ws/install/webots_ros2_driver/lib/controller/libcar.so\n'}
[46.572391] (webots_ros2_driver) StdoutLine: {'line': b'-- Symlinking: /home/cjayahansa/ros2N_ws/install/webots_ros2_driver/lib/controller/libdriver.so\n'}
[46.581305] (webots_ros2_driver) StdoutLine: {'line': b'-- Symlinking: /home/cjayahansa/ros2N_ws/install/webots_ros2_driver/lib/controller/libgeneric_robot_window.so\n'}
[46.590093] (webots_ros2_driver) StdoutLine: {'line': b'-- Symlinking: /home/cjayahansa/ros2N_ws/install/webots_ros2_driver/lib/controller/python/vehicle/car.py\n'}
[46.599967] (webots_ros2_driver) StdoutLine: {'line': b'-- Symlinking: /home/cjayahansa/ros2N_ws/install/webots_ros2_driver/lib/controller/python/vehicle/driver.py\n'}
[46.609909] (webots_ros2_driver) StdoutLine: {'line': b'-- Symlinking: /home/cjayahansa/ros2N_ws/install/webots_ros2_driver/share/webots_ros2_driver//webots_ros2_imu.xml\n'}
[46.619913] (webots_ros2_driver) StdoutLine: {'line': b'-- Symlinking: /home/cjayahansa/ros2N_ws/install/webots_ros2_driver/share/webots_ros2_driver//webots_ros2_rgbd.xml\n'}
[46.629755] (webots_ros2_driver) StdoutLine: {'line': b'-- Symlinking: /home/cjayahansa/ros2N_ws/install/webots_ros2_driver/lib/webots_ros2_driver/ros2_supervisor.py\n'}
[46.639286] (webots_ros2_driver) StdoutLine: {'line': b'-- Symlinking: /home/cjayahansa/ros2N_ws/install/webots_ros2_driver/share/webots_ros2_driver/scripts/webots_tcp_client.py\n'}
[46.649179] (webots_ros2_driver) StdoutLine: {'line': b'-- Symlinking: /home/cjayahansa/ros2N_ws/install/webots_ros2_driver/share/webots_ros2_driver/scripts/webots-controller\n'}
[46.654293] (-) TimerEvent: {}
[46.658558] (webots_ros2_driver) StdoutLine: {'line': b'-- Symlinking: /home/cjayahansa/ros2N_ws/install/webots_ros2_driver/share/webots_ros2_driver/environment/library_path.sh\n'}
[46.668051] (webots_ros2_driver) StdoutLine: {'line': b'-- Symlinking: /home/cjayahansa/ros2N_ws/install/webots_ros2_driver/share/webots_ros2_driver/environment/library_path.dsv\n'}
[46.677340] (webots_ros2_driver) StdoutLine: {'line': b'-- Symlinking: /home/cjayahansa/ros2N_ws/install/webots_ros2_driver/share/ament_index/resource_index/package_run_dependencies/webots_ros2_driver\n'}
[46.687390] (webots_ros2_driver) StdoutLine: {'line': b'-- Symlinking: /home/cjayahansa/ros2N_ws/install/webots_ros2_driver/share/ament_index/resource_index/parent_prefix_path/webots_ros2_driver\n'}
[46.696653] (webots_ros2_driver) StdoutLine: {'line': b'-- Symlinking: /home/cjayahansa/ros2N_ws/install/webots_ros2_driver/share/webots_ros2_driver/environment/ament_prefix_path.sh\n'}
[46.705806] (webots_ros2_driver) StdoutLine: {'line': b'-- Symlinking: /home/cjayahansa/ros2N_ws/install/webots_ros2_driver/share/webots_ros2_driver/environment/ament_prefix_path.dsv\n'}
[46.714819] (webots_ros2_driver) StdoutLine: {'line': b'-- Symlinking: /home/cjayahansa/ros2N_ws/install/webots_ros2_driver/share/webots_ros2_driver/environment/path.sh\n'}
[46.723631] (webots_ros2_driver) StdoutLine: {'line': b'-- Symlinking: /home/cjayahansa/ros2N_ws/install/webots_ros2_driver/share/webots_ros2_driver/environment/path.dsv\n'}
[46.732550] (webots_ros2_driver) StdoutLine: {'line': b'-- Symlinking: /home/cjayahansa/ros2N_ws/install/webots_ros2_driver/share/webots_ros2_driver/local_setup.bash\n'}
[46.743154] (webots_ros2_driver) StdoutLine: {'line': b'-- Symlinking: /home/cjayahansa/ros2N_ws/install/webots_ros2_driver/share/webots_ros2_driver/local_setup.sh\n'}
[46.752642] (webots_ros2_driver) StdoutLine: {'line': b'-- Symlinking: /home/cjayahansa/ros2N_ws/install/webots_ros2_driver/share/webots_ros2_driver/local_setup.zsh\n'}
[46.754354] (-) TimerEvent: {}
[46.761997] (webots_ros2_driver) StdoutLine: {'line': b'-- Symlinking: /home/cjayahansa/ros2N_ws/install/webots_ros2_driver/share/webots_ros2_driver/local_setup.dsv\n'}
[46.771370] (webots_ros2_driver) StdoutLine: {'line': b'-- Symlinking: /home/cjayahansa/ros2N_ws/install/webots_ros2_driver/share/webots_ros2_driver/package.dsv\n'}
[46.783734] (webots_ros2_driver) StdoutLine: {'line': b'-- Symlinking: /home/cjayahansa/ros2N_ws/install/webots_ros2_driver/share/ament_index/resource_index/packages/webots_ros2_driver\n'}
[46.792933] (webots_ros2_driver) StdoutLine: {'line': b'-- Symlinking: /home/cjayahansa/ros2N_ws/install/webots_ros2_driver/share/ament_index/resource_index/webots_ros2_driver__pluginlib__plugin/webots_ros2_driver\n'}
[46.802954] (webots_ros2_driver) StdoutLine: {'line': b'-- Symlinking: /home/cjayahansa/ros2N_ws/install/webots_ros2_driver/share/webots_ros2_driver/cmake/ament_cmake_export_include_directories-extras.cmake\n'}
[46.812298] (webots_ros2_driver) StdoutLine: {'line': b'-- Symlinking: /home/cjayahansa/ros2N_ws/install/webots_ros2_driver/share/webots_ros2_driver/cmake/ament_cmake_export_dependencies-extras.cmake\n'}
[46.821682] (webots_ros2_driver) StdoutLine: {'line': b'-- Symlinking: /home/cjayahansa/ros2N_ws/install/webots_ros2_driver/share/webots_ros2_driver/cmake/ament_cmake_export_libraries-extras.cmake\n'}
[46.831662] (webots_ros2_driver) StdoutLine: {'line': b'-- Symlinking: /home/cjayahansa/ros2N_ws/install/webots_ros2_driver/share/webots_ros2_driver/cmake/webots_ros2_driverConfig.cmake\n'}
[46.841453] (webots_ros2_driver) StdoutLine: {'line': b'-- Symlinking: /home/cjayahansa/ros2N_ws/install/webots_ros2_driver/share/webots_ros2_driver/cmake/webots_ros2_driverConfig-version.cmake\n'}
[46.851733] (webots_ros2_driver) StdoutLine: {'line': b'-- Symlinking: /home/cjayahansa/ros2N_ws/install/webots_ros2_driver/share/webots_ros2_driver/package.xml\n'}
[46.854468] (-) TimerEvent: {}
[46.949331] (webots_ros2_driver) StdoutLine: {'line': b"Listing '/home/cjayahansa/ros2N_ws/install/webots_ros2_driver/local/lib/python3.10/dist-packages/controller'...\n"}
[46.949572] (webots_ros2_driver) StdoutLine: {'line': b"Compiling '/home/cjayahansa/ros2N_ws/install/webots_ros2_driver/local/lib/python3.10/dist-packages/controller/__init__.py'...\n"}
[46.949704] (webots_ros2_driver) StdoutLine: {'line': b"Compiling '/home/cjayahansa/ros2N_ws/install/webots_ros2_driver/local/lib/python3.10/dist-packages/controller/accelerometer.py'...\n"}
[46.949798] (webots_ros2_driver) StdoutLine: {'line': b"Compiling '/home/cjayahansa/ros2N_ws/install/webots_ros2_driver/local/lib/python3.10/dist-packages/controller/altimeter.py'...\n"}
[46.949915] (webots_ros2_driver) StdoutLine: {'line': b"Compiling '/home/cjayahansa/ros2N_ws/install/webots_ros2_driver/local/lib/python3.10/dist-packages/controller/ansi_codes.py'...\n"}
[46.950023] (webots_ros2_driver) StdoutLine: {'line': b"Compiling '/home/cjayahansa/ros2N_ws/install/webots_ros2_driver/local/lib/python3.10/dist-packages/controller/brake.py'...\n"}
[46.950112] (webots_ros2_driver) StdoutLine: {'line': b"Compiling '/home/cjayahansa/ros2N_ws/install/webots_ros2_driver/local/lib/python3.10/dist-packages/controller/camera.py'...\n"}
[46.950200] (webots_ros2_driver) StdoutLine: {'line': b"Compiling '/home/cjayahansa/ros2N_ws/install/webots_ros2_driver/local/lib/python3.10/dist-packages/controller/compass.py'...\n"}
[46.950289] (webots_ros2_driver) StdoutLine: {'line': b"Compiling '/home/cjayahansa/ros2N_ws/install/webots_ros2_driver/local/lib/python3.10/dist-packages/controller/connector.py'...\n"}
[46.950377] (webots_ros2_driver) StdoutLine: {'line': b"Compiling '/home/cjayahansa/ros2N_ws/install/webots_ros2_driver/local/lib/python3.10/dist-packages/controller/constants.py'...\n"}
[46.950428] (webots_ros2_driver) StdoutLine: {'line': b"Compiling '/home/cjayahansa/ros2N_ws/install/webots_ros2_driver/local/lib/python3.10/dist-packages/controller/device.py'...\n"}
[46.950468] (webots_ros2_driver) StdoutLine: {'line': b"Compiling '/home/cjayahansa/ros2N_ws/install/webots_ros2_driver/local/lib/python3.10/dist-packages/controller/display.py'...\n"}
[46.950509] (webots_ros2_driver) StdoutLine: {'line': b"Compiling '/home/cjayahansa/ros2N_ws/install/webots_ros2_driver/local/lib/python3.10/dist-packages/controller/distance_sensor.py'...\n"}
[46.950549] (webots_ros2_driver) StdoutLine: {'line': b"Compiling '/home/cjayahansa/ros2N_ws/install/webots_ros2_driver/local/lib/python3.10/dist-packages/controller/emitter.py'...\n"}
[46.950589] (webots_ros2_driver) StdoutLine: {'line': b"Compiling '/home/cjayahansa/ros2N_ws/install/webots_ros2_driver/local/lib/python3.10/dist-packages/controller/field.py'...\n"}
[46.950629] (webots_ros2_driver) StdoutLine: {'line': b"Compiling '/home/cjayahansa/ros2N_ws/install/webots_ros2_driver/local/lib/python3.10/dist-packages/controller/gps.py'...\n"}
[46.950669] (webots_ros2_driver) StdoutLine: {'line': b"Compiling '/home/cjayahansa/ros2N_ws/install/webots_ros2_driver/local/lib/python3.10/dist-packages/controller/gyro.py'...\n"}
[46.950709] (webots_ros2_driver) StdoutLine: {'line': b"Compiling '/home/cjayahansa/ros2N_ws/install/webots_ros2_driver/local/lib/python3.10/dist-packages/controller/inertial_unit.py'...\n"}
[46.950749] (webots_ros2_driver) StdoutLine: {'line': b"Compiling '/home/cjayahansa/ros2N_ws/install/webots_ros2_driver/local/lib/python3.10/dist-packages/controller/joystick.py'...\n"}
[46.950789] (webots_ros2_driver) StdoutLine: {'line': b"Compiling '/home/cjayahansa/ros2N_ws/install/webots_ros2_driver/local/lib/python3.10/dist-packages/controller/keyboard.py'...\n"}
[46.950829] (webots_ros2_driver) StdoutLine: {'line': b"Compiling '/home/cjayahansa/ros2N_ws/install/webots_ros2_driver/local/lib/python3.10/dist-packages/controller/led.py'...\n"}
[46.950869] (webots_ros2_driver) StdoutLine: {'line': b"Compiling '/home/cjayahansa/ros2N_ws/install/webots_ros2_driver/local/lib/python3.10/dist-packages/controller/lidar.py'...\n"}
[46.950919] (webots_ros2_driver) StdoutLine: {'line': b"Compiling '/home/cjayahansa/ros2N_ws/install/webots_ros2_driver/local/lib/python3.10/dist-packages/controller/lidar_point.py'...\n"}
[46.950962] (webots_ros2_driver) StdoutLine: {'line': b"Compiling '/home/cjayahansa/ros2N_ws/install/webots_ros2_driver/local/lib/python3.10/dist-packages/controller/light_sensor.py'...\n"}
[46.951002] (webots_ros2_driver) StdoutLine: {'line': b"Compiling '/home/cjayahansa/ros2N_ws/install/webots_ros2_driver/local/lib/python3.10/dist-packages/controller/motion.py'...\n"}
[46.951042] (webots_ros2_driver) StdoutLine: {'line': b"Compiling '/home/cjayahansa/ros2N_ws/install/webots_ros2_driver/local/lib/python3.10/dist-packages/controller/motor.py'...\n"}
[46.951088] (webots_ros2_driver) StdoutLine: {'line': b"Compiling '/home/cjayahansa/ros2N_ws/install/webots_ros2_driver/local/lib/python3.10/dist-packages/controller/mouse.py'...\n"}
[46.951129] (webots_ros2_driver) StdoutLine: {'line': b"Compiling '/home/cjayahansa/ros2N_ws/install/webots_ros2_driver/local/lib/python3.10/dist-packages/controller/node.py'...\n"}
[46.951169] (webots_ros2_driver) StdoutLine: {'line': b"Compiling '/home/cjayahansa/ros2N_ws/install/webots_ros2_driver/local/lib/python3.10/dist-packages/controller/pen.py'...\n"}
[46.951213] (webots_ros2_driver) StdoutLine: {'line': b"Compiling '/home/cjayahansa/ros2N_ws/install/webots_ros2_driver/local/lib/python3.10/dist-packages/controller/position_sensor.py'...\n"}
[46.951254] (webots_ros2_driver) StdoutLine: {'line': b"Compiling '/home/cjayahansa/ros2N_ws/install/webots_ros2_driver/local/lib/python3.10/dist-packages/controller/proto.py'...\n"}
[46.951294] (webots_ros2_driver) StdoutLine: {'line': b"Compiling '/home/cjayahansa/ros2N_ws/install/webots_ros2_driver/local/lib/python3.10/dist-packages/controller/radar.py'...\n"}
[46.951334] (webots_ros2_driver) StdoutLine: {'line': b"Compiling '/home/cjayahansa/ros2N_ws/install/webots_ros2_driver/local/lib/python3.10/dist-packages/controller/radar_target.py'...\n"}
[46.951374] (webots_ros2_driver) StdoutLine: {'line': b"Compiling '/home/cjayahansa/ros2N_ws/install/webots_ros2_driver/local/lib/python3.10/dist-packages/controller/range_finder.py'...\n"}
[46.951414] (webots_ros2_driver) StdoutLine: {'line': b"Compiling '/home/cjayahansa/ros2N_ws/install/webots_ros2_driver/local/lib/python3.10/dist-packages/controller/receiver.py'...\n"}
[46.951464] (webots_ros2_driver) StdoutLine: {'line': b"Compiling '/home/cjayahansa/ros2N_ws/install/webots_ros2_driver/local/lib/python3.10/dist-packages/controller/robot.py'...\n"}
[46.951505] (webots_ros2_driver) StdoutLine: {'line': b"Compiling '/home/cjayahansa/ros2N_ws/install/webots_ros2_driver/local/lib/python3.10/dist-packages/controller/sensor.py'...\n"}
[46.951545] (webots_ros2_driver) StdoutLine: {'line': b"Compiling '/home/cjayahansa/ros2N_ws/install/webots_ros2_driver/local/lib/python3.10/dist-packages/controller/skin.py'...\n"}
[46.951586] (webots_ros2_driver) StdoutLine: {'line': b"Compiling '/home/cjayahansa/ros2N_ws/install/webots_ros2_driver/local/lib/python3.10/dist-packages/controller/speaker.py'...\n"}
[46.951626] (webots_ros2_driver) StdoutLine: {'line': b"Compiling '/home/cjayahansa/ros2N_ws/install/webots_ros2_driver/local/lib/python3.10/dist-packages/controller/supervisor.py'...\n"}
[46.951666] (webots_ros2_driver) StdoutLine: {'line': b"Compiling '/home/cjayahansa/ros2N_ws/install/webots_ros2_driver/local/lib/python3.10/dist-packages/controller/touch_sensor.py'...\n"}
[46.951707] (webots_ros2_driver) StdoutLine: {'line': b"Compiling '/home/cjayahansa/ros2N_ws/install/webots_ros2_driver/local/lib/python3.10/dist-packages/controller/vacuum_gripper.py'...\n"}
[46.951747] (webots_ros2_driver) StdoutLine: {'line': b"Compiling '/home/cjayahansa/ros2N_ws/install/webots_ros2_driver/local/lib/python3.10/dist-packages/controller/wb.py'...\n"}
[46.954593] (-) TimerEvent: {}
[46.991162] (webots_ros2_driver) StdoutLine: {'line': b"Listing '/home/cjayahansa/ros2N_ws/install/webots_ros2_driver/local/lib/python3.10/dist-packages/vehicle'...\n"}
[46.991385] (webots_ros2_driver) StdoutLine: {'line': b"Compiling '/home/cjayahansa/ros2N_ws/install/webots_ros2_driver/local/lib/python3.10/dist-packages/vehicle/__init__.py'...\n"}
[46.991486] (webots_ros2_driver) StdoutLine: {'line': b"Compiling '/home/cjayahansa/ros2N_ws/install/webots_ros2_driver/local/lib/python3.10/dist-packages/vehicle/car.py'...\n"}
[46.991578] (webots_ros2_driver) StdoutLine: {'line': b"Compiling '/home/cjayahansa/ros2N_ws/install/webots_ros2_driver/local/lib/python3.10/dist-packages/vehicle/driver.py'...\n"}
[47.032083] (webots_ros2_driver) StdoutLine: {'line': b"Listing '/home/cjayahansa/ros2N_ws/install/webots_ros2_driver/local/lib/python3.10/dist-packages/webots_ros2_driver'...\n"}
[47.032339] (webots_ros2_driver) StdoutLine: {'line': b"Compiling '/home/cjayahansa/ros2N_ws/install/webots_ros2_driver/local/lib/python3.10/dist-packages/webots_ros2_driver/__init__.py'...\n"}
[47.032442] (webots_ros2_driver) StdoutLine: {'line': b"Compiling '/home/cjayahansa/ros2N_ws/install/webots_ros2_driver/local/lib/python3.10/dist-packages/webots_ros2_driver/ros2_supervisor.py'...\n"}
[47.032534] (webots_ros2_driver) StdoutLine: {'line': b"Compiling '/home/cjayahansa/ros2N_ws/install/webots_ros2_driver/local/lib/python3.10/dist-packages/webots_ros2_driver/urdf_spawner.py'...\n"}
[47.032593] (webots_ros2_driver) StdoutLine: {'line': b"Compiling '/home/cjayahansa/ros2N_ws/install/webots_ros2_driver/local/lib/python3.10/dist-packages/webots_ros2_driver/utils.py'...\n"}
[47.032633] (webots_ros2_driver) StdoutLine: {'line': b"Compiling '/home/cjayahansa/ros2N_ws/install/webots_ros2_driver/local/lib/python3.10/dist-packages/webots_ros2_driver/wait_for_controller_connection.py'...\n"}
[47.032673] (webots_ros2_driver) StdoutLine: {'line': b"Compiling '/home/cjayahansa/ros2N_ws/install/webots_ros2_driver/local/lib/python3.10/dist-packages/webots_ros2_driver/webots_controller.py'...\n"}
[47.032714] (webots_ros2_driver) StdoutLine: {'line': b"Compiling '/home/cjayahansa/ros2N_ws/install/webots_ros2_driver/local/lib/python3.10/dist-packages/webots_ros2_driver/webots_launcher.py'...\n"}
[47.038660] (webots_ros2_driver) CommandEnded: {'returncode': 0}
[47.054832] (-) TimerEvent: {}
[47.064729] (webots_ros2_driver) JobEnded: {'identifier': 'webots_ros2_driver', 'rc': 0}
[47.066816] (webots_ros2_control) JobStarted: {'identifier': 'webots_ros2_control'}
[47.074074] (webots_ros2_mavic) JobStarted: {'identifier': 'webots_ros2_mavic'}
[47.080173] (webots_ros2_tesla) JobStarted: {'identifier': 'webots_ros2_tesla'}
[47.087241] (webots_ros2_crazyflie) JobStarted: {'identifier': 'webots_ros2_crazyflie'}
[47.096144] (webots_ros2_control) JobProgress: {'identifier': 'webots_ros2_control', 'progress': 'cmake'}
[47.096780] (webots_ros2_control) Command: {'cmd': ['/usr/bin/cmake', '/home/cjayahansa/ros2N_ws/src/webots_ros2/webots_ros2_control', '-DAMENT_CMAKE_SYMLINK_INSTALL=1', '-DCMAKE_INSTALL_PREFIX=/home/cjayahansa/ros2N_ws/install/webots_ros2_control'], 'cwd': '/home/cjayahansa/ros2N_ws/build/webots_ros2_control', 'env': OrderedDict([('LESSOPEN', '| /usr/bin/lesspipe %s'), ('USER', 'cjayahansa'), ('XDG_SESSION_TYPE', 'x11'), ('SHLVL', '1'), ('LD_LIBRARY_PATH', '/home/cjayahansa/ros2N_ws/install/webots_ros2_driver/lib:/home/cjayahansa/ros2N_ws/install/webots_ros2_msgs/lib:/home/cjayahansa/ros2N_ws/install/webots_ros2_control/lib:/opt/ros/humble/opt/rviz_ogre_vendor/lib:/opt/ros/humble/lib/x86_64-linux-gnu:/opt/ros/humble/lib'), ('HOME', '/home/cjayahansa'), ('OLDPWD', '/home/cjayahansa/ros2N_ws/src'), ('DESKTOP_SESSION', 'pop'), ('ROS_PYTHON_VERSION', '3'), ('GNOME_SHELL_SESSION_MODE', 'pop'), ('GTK_MODULES', 'gail:atk-bridge'), ('PS1', '\\[\\033[01;36m\\]\\u@\\h\\[\\033[00m\\]:\\[\\033[01;34m\\]\\w\\[\\033[00m\\]$'), ('SYSTEMD_EXEC_PID', '1818'), ('DBUS_SESSION_BUS_ADDRESS', 'unix:path=/run/user/1000/bus'), ('COLORTERM', 'truecolor'), ('COLCON_PREFIX_PATH', '/home/cjayahansa/ros2N_ws/install:/home/cjayahansa/ros2_ws/install'), ('ROS_DISTRO', 'humble'), ('GTK_IM_MODULE', 'ibus'), ('LOGNAME', 'cjayahansa'), ('_', '/usr/bin/colcon'), ('ROS_VERSION', '2'), ('XDG_SESSION_CLASS', 'user'), ('USERNAME', 'cjayahansa'), ('TERM', 'xterm-256color'), ('GNOME_DESKTOP_SESSION_ID', 'this-is-deprecated'), ('ROS_LOCALHOST_ONLY', '1'), ('WINDOWPATH', '2'), ('PATH', '/opt/ros/humble/bin:/home/cjayahansa/.local/bin:/usr/local/sbin:/usr/local/bin:/usr/sbin:/usr/bin:/sbin:/bin:/usr/games:/usr/local/games:/snap/bin'), ('SESSION_MANAGER', 'local/pop-os:@/tmp/.ICE-unix/1790,unix/pop-os:/tmp/.ICE-unix/1790'), ('XDG_MENU_PREFIX', 'gnome-'), ('GNOME_TERMINAL_SCREEN', '/org/gnome/Terminal/screen/69401945_8890_4a44_bef3_4bbc698c193c'), ('XDG_RUNTIME_DIR', '/run/user/1000'), ('DISPLAY', ':1'), ('LANG', 'en_US.UTF-8'), ('XDG_CURRENT_DESKTOP', 'pop:GNOME'), ('XMODIFIERS', '@im=ibus'), ('XDG_SESSION_DESKTOP', 'pop'), ('XAUTHORITY', '/run/user/1000/gdm/Xauthority'), ('LS_COLORS', 'rs=0:di=01;34:ln=01;36:mh=00:pi=40;33:so=01;35:do=01;35:bd=40;33;01:cd=40;33;01:or=40;31;01:mi=00:su=37;41:sg=30;43:ca=30;41:tw=30;42:ow=34;42:st=37;44:ex=01;32:*.tar=01;31:*.tgz=01;31:*.arc=01;31:*.arj=01;31:*.taz=01;31:*.lha=01;31:*.lz4=01;31:*.lzh=01;31:*.lzma=01;31:*.tlz=01;31:*.txz=01;31:*.tzo=01;31:*.t7z=01;31:*.zip=01;31:*.z=01;31:*.dz=01;31:*.gz=01;31:*.lrz=01;31:*.lz=01;31:*.lzo=01;31:*.xz=01;31:*.zst=01;31:*.tzst=01;31:*.bz2=01;31:*.bz=01;31:*.tbz=01;31:*.tbz2=01;31:*.tz=01;31:*.deb=01;31:*.rpm=01;31:*.jar=01;31:*.war=01;31:*.ear=01;31:*.sar=01;31:*.rar=01;31:*.alz=01;31:*.ace=01;31:*.zoo=01;31:*.cpio=01;31:*.7z=01;31:*.rz=01;31:*.cab=01;31:*.wim=01;31:*.swm=01;31:*.dwm=01;31:*.esd=01;31:*.jpg=01;35:*.jpeg=01;35:*.mjpg=01;35:*.mjpeg=01;35:*.gif=01;35:*.bmp=01;35:*.pbm=01;35:*.pgm=01;35:*.ppm=01;35:*.tga=01;35:*.xbm=01;35:*.xpm=01;35:*.tif=01;35:*.tiff=01;35:*.png=01;35:*.svg=01;35:*.svgz=01;35:*.mng=01;35:*.pcx=01;35:*.mov=01;35:*.mpg=01;35:*.mpeg=01;35:*.m2v=01;35:*.mkv=01;35:*.webm=01;35:*.webp=01;35:*.ogm=01;35:*.mp4=01;35:*.m4v=01;35:*.mp4v=01;35:*.vob=01;35:*.qt=01;35:*.nuv=01;35:*.wmv=01;35:*.asf=01;35:*.rm=01;35:*.rmvb=01;35:*.flc=01;35:*.avi=01;35:*.fli=01;35:*.flv=01;35:*.gl=01;35:*.dl=01;35:*.xcf=01;35:*.xwd=01;35:*.yuv=01;35:*.cgm=01;35:*.emf=01;35:*.ogv=01;35:*.ogx=01;35:*.aac=00;36:*.au=00;36:*.flac=00;36:*.m4a=00;36:*.mid=00;36:*.midi=00;36:*.mka=00;36:*.mp3=00;36:*.mpc=00;36:*.ogg=00;36:*.ra=00;36:*.wav=00;36:*.oga=00;36:*.opus=00;36:*.spx=00;36:*.xspf=00;36:'), ('GNOME_TERMINAL_SERVICE', ':1.119'), ('SSH_AGENT_LAUNCHER', 'gnome-keyring'), ('SSH_AUTH_SOCK', '/run/user/1000/keyring/ssh'), ('ROS_DOMAIN_ID', '7'), ('AMENT_PREFIX_PATH', '/home/cjayahansa/ros2N_ws/install/webots_ros2_importer:/home/cjayahansa/ros2N_ws/install/webots_ros2:/home/cjayahansa/ros2N_ws/install/webots_ros2_universal_robot:/home/cjayahansa/ros2N_ws/install/webots_ros2_turtlebot:/home/cjayahansa/ros2N_ws/install/webots_ros2_tiago:/home/cjayahansa/ros2N_ws/install/webots_ros2_tests:/home/cjayahansa/ros2N_ws/install/webots_ros2_tesla:/home/cjayahansa/ros2N_ws/install/webots_ros2_mavic:/home/cjayahansa/ros2N_ws/install/webots_ros2_husarion:/home/cjayahansa/ros2N_ws/install/webots_ros2_epuck:/home/cjayahansa/ros2N_ws/install/webots_ros2_crazyflie:/home/cjayahansa/ros2N_ws/install/webots_ros2_control:/home/cjayahansa/ros2N_ws/install/webots_ros2_driver:/home/cjayahansa/ros2N_ws/install/webots_ros2_msgs:/home/cjayahansa/ros2_ws/install/my_first_package:/opt/ros/humble'), ('SHELL', '/bin/bash'), ('QT_ACCESSIBILITY', '1'), ('GDMSESSION', 'pop'), ('LESSCLOSE', '/usr/bin/lesspipe %s %s'), ('GPG_AGENT_INFO', '/run/user/1000/gnupg/S.gpg-agent:0:1'), ('QT_IM_MODULE', 'ibus'), ('PWD', '/home/cjayahansa/ros2N_ws/build/webots_ros2_control'), ('LC_ALL', 'en_US.UTF-8'), ('XDG_CONFIG_DIRS', '/etc/xdg/xdg-pop:/etc/xdg'), ('XDG_DATA_DIRS', '/usr/share/pop:/usr/share/gnome:/home/cjayahansa/.local/share/flatpak/exports/share:/var/lib/flatpak/exports/share:/usr/local/share/:/usr/share/'), ('PYTHONPATH', '/home/cjayahansa/ros2N_ws/build/webots_ros2_importer:/home/cjayahansa/ros2N_ws/install/webots_ros2_importer/lib/python3.10/site-packages:/home/cjayahansa/ros2N_ws/install/webots_ros2/lib/python3.10/site-packages:/home/cjayahansa/ros2N_ws/install/webots_ros2_universal_robot/lib/python3.10/site-packages:/home/cjayahansa/ros2N_ws/install/webots_ros2_turtlebot/lib/python3.10/site-packages:/home/cjayahansa/ros2N_ws/install/webots_ros2_tiago/lib/python3.10/site-packages:/home/cjayahansa/ros2N_ws/install/webots_ros2_tests/lib/python3.10/site-packages:/home/cjayahansa/ros2N_ws/install/webots_ros2_tesla/lib/python3.10/site-packages:/home/cjayahansa/ros2N_ws/install/webots_ros2_mavic/lib/python3.10/site-packages:/home/cjayahansa/ros2N_ws/install/webots_ros2_husarion/lib/python3.10/site-packages:/home/cjayahansa/ros2N_ws/install/webots_ros2_epuck/lib/python3.10/site-packages:/home/cjayahansa/ros2N_ws/install/webots_ros2_crazyflie/lib/python3.10/site-packages:/home/cjayahansa/ros2N_ws/install/webots_ros2_driver/local/lib/python3.10/dist-packages:/home/cjayahansa/ros2N_ws/install/webots_ros2_msgs/local/lib/python3.10/dist-packages:/home/cjayahansa/ros2_ws/install/my_first_package/lib/python3.10/site-packages:/opt/ros/humble/lib/python3.10/site-packages:/opt/ros/humble/local/lib/python3.10/dist-packages'), ('COLCON', '1'), ('VTE_VERSION', '6800'), ('CMAKE_PREFIX_PATH', '/home/cjayahansa/ros2N_ws/install/webots_ros2_driver:/home/cjayahansa/ros2N_ws/install/webots_ros2_msgs:/home/cjayahansa/ros2N_ws/install/webots_ros2_control:/home/cjayahansa/ros2N_ws/install/webots_ros2:/home/cjayahansa/ros2N_ws/install/webots_ros2_universal_robot:/home/cjayahansa/ros2N_ws/install/webots_ros2_turtlebot:/home/cjayahansa/ros2N_ws/install/webots_ros2_tiago:/home/cjayahansa/ros2N_ws/install/webots_ros2_tests:/home/cjayahansa/ros2N_ws/install/webots_ros2_tesla:/home/cjayahansa/ros2N_ws/install/webots_ros2_mavic:/home/cjayahansa/ros2N_ws/install/webots_ros2_husarion:/home/cjayahansa/ros2N_ws/install/webots_ros2_epuck:/home/cjayahansa/ros2N_ws/install/webots_ros2_crazyflie:/home/cjayahansa/ros2N_ws/install/webots_ros2_importer:/home/cjayahansa/ros2_ws/install/my_first_package:/opt/ros/humble')]), 'shell': False}
[47.154942] (-) TimerEvent: {}
[47.255237] (-) TimerEvent: {}
[47.355534] (-) TimerEvent: {}
[47.455866] (-) TimerEvent: {}
[47.556379] (-) TimerEvent: {}
[47.656762] (-) TimerEvent: {}
[47.757104] (-) TimerEvent: {}
[47.857399] (-) TimerEvent: {}
[47.894124] (webots_ros2_control) StdoutLine: {'line': b'-- The C compiler identification is GNU 11.4.0\n'}
[47.894808] (webots_ros2_control) StdoutLine: {'line': b'-- The CXX compiler identification is GNU 11.4.0\n'}
[47.895411] (webots_ros2_control) StdoutLine: {'line': b'-- Detecting C compiler ABI info\n'}
[47.895503] (webots_ros2_control) StdoutLine: {'line': b'-- Detecting C compiler ABI info - done\n'}
[47.895561] (webots_ros2_control) StdoutLine: {'line': b'-- Check for working C compiler: /usr/bin/cc - skipped\n'}
[47.895618] (webots_ros2_control) StdoutLine: {'line': b'-- Detecting C compile features\n'}
[47.895672] (webots_ros2_control) StdoutLine: {'line': b'-- Detecting C compile features - done\n'}
[47.895727] (webots_ros2_control) StdoutLine: {'line': b'-- Detecting CXX compiler ABI info\n'}
[47.895784] (webots_ros2_control) StdoutLine: {'line': b'-- Detecting CXX compiler ABI info - done\n'}
[47.895842] (webots_ros2_control) StdoutLine: {'line': b'-- Check for working CXX compiler: /usr/bin/c++ - skipped\n'}
[47.895960] (webots_ros2_control) StdoutLine: {'line': b'-- Detecting CXX compile features\n'}
[47.896014] (webots_ros2_control) StdoutLine: {'line': b'-- Detecting CXX compile features - done\n'}
[47.896056] (webots_ros2_control) StdoutLine: {'line': b'-- Found ament_cmake: 1.3.12 (/opt/ros/humble/share/ament_cmake/cmake)\n'}
[47.896099] (webots_ros2_control) StdoutLine: {'line': b'-- Found Python3: /usr/bin/python3 (found version "3.10.12") found components: Interpreter \n'}
[47.896144] (webots_ros2_control) StdoutLine: {'line': b'-- Override CMake install command with custom implementation using symlinks instead of copying resources\n'}
[47.896188] (webots_ros2_control) StdoutLine: {'line': b'-- Found hardware_interface: 2.52.0 (/opt/ros/humble/share/hardware_interface/cmake)\n'}
[47.896234] (webots_ros2_control) StdoutLine: {'line': b'-- Found rosidl_generator_c: 3.1.7 (/opt/ros/humble/share/rosidl_generator_c/cmake)\n'}
[47.896280] (webots_ros2_control) StdoutLine: {'line': b'-- Found rosidl_adapter: 3.1.7 (/opt/ros/humble/share/rosidl_adapter/cmake)\n'}
[47.896323] (webots_ros2_control) StdoutLine: {'line': b'-- Found rosidl_generator_cpp: 3.1.7 (/opt/ros/humble/share/rosidl_generator_cpp/cmake)\n'}
[47.896366] (webots_ros2_control) StdoutLine: {'line': b'-- Using all available rosidl_typesupport_c: rosidl_typesupport_fastrtps_c;rosidl_typesupport_introspection_c\n'}
[47.904290] (webots_ros2_control) StdoutLine: {'line': b'-- Using all available rosidl_typesupport_cpp: rosidl_typesupport_fastrtps_cpp;rosidl_typesupport_introspection_cpp\n'}
[47.957536] (-) TimerEvent: {}
[48.057914] (-) TimerEvent: {}
[48.158308] (-) TimerEvent: {}
[48.189901] (webots_ros2_control) StdoutLine: {'line': b'-- Found rmw_implementation_cmake: 6.1.2 (/opt/ros/humble/share/rmw_implementation_cmake/cmake)\n'}
[48.195289] (webots_ros2_control) StdoutLine: {'line': b'-- Found rmw_fastrtps_cpp: 6.2.9 (/opt/ros/humble/share/rmw_fastrtps_cpp/cmake)\n'}
[48.238531] (webots_ros2_control) StdoutLine: {'line': b'-- Found TinyXML2 via Config file: TinyXML2_DIR-NOTFOUND\n'}
[48.258418] (-) TimerEvent: {}
[48.337018] (webots_ros2_control) StdoutLine: {'line': b'-- Found OpenSSL: /usr/lib/x86_64-linux-gnu/libcrypto.so (found version "3.0.2")  \n'}
[48.341464] (webots_ros2_control) StdoutLine: {'line': b'-- Found TinyXML2 via Config file: TinyXML2_DIR-NOTFOUND\n'}
[48.358523] (-) TimerEvent: {}
[48.365235] (webots_ros2_control) StdoutLine: {'line': b'-- Found FastRTPS: /opt/ros/humble/include  \n'}
[48.370496] (webots_ros2_control) StdoutLine: {'line': b'-- Found TinyXML2 via Config file: TinyXML2_DIR-NOTFOUND\n'}
[48.380727] (webots_ros2_control) StdoutLine: {'line': b'-- Found TinyXML2 via Config file: TinyXML2_DIR-NOTFOUND\n'}
[48.397629] (webots_ros2_control) StdoutLine: {'line': b"-- Using RMW implementation 'rmw_fastrtps_cpp' as default\n"}
[48.417243] (webots_ros2_control) StdoutLine: {'line': b'-- Looking for pthread.h\n'}
[48.458638] (-) TimerEvent: {}
[48.513399] (webots_ros2_control) StdoutLine: {'line': b'-- Looking for pthread.h - found\n'}
[48.513684] (webots_ros2_control) StdoutLine: {'line': b'-- Performing Test CMAKE_HAVE_LIBC_PTHREAD\n'}
[48.558741] (-) TimerEvent: {}
[48.596259] (webots_ros2_control) StdoutLine: {'line': b'-- Performing Test CMAKE_HAVE_LIBC_PTHREAD - Success\n'}
[48.597656] (webots_ros2_control) StdoutLine: {'line': b'-- Found Threads: TRUE  \n'}
[48.658944] (-) TimerEvent: {}
[48.664675] (webots_ros2_control) StdoutLine: {'line': b'-- Found controller_manager: 2.52.0 (/opt/ros/humble/share/controller_manager/cmake)\n'}
[48.716314] (webots_ros2_control) StdoutLine: {'line': b'-- Found webots_ros2_driver: 2025.0.1 (/home/cjayahansa/ros2N_ws/install/webots_ros2_driver/share/webots_ros2_driver/cmake)\n'}
[48.718699] (webots_ros2_crazyflie) Command: {'cmd': ['/usr/bin/python3', '-W', 'ignore:setup.py install is deprecated', '-W', 'ignore:easy_install command is deprecated', 'setup.py', 'develop', '--editable', '--build-directory', '/home/cjayahansa/ros2N_ws/build/webots_ros2_crazyflie/build', '--no-deps', 'symlink_data'], 'cwd': '/home/cjayahansa/ros2N_ws/build/webots_ros2_crazyflie', 'env': {'LESSOPEN': '| /usr/bin/lesspipe %s', 'USER': 'cjayahansa', 'XDG_SESSION_TYPE': 'x11', 'SHLVL': '1', 'LD_LIBRARY_PATH': '/home/cjayahansa/ros2N_ws/install/webots_ros2_driver/lib:/home/cjayahansa/ros2N_ws/install/webots_ros2_msgs/lib:/home/cjayahansa/ros2N_ws/install/webots_ros2_control/lib:/opt/ros/humble/opt/rviz_ogre_vendor/lib:/opt/ros/humble/lib/x86_64-linux-gnu:/opt/ros/humble/lib', 'HOME': '/home/cjayahansa', 'OLDPWD': '/home/cjayahansa/ros2N_ws/src', 'DESKTOP_SESSION': 'pop', 'ROS_PYTHON_VERSION': '3', 'GNOME_SHELL_SESSION_MODE': 'pop', 'GTK_MODULES': 'gail:atk-bridge', 'PS1': '\\[\\033[01;36m\\]\\u@\\h\\[\\033[00m\\]:\\[\\033[01;34m\\]\\w\\[\\033[00m\\]$', 'SYSTEMD_EXEC_PID': '1818', 'DBUS_SESSION_BUS_ADDRESS': 'unix:path=/run/user/1000/bus', 'COLORTERM': 'truecolor', 'COLCON_PREFIX_PATH': '/home/cjayahansa/ros2N_ws/install:/home/cjayahansa/ros2_ws/install', 'ROS_DISTRO': 'humble', 'GTK_IM_MODULE': 'ibus', 'LOGNAME': 'cjayahansa', '_': '/usr/bin/colcon', 'ROS_VERSION': '2', 'XDG_SESSION_CLASS': 'user', 'USERNAME': 'cjayahansa', 'TERM': 'xterm-256color', 'GNOME_DESKTOP_SESSION_ID': 'this-is-deprecated', 'ROS_LOCALHOST_ONLY': '1', 'WINDOWPATH': '2', 'PATH': '/opt/ros/humble/bin:/home/cjayahansa/.local/bin:/usr/local/sbin:/usr/local/bin:/usr/sbin:/usr/bin:/sbin:/bin:/usr/games:/usr/local/games:/snap/bin', 'SESSION_MANAGER': 'local/pop-os:@/tmp/.ICE-unix/1790,unix/pop-os:/tmp/.ICE-unix/1790', 'XDG_MENU_PREFIX': 'gnome-', 'GNOME_TERMINAL_SCREEN': '/org/gnome/Terminal/screen/69401945_8890_4a44_bef3_4bbc698c193c', 'XDG_RUNTIME_DIR': '/run/user/1000', 'DISPLAY': ':1', 'LANG': 'en_US.UTF-8', 'XDG_CURRENT_DESKTOP': 'pop:GNOME', 'XMODIFIERS': '@im=ibus', 'XDG_SESSION_DESKTOP': 'pop', 'XAUTHORITY': '/run/user/1000/gdm/Xauthority', 'LS_COLORS': 'rs=0:di=01;34:ln=01;36:mh=00:pi=40;33:so=01;35:do=01;35:bd=40;33;01:cd=40;33;01:or=40;31;01:mi=00:su=37;41:sg=30;43:ca=30;41:tw=30;42:ow=34;42:st=37;44:ex=01;32:*.tar=01;31:*.tgz=01;31:*.arc=01;31:*.arj=01;31:*.taz=01;31:*.lha=01;31:*.lz4=01;31:*.lzh=01;31:*.lzma=01;31:*.tlz=01;31:*.txz=01;31:*.tzo=01;31:*.t7z=01;31:*.zip=01;31:*.z=01;31:*.dz=01;31:*.gz=01;31:*.lrz=01;31:*.lz=01;31:*.lzo=01;31:*.xz=01;31:*.zst=01;31:*.tzst=01;31:*.bz2=01;31:*.bz=01;31:*.tbz=01;31:*.tbz2=01;31:*.tz=01;31:*.deb=01;31:*.rpm=01;31:*.jar=01;31:*.war=01;31:*.ear=01;31:*.sar=01;31:*.rar=01;31:*.alz=01;31:*.ace=01;31:*.zoo=01;31:*.cpio=01;31:*.7z=01;31:*.rz=01;31:*.cab=01;31:*.wim=01;31:*.swm=01;31:*.dwm=01;31:*.esd=01;31:*.jpg=01;35:*.jpeg=01;35:*.mjpg=01;35:*.mjpeg=01;35:*.gif=01;35:*.bmp=01;35:*.pbm=01;35:*.pgm=01;35:*.ppm=01;35:*.tga=01;35:*.xbm=01;35:*.xpm=01;35:*.tif=01;35:*.tiff=01;35:*.png=01;35:*.svg=01;35:*.svgz=01;35:*.mng=01;35:*.pcx=01;35:*.mov=01;35:*.mpg=01;35:*.mpeg=01;35:*.m2v=01;35:*.mkv=01;35:*.webm=01;35:*.webp=01;35:*.ogm=01;35:*.mp4=01;35:*.m4v=01;35:*.mp4v=01;35:*.vob=01;35:*.qt=01;35:*.nuv=01;35:*.wmv=01;35:*.asf=01;35:*.rm=01;35:*.rmvb=01;35:*.flc=01;35:*.avi=01;35:*.fli=01;35:*.flv=01;35:*.gl=01;35:*.dl=01;35:*.xcf=01;35:*.xwd=01;35:*.yuv=01;35:*.cgm=01;35:*.emf=01;35:*.ogv=01;35:*.ogx=01;35:*.aac=00;36:*.au=00;36:*.flac=00;36:*.m4a=00;36:*.mid=00;36:*.midi=00;36:*.mka=00;36:*.mp3=00;36:*.mpc=00;36:*.ogg=00;36:*.ra=00;36:*.wav=00;36:*.oga=00;36:*.opus=00;36:*.spx=00;36:*.xspf=00;36:', 'GNOME_TERMINAL_SERVICE': ':1.119', 'SSH_AGENT_LAUNCHER': 'gnome-keyring', 'SSH_AUTH_SOCK': '/run/user/1000/keyring/ssh', 'ROS_DOMAIN_ID': '7', 'AMENT_PREFIX_PATH': '/home/cjayahansa/ros2N_ws/install/webots_ros2_importer:/home/cjayahansa/ros2N_ws/install/webots_ros2:/home/cjayahansa/ros2N_ws/install/webots_ros2_universal_robot:/home/cjayahansa/ros2N_ws/install/webots_ros2_turtlebot:/home/cjayahansa/ros2N_ws/install/webots_ros2_tiago:/home/cjayahansa/ros2N_ws/install/webots_ros2_tests:/home/cjayahansa/ros2N_ws/install/webots_ros2_tesla:/home/cjayahansa/ros2N_ws/install/webots_ros2_mavic:/home/cjayahansa/ros2N_ws/install/webots_ros2_husarion:/home/cjayahansa/ros2N_ws/install/webots_ros2_epuck:/home/cjayahansa/ros2N_ws/install/webots_ros2_crazyflie:/home/cjayahansa/ros2N_ws/install/webots_ros2_control:/home/cjayahansa/ros2N_ws/install/webots_ros2_driver:/home/cjayahansa/ros2N_ws/install/webots_ros2_msgs:/home/cjayahansa/ros2_ws/install/my_first_package:/opt/ros/humble', 'SHELL': '/bin/bash', 'QT_ACCESSIBILITY': '1', 'GDMSESSION': 'pop', 'LESSCLOSE': '/usr/bin/lesspipe %s %s', 'GPG_AGENT_INFO': '/run/user/1000/gnupg/S.gpg-agent:0:1', 'QT_IM_MODULE': 'ibus', 'PWD': '/home/cjayahansa/ros2N_ws/build/webots_ros2_crazyflie', 'LC_ALL': 'en_US.UTF-8', 'XDG_CONFIG_DIRS': '/etc/xdg/xdg-pop:/etc/xdg', 'XDG_DATA_DIRS': '/usr/share/pop:/usr/share/gnome:/home/cjayahansa/.local/share/flatpak/exports/share:/var/lib/flatpak/exports/share:/usr/local/share/:/usr/share/', 'PYTHONPATH': '/home/cjayahansa/ros2N_ws/build/webots_ros2_crazyflie/prefix_override:/usr/lib/python3/dist-packages/colcon_core/task/python/colcon_distutils_commands:/home/cjayahansa/ros2N_ws/install/webots_ros2_crazyflie/lib/python3.10/site-packages:/home/cjayahansa/ros2N_ws/build/webots_ros2_importer:/home/cjayahansa/ros2N_ws/install/webots_ros2_importer/lib/python3.10/site-packages:/home/cjayahansa/ros2N_ws/install/webots_ros2/lib/python3.10/site-packages:/home/cjayahansa/ros2N_ws/install/webots_ros2_universal_robot/lib/python3.10/site-packages:/home/cjayahansa/ros2N_ws/install/webots_ros2_turtlebot/lib/python3.10/site-packages:/home/cjayahansa/ros2N_ws/install/webots_ros2_tiago/lib/python3.10/site-packages:/home/cjayahansa/ros2N_ws/install/webots_ros2_tests/lib/python3.10/site-packages:/home/cjayahansa/ros2N_ws/install/webots_ros2_tesla/lib/python3.10/site-packages:/home/cjayahansa/ros2N_ws/install/webots_ros2_mavic/lib/python3.10/site-packages:/home/cjayahansa/ros2N_ws/install/webots_ros2_husarion/lib/python3.10/site-packages:/home/cjayahansa/ros2N_ws/install/webots_ros2_epuck/lib/python3.10/site-packages:/home/cjayahansa/ros2N_ws/install/webots_ros2_crazyflie/lib/python3.10/site-packages:/home/cjayahansa/ros2N_ws/install/webots_ros2_driver/local/lib/python3.10/dist-packages:/home/cjayahansa/ros2N_ws/install/webots_ros2_msgs/local/lib/python3.10/dist-packages:/home/cjayahansa/ros2_ws/install/my_first_package/lib/python3.10/site-packages:/opt/ros/humble/lib/python3.10/site-packages:/opt/ros/humble/local/lib/python3.10/dist-packages', 'COLCON': '1', 'VTE_VERSION': '6800', 'CMAKE_PREFIX_PATH': '/home/cjayahansa/ros2N_ws/install/webots_ros2_driver:/home/cjayahansa/ros2N_ws/install/webots_ros2_msgs:/home/cjayahansa/ros2N_ws/install/webots_ros2_control'}, 'shell': False}
[48.720373] (webots_ros2_mavic) Command: {'cmd': ['/usr/bin/python3', '-W', 'ignore:setup.py install is deprecated', '-W', 'ignore:easy_install command is deprecated', 'setup.py', 'develop', '--editable', '--build-directory', '/home/cjayahansa/ros2N_ws/build/webots_ros2_mavic/build', '--no-deps', 'symlink_data'], 'cwd': '/home/cjayahansa/ros2N_ws/build/webots_ros2_mavic', 'env': {'LESSOPEN': '| /usr/bin/lesspipe %s', 'USER': 'cjayahansa', 'XDG_SESSION_TYPE': 'x11', 'SHLVL': '1', 'LD_LIBRARY_PATH': '/home/cjayahansa/ros2N_ws/install/webots_ros2_driver/lib:/home/cjayahansa/ros2N_ws/install/webots_ros2_msgs/lib:/home/cjayahansa/ros2N_ws/install/webots_ros2_control/lib:/opt/ros/humble/opt/rviz_ogre_vendor/lib:/opt/ros/humble/lib/x86_64-linux-gnu:/opt/ros/humble/lib', 'HOME': '/home/cjayahansa', 'OLDPWD': '/home/cjayahansa/ros2N_ws/src', 'DESKTOP_SESSION': 'pop', 'ROS_PYTHON_VERSION': '3', 'GNOME_SHELL_SESSION_MODE': 'pop', 'GTK_MODULES': 'gail:atk-bridge', 'PS1': '\\[\\033[01;36m\\]\\u@\\h\\[\\033[00m\\]:\\[\\033[01;34m\\]\\w\\[\\033[00m\\]$', 'SYSTEMD_EXEC_PID': '1818', 'DBUS_SESSION_BUS_ADDRESS': 'unix:path=/run/user/1000/bus', 'COLORTERM': 'truecolor', 'COLCON_PREFIX_PATH': '/home/cjayahansa/ros2N_ws/install:/home/cjayahansa/ros2_ws/install', 'ROS_DISTRO': 'humble', 'GTK_IM_MODULE': 'ibus', 'LOGNAME': 'cjayahansa', '_': '/usr/bin/colcon', 'ROS_VERSION': '2', 'XDG_SESSION_CLASS': 'user', 'USERNAME': 'cjayahansa', 'TERM': 'xterm-256color', 'GNOME_DESKTOP_SESSION_ID': 'this-is-deprecated', 'ROS_LOCALHOST_ONLY': '1', 'WINDOWPATH': '2', 'PATH': '/opt/ros/humble/bin:/home/cjayahansa/.local/bin:/usr/local/sbin:/usr/local/bin:/usr/sbin:/usr/bin:/sbin:/bin:/usr/games:/usr/local/games:/snap/bin', 'SESSION_MANAGER': 'local/pop-os:@/tmp/.ICE-unix/1790,unix/pop-os:/tmp/.ICE-unix/1790', 'XDG_MENU_PREFIX': 'gnome-', 'GNOME_TERMINAL_SCREEN': '/org/gnome/Terminal/screen/69401945_8890_4a44_bef3_4bbc698c193c', 'XDG_RUNTIME_DIR': '/run/user/1000', 'DISPLAY': ':1', 'LANG': 'en_US.UTF-8', 'XDG_CURRENT_DESKTOP': 'pop:GNOME', 'XMODIFIERS': '@im=ibus', 'XDG_SESSION_DESKTOP': 'pop', 'XAUTHORITY': '/run/user/1000/gdm/Xauthority', 'LS_COLORS': 'rs=0:di=01;34:ln=01;36:mh=00:pi=40;33:so=01;35:do=01;35:bd=40;33;01:cd=40;33;01:or=40;31;01:mi=00:su=37;41:sg=30;43:ca=30;41:tw=30;42:ow=34;42:st=37;44:ex=01;32:*.tar=01;31:*.tgz=01;31:*.arc=01;31:*.arj=01;31:*.taz=01;31:*.lha=01;31:*.lz4=01;31:*.lzh=01;31:*.lzma=01;31:*.tlz=01;31:*.txz=01;31:*.tzo=01;31:*.t7z=01;31:*.zip=01;31:*.z=01;31:*.dz=01;31:*.gz=01;31:*.lrz=01;31:*.lz=01;31:*.lzo=01;31:*.xz=01;31:*.zst=01;31:*.tzst=01;31:*.bz2=01;31:*.bz=01;31:*.tbz=01;31:*.tbz2=01;31:*.tz=01;31:*.deb=01;31:*.rpm=01;31:*.jar=01;31:*.war=01;31:*.ear=01;31:*.sar=01;31:*.rar=01;31:*.alz=01;31:*.ace=01;31:*.zoo=01;31:*.cpio=01;31:*.7z=01;31:*.rz=01;31:*.cab=01;31:*.wim=01;31:*.swm=01;31:*.dwm=01;31:*.esd=01;31:*.jpg=01;35:*.jpeg=01;35:*.mjpg=01;35:*.mjpeg=01;35:*.gif=01;35:*.bmp=01;35:*.pbm=01;35:*.pgm=01;35:*.ppm=01;35:*.tga=01;35:*.xbm=01;35:*.xpm=01;35:*.tif=01;35:*.tiff=01;35:*.png=01;35:*.svg=01;35:*.svgz=01;35:*.mng=01;35:*.pcx=01;35:*.mov=01;35:*.mpg=01;35:*.mpeg=01;35:*.m2v=01;35:*.mkv=01;35:*.webm=01;35:*.webp=01;35:*.ogm=01;35:*.mp4=01;35:*.m4v=01;35:*.mp4v=01;35:*.vob=01;35:*.qt=01;35:*.nuv=01;35:*.wmv=01;35:*.asf=01;35:*.rm=01;35:*.rmvb=01;35:*.flc=01;35:*.avi=01;35:*.fli=01;35:*.flv=01;35:*.gl=01;35:*.dl=01;35:*.xcf=01;35:*.xwd=01;35:*.yuv=01;35:*.cgm=01;35:*.emf=01;35:*.ogv=01;35:*.ogx=01;35:*.aac=00;36:*.au=00;36:*.flac=00;36:*.m4a=00;36:*.mid=00;36:*.midi=00;36:*.mka=00;36:*.mp3=00;36:*.mpc=00;36:*.ogg=00;36:*.ra=00;36:*.wav=00;36:*.oga=00;36:*.opus=00;36:*.spx=00;36:*.xspf=00;36:', 'GNOME_TERMINAL_SERVICE': ':1.119', 'SSH_AGENT_LAUNCHER': 'gnome-keyring', 'SSH_AUTH_SOCK': '/run/user/1000/keyring/ssh', 'ROS_DOMAIN_ID': '7', 'AMENT_PREFIX_PATH': '/home/cjayahansa/ros2N_ws/install/webots_ros2_importer:/home/cjayahansa/ros2N_ws/install/webots_ros2:/home/cjayahansa/ros2N_ws/install/webots_ros2_universal_robot:/home/cjayahansa/ros2N_ws/install/webots_ros2_turtlebot:/home/cjayahansa/ros2N_ws/install/webots_ros2_tiago:/home/cjayahansa/ros2N_ws/install/webots_ros2_tests:/home/cjayahansa/ros2N_ws/install/webots_ros2_tesla:/home/cjayahansa/ros2N_ws/install/webots_ros2_mavic:/home/cjayahansa/ros2N_ws/install/webots_ros2_husarion:/home/cjayahansa/ros2N_ws/install/webots_ros2_epuck:/home/cjayahansa/ros2N_ws/install/webots_ros2_crazyflie:/home/cjayahansa/ros2N_ws/install/webots_ros2_control:/home/cjayahansa/ros2N_ws/install/webots_ros2_driver:/home/cjayahansa/ros2N_ws/install/webots_ros2_msgs:/home/cjayahansa/ros2_ws/install/my_first_package:/opt/ros/humble', 'SHELL': '/bin/bash', 'QT_ACCESSIBILITY': '1', 'GDMSESSION': 'pop', 'LESSCLOSE': '/usr/bin/lesspipe %s %s', 'GPG_AGENT_INFO': '/run/user/1000/gnupg/S.gpg-agent:0:1', 'QT_IM_MODULE': 'ibus', 'PWD': '/home/cjayahansa/ros2N_ws/build/webots_ros2_mavic', 'LC_ALL': 'en_US.UTF-8', 'XDG_CONFIG_DIRS': '/etc/xdg/xdg-pop:/etc/xdg', 'XDG_DATA_DIRS': '/usr/share/pop:/usr/share/gnome:/home/cjayahansa/.local/share/flatpak/exports/share:/var/lib/flatpak/exports/share:/usr/local/share/:/usr/share/', 'PYTHONPATH': '/home/cjayahansa/ros2N_ws/build/webots_ros2_mavic/prefix_override:/usr/lib/python3/dist-packages/colcon_core/task/python/colcon_distutils_commands:/home/cjayahansa/ros2N_ws/install/webots_ros2_mavic/lib/python3.10/site-packages:/home/cjayahansa/ros2N_ws/build/webots_ros2_importer:/home/cjayahansa/ros2N_ws/install/webots_ros2_importer/lib/python3.10/site-packages:/home/cjayahansa/ros2N_ws/install/webots_ros2/lib/python3.10/site-packages:/home/cjayahansa/ros2N_ws/install/webots_ros2_universal_robot/lib/python3.10/site-packages:/home/cjayahansa/ros2N_ws/install/webots_ros2_turtlebot/lib/python3.10/site-packages:/home/cjayahansa/ros2N_ws/install/webots_ros2_tiago/lib/python3.10/site-packages:/home/cjayahansa/ros2N_ws/install/webots_ros2_tests/lib/python3.10/site-packages:/home/cjayahansa/ros2N_ws/install/webots_ros2_tesla/lib/python3.10/site-packages:/home/cjayahansa/ros2N_ws/install/webots_ros2_mavic/lib/python3.10/site-packages:/home/cjayahansa/ros2N_ws/install/webots_ros2_husarion/lib/python3.10/site-packages:/home/cjayahansa/ros2N_ws/install/webots_ros2_epuck/lib/python3.10/site-packages:/home/cjayahansa/ros2N_ws/install/webots_ros2_crazyflie/lib/python3.10/site-packages:/home/cjayahansa/ros2N_ws/install/webots_ros2_driver/local/lib/python3.10/dist-packages:/home/cjayahansa/ros2N_ws/install/webots_ros2_msgs/local/lib/python3.10/dist-packages:/home/cjayahansa/ros2_ws/install/my_first_package/lib/python3.10/site-packages:/opt/ros/humble/lib/python3.10/site-packages:/opt/ros/humble/local/lib/python3.10/dist-packages', 'COLCON': '1', 'VTE_VERSION': '6800', 'CMAKE_PREFIX_PATH': '/home/cjayahansa/ros2N_ws/install/webots_ros2_driver:/home/cjayahansa/ros2N_ws/install/webots_ros2_msgs:/home/cjayahansa/ros2N_ws/install/webots_ros2_control'}, 'shell': False}
[48.723085] (webots_ros2_tesla) Command: {'cmd': ['/usr/bin/python3', '-W', 'ignore:setup.py install is deprecated', '-W', 'ignore:easy_install command is deprecated', 'setup.py', 'develop', '--editable', '--build-directory', '/home/cjayahansa/ros2N_ws/build/webots_ros2_tesla/build', '--no-deps', 'symlink_data'], 'cwd': '/home/cjayahansa/ros2N_ws/build/webots_ros2_tesla', 'env': {'LESSOPEN': '| /usr/bin/lesspipe %s', 'USER': 'cjayahansa', 'XDG_SESSION_TYPE': 'x11', 'SHLVL': '1', 'LD_LIBRARY_PATH': '/home/cjayahansa/ros2N_ws/install/webots_ros2_driver/lib:/home/cjayahansa/ros2N_ws/install/webots_ros2_msgs/lib:/home/cjayahansa/ros2N_ws/install/webots_ros2_control/lib:/opt/ros/humble/opt/rviz_ogre_vendor/lib:/opt/ros/humble/lib/x86_64-linux-gnu:/opt/ros/humble/lib', 'HOME': '/home/cjayahansa', 'OLDPWD': '/home/cjayahansa/ros2N_ws/src', 'DESKTOP_SESSION': 'pop', 'ROS_PYTHON_VERSION': '3', 'GNOME_SHELL_SESSION_MODE': 'pop', 'GTK_MODULES': 'gail:atk-bridge', 'PS1': '\\[\\033[01;36m\\]\\u@\\h\\[\\033[00m\\]:\\[\\033[01;34m\\]\\w\\[\\033[00m\\]$', 'SYSTEMD_EXEC_PID': '1818', 'DBUS_SESSION_BUS_ADDRESS': 'unix:path=/run/user/1000/bus', 'COLORTERM': 'truecolor', 'COLCON_PREFIX_PATH': '/home/cjayahansa/ros2N_ws/install:/home/cjayahansa/ros2_ws/install', 'ROS_DISTRO': 'humble', 'GTK_IM_MODULE': 'ibus', 'LOGNAME': 'cjayahansa', '_': '/usr/bin/colcon', 'ROS_VERSION': '2', 'XDG_SESSION_CLASS': 'user', 'USERNAME': 'cjayahansa', 'TERM': 'xterm-256color', 'GNOME_DESKTOP_SESSION_ID': 'this-is-deprecated', 'ROS_LOCALHOST_ONLY': '1', 'WINDOWPATH': '2', 'PATH': '/opt/ros/humble/bin:/home/cjayahansa/.local/bin:/usr/local/sbin:/usr/local/bin:/usr/sbin:/usr/bin:/sbin:/bin:/usr/games:/usr/local/games:/snap/bin', 'SESSION_MANAGER': 'local/pop-os:@/tmp/.ICE-unix/1790,unix/pop-os:/tmp/.ICE-unix/1790', 'XDG_MENU_PREFIX': 'gnome-', 'GNOME_TERMINAL_SCREEN': '/org/gnome/Terminal/screen/69401945_8890_4a44_bef3_4bbc698c193c', 'XDG_RUNTIME_DIR': '/run/user/1000', 'DISPLAY': ':1', 'LANG': 'en_US.UTF-8', 'XDG_CURRENT_DESKTOP': 'pop:GNOME', 'XMODIFIERS': '@im=ibus', 'XDG_SESSION_DESKTOP': 'pop', 'XAUTHORITY': '/run/user/1000/gdm/Xauthority', 'LS_COLORS': 'rs=0:di=01;34:ln=01;36:mh=00:pi=40;33:so=01;35:do=01;35:bd=40;33;01:cd=40;33;01:or=40;31;01:mi=00:su=37;41:sg=30;43:ca=30;41:tw=30;42:ow=34;42:st=37;44:ex=01;32:*.tar=01;31:*.tgz=01;31:*.arc=01;31:*.arj=01;31:*.taz=01;31:*.lha=01;31:*.lz4=01;31:*.lzh=01;31:*.lzma=01;31:*.tlz=01;31:*.txz=01;31:*.tzo=01;31:*.t7z=01;31:*.zip=01;31:*.z=01;31:*.dz=01;31:*.gz=01;31:*.lrz=01;31:*.lz=01;31:*.lzo=01;31:*.xz=01;31:*.zst=01;31:*.tzst=01;31:*.bz2=01;31:*.bz=01;31:*.tbz=01;31:*.tbz2=01;31:*.tz=01;31:*.deb=01;31:*.rpm=01;31:*.jar=01;31:*.war=01;31:*.ear=01;31:*.sar=01;31:*.rar=01;31:*.alz=01;31:*.ace=01;31:*.zoo=01;31:*.cpio=01;31:*.7z=01;31:*.rz=01;31:*.cab=01;31:*.wim=01;31:*.swm=01;31:*.dwm=01;31:*.esd=01;31:*.jpg=01;35:*.jpeg=01;35:*.mjpg=01;35:*.mjpeg=01;35:*.gif=01;35:*.bmp=01;35:*.pbm=01;35:*.pgm=01;35:*.ppm=01;35:*.tga=01;35:*.xbm=01;35:*.xpm=01;35:*.tif=01;35:*.tiff=01;35:*.png=01;35:*.svg=01;35:*.svgz=01;35:*.mng=01;35:*.pcx=01;35:*.mov=01;35:*.mpg=01;35:*.mpeg=01;35:*.m2v=01;35:*.mkv=01;35:*.webm=01;35:*.webp=01;35:*.ogm=01;35:*.mp4=01;35:*.m4v=01;35:*.mp4v=01;35:*.vob=01;35:*.qt=01;35:*.nuv=01;35:*.wmv=01;35:*.asf=01;35:*.rm=01;35:*.rmvb=01;35:*.flc=01;35:*.avi=01;35:*.fli=01;35:*.flv=01;35:*.gl=01;35:*.dl=01;35:*.xcf=01;35:*.xwd=01;35:*.yuv=01;35:*.cgm=01;35:*.emf=01;35:*.ogv=01;35:*.ogx=01;35:*.aac=00;36:*.au=00;36:*.flac=00;36:*.m4a=00;36:*.mid=00;36:*.midi=00;36:*.mka=00;36:*.mp3=00;36:*.mpc=00;36:*.ogg=00;36:*.ra=00;36:*.wav=00;36:*.oga=00;36:*.opus=00;36:*.spx=00;36:*.xspf=00;36:', 'GNOME_TERMINAL_SERVICE': ':1.119', 'SSH_AGENT_LAUNCHER': 'gnome-keyring', 'SSH_AUTH_SOCK': '/run/user/1000/keyring/ssh', 'ROS_DOMAIN_ID': '7', 'AMENT_PREFIX_PATH': '/home/cjayahansa/ros2N_ws/install/webots_ros2_importer:/home/cjayahansa/ros2N_ws/install/webots_ros2:/home/cjayahansa/ros2N_ws/install/webots_ros2_universal_robot:/home/cjayahansa/ros2N_ws/install/webots_ros2_turtlebot:/home/cjayahansa/ros2N_ws/install/webots_ros2_tiago:/home/cjayahansa/ros2N_ws/install/webots_ros2_tests:/home/cjayahansa/ros2N_ws/install/webots_ros2_tesla:/home/cjayahansa/ros2N_ws/install/webots_ros2_mavic:/home/cjayahansa/ros2N_ws/install/webots_ros2_husarion:/home/cjayahansa/ros2N_ws/install/webots_ros2_epuck:/home/cjayahansa/ros2N_ws/install/webots_ros2_crazyflie:/home/cjayahansa/ros2N_ws/install/webots_ros2_control:/home/cjayahansa/ros2N_ws/install/webots_ros2_driver:/home/cjayahansa/ros2N_ws/install/webots_ros2_msgs:/home/cjayahansa/ros2_ws/install/my_first_package:/opt/ros/humble', 'SHELL': '/bin/bash', 'QT_ACCESSIBILITY': '1', 'GDMSESSION': 'pop', 'LESSCLOSE': '/usr/bin/lesspipe %s %s', 'GPG_AGENT_INFO': '/run/user/1000/gnupg/S.gpg-agent:0:1', 'QT_IM_MODULE': 'ibus', 'PWD': '/home/cjayahansa/ros2N_ws/build/webots_ros2_tesla', 'LC_ALL': 'en_US.UTF-8', 'XDG_CONFIG_DIRS': '/etc/xdg/xdg-pop:/etc/xdg', 'XDG_DATA_DIRS': '/usr/share/pop:/usr/share/gnome:/home/cjayahansa/.local/share/flatpak/exports/share:/var/lib/flatpak/exports/share:/usr/local/share/:/usr/share/', 'PYTHONPATH': '/home/cjayahansa/ros2N_ws/build/webots_ros2_tesla/prefix_override:/usr/lib/python3/dist-packages/colcon_core/task/python/colcon_distutils_commands:/home/cjayahansa/ros2N_ws/install/webots_ros2_tesla/lib/python3.10/site-packages:/home/cjayahansa/ros2N_ws/build/webots_ros2_importer:/home/cjayahansa/ros2N_ws/install/webots_ros2_importer/lib/python3.10/site-packages:/home/cjayahansa/ros2N_ws/install/webots_ros2/lib/python3.10/site-packages:/home/cjayahansa/ros2N_ws/install/webots_ros2_universal_robot/lib/python3.10/site-packages:/home/cjayahansa/ros2N_ws/install/webots_ros2_turtlebot/lib/python3.10/site-packages:/home/cjayahansa/ros2N_ws/install/webots_ros2_tiago/lib/python3.10/site-packages:/home/cjayahansa/ros2N_ws/install/webots_ros2_tests/lib/python3.10/site-packages:/home/cjayahansa/ros2N_ws/install/webots_ros2_tesla/lib/python3.10/site-packages:/home/cjayahansa/ros2N_ws/install/webots_ros2_mavic/lib/python3.10/site-packages:/home/cjayahansa/ros2N_ws/install/webots_ros2_husarion/lib/python3.10/site-packages:/home/cjayahansa/ros2N_ws/install/webots_ros2_epuck/lib/python3.10/site-packages:/home/cjayahansa/ros2N_ws/install/webots_ros2_crazyflie/lib/python3.10/site-packages:/home/cjayahansa/ros2N_ws/install/webots_ros2_driver/local/lib/python3.10/dist-packages:/home/cjayahansa/ros2N_ws/install/webots_ros2_msgs/local/lib/python3.10/dist-packages:/home/cjayahansa/ros2_ws/install/my_first_package/lib/python3.10/site-packages:/opt/ros/humble/lib/python3.10/site-packages:/opt/ros/humble/local/lib/python3.10/dist-packages', 'COLCON': '1', 'VTE_VERSION': '6800', 'CMAKE_PREFIX_PATH': '/home/cjayahansa/ros2N_ws/install/webots_ros2_driver:/home/cjayahansa/ros2N_ws/install/webots_ros2_msgs:/home/cjayahansa/ros2N_ws/install/webots_ros2_control'}, 'shell': False}
[48.748547] (webots_ros2_control) StdoutLine: {'line': b'-- Found eigen3_cmake_module: 0.1.1 (/opt/ros/humble/share/eigen3_cmake_module/cmake)\n'}
[48.750327] (webots_ros2_control) StdoutLine: {'line': b'-- Found Eigen3: TRUE (found version "3.4.0") \n'}
[48.750640] (webots_ros2_control) StdoutLine: {'line': b'-- Ensuring Eigen3 include directory is part of orocos-kdl CMake target\n'}
[48.759066] (-) TimerEvent: {}
[48.859422] (-) TimerEvent: {}
[48.959758] (-) TimerEvent: {}
[49.001949] (webots_ros2_control) StdoutLine: {'line': b'-- Configuring done\n'}
[49.021707] (webots_ros2_mavic) StdoutLine: {'line': b'running develop\n'}
[49.030843] (webots_ros2_crazyflie) StdoutLine: {'line': b'running develop\n'}
[49.033603] (webots_ros2_tesla) StdoutLine: {'line': b'running develop\n'}
[49.059872] (-) TimerEvent: {}
[49.064767] (webots_ros2_control) StdoutLine: {'line': b'-- Generating done\n'}
[49.074651] (webots_ros2_control) StdoutLine: {'line': b'-- Build files have been written to: /home/cjayahansa/ros2N_ws/build/webots_ros2_control\n'}
[49.089458] (webots_ros2_control) CommandEnded: {'returncode': 0}
[49.090643] (webots_ros2_control) JobProgress: {'identifier': 'webots_ros2_control', 'progress': 'build'}
[49.092624] (webots_ros2_control) Command: {'cmd': ['/usr/bin/cmake', '--build', '/home/cjayahansa/ros2N_ws/build/webots_ros2_control', '--', '-j12', '-l12'], 'cwd': '/home/cjayahansa/ros2N_ws/build/webots_ros2_control', 'env': OrderedDict([('LESSOPEN', '| /usr/bin/lesspipe %s'), ('USER', 'cjayahansa'), ('XDG_SESSION_TYPE', 'x11'), ('SHLVL', '1'), ('LD_LIBRARY_PATH', '/home/cjayahansa/ros2N_ws/install/webots_ros2_driver/lib:/home/cjayahansa/ros2N_ws/install/webots_ros2_msgs/lib:/home/cjayahansa/ros2N_ws/install/webots_ros2_control/lib:/opt/ros/humble/opt/rviz_ogre_vendor/lib:/opt/ros/humble/lib/x86_64-linux-gnu:/opt/ros/humble/lib'), ('HOME', '/home/cjayahansa'), ('OLDPWD', '/home/cjayahansa/ros2N_ws/src'), ('DESKTOP_SESSION', 'pop'), ('ROS_PYTHON_VERSION', '3'), ('GNOME_SHELL_SESSION_MODE', 'pop'), ('GTK_MODULES', 'gail:atk-bridge'), ('PS1', '\\[\\033[01;36m\\]\\u@\\h\\[\\033[00m\\]:\\[\\033[01;34m\\]\\w\\[\\033[00m\\]$'), ('SYSTEMD_EXEC_PID', '1818'), ('DBUS_SESSION_BUS_ADDRESS', 'unix:path=/run/user/1000/bus'), ('COLORTERM', 'truecolor'), ('COLCON_PREFIX_PATH', '/home/cjayahansa/ros2N_ws/install:/home/cjayahansa/ros2_ws/install'), ('ROS_DISTRO', 'humble'), ('GTK_IM_MODULE', 'ibus'), ('LOGNAME', 'cjayahansa'), ('_', '/usr/bin/colcon'), ('ROS_VERSION', '2'), ('XDG_SESSION_CLASS', 'user'), ('USERNAME', 'cjayahansa'), ('TERM', 'xterm-256color'), ('GNOME_DESKTOP_SESSION_ID', 'this-is-deprecated'), ('ROS_LOCALHOST_ONLY', '1'), ('WINDOWPATH', '2'), ('PATH', '/opt/ros/humble/bin:/home/cjayahansa/.local/bin:/usr/local/sbin:/usr/local/bin:/usr/sbin:/usr/bin:/sbin:/bin:/usr/games:/usr/local/games:/snap/bin'), ('SESSION_MANAGER', 'local/pop-os:@/tmp/.ICE-unix/1790,unix/pop-os:/tmp/.ICE-unix/1790'), ('XDG_MENU_PREFIX', 'gnome-'), ('GNOME_TERMINAL_SCREEN', '/org/gnome/Terminal/screen/69401945_8890_4a44_bef3_4bbc698c193c'), ('XDG_RUNTIME_DIR', '/run/user/1000'), ('DISPLAY', ':1'), ('LANG', 'en_US.UTF-8'), ('XDG_CURRENT_DESKTOP', 'pop:GNOME'), ('XMODIFIERS', '@im=ibus'), ('XDG_SESSION_DESKTOP', 'pop'), ('XAUTHORITY', '/run/user/1000/gdm/Xauthority'), ('LS_COLORS', 'rs=0:di=01;34:ln=01;36:mh=00:pi=40;33:so=01;35:do=01;35:bd=40;33;01:cd=40;33;01:or=40;31;01:mi=00:su=37;41:sg=30;43:ca=30;41:tw=30;42:ow=34;42:st=37;44:ex=01;32:*.tar=01;31:*.tgz=01;31:*.arc=01;31:*.arj=01;31:*.taz=01;31:*.lha=01;31:*.lz4=01;31:*.lzh=01;31:*.lzma=01;31:*.tlz=01;31:*.txz=01;31:*.tzo=01;31:*.t7z=01;31:*.zip=01;31:*.z=01;31:*.dz=01;31:*.gz=01;31:*.lrz=01;31:*.lz=01;31:*.lzo=01;31:*.xz=01;31:*.zst=01;31:*.tzst=01;31:*.bz2=01;31:*.bz=01;31:*.tbz=01;31:*.tbz2=01;31:*.tz=01;31:*.deb=01;31:*.rpm=01;31:*.jar=01;31:*.war=01;31:*.ear=01;31:*.sar=01;31:*.rar=01;31:*.alz=01;31:*.ace=01;31:*.zoo=01;31:*.cpio=01;31:*.7z=01;31:*.rz=01;31:*.cab=01;31:*.wim=01;31:*.swm=01;31:*.dwm=01;31:*.esd=01;31:*.jpg=01;35:*.jpeg=01;35:*.mjpg=01;35:*.mjpeg=01;35:*.gif=01;35:*.bmp=01;35:*.pbm=01;35:*.pgm=01;35:*.ppm=01;35:*.tga=01;35:*.xbm=01;35:*.xpm=01;35:*.tif=01;35:*.tiff=01;35:*.png=01;35:*.svg=01;35:*.svgz=01;35:*.mng=01;35:*.pcx=01;35:*.mov=01;35:*.mpg=01;35:*.mpeg=01;35:*.m2v=01;35:*.mkv=01;35:*.webm=01;35:*.webp=01;35:*.ogm=01;35:*.mp4=01;35:*.m4v=01;35:*.mp4v=01;35:*.vob=01;35:*.qt=01;35:*.nuv=01;35:*.wmv=01;35:*.asf=01;35:*.rm=01;35:*.rmvb=01;35:*.flc=01;35:*.avi=01;35:*.fli=01;35:*.flv=01;35:*.gl=01;35:*.dl=01;35:*.xcf=01;35:*.xwd=01;35:*.yuv=01;35:*.cgm=01;35:*.emf=01;35:*.ogv=01;35:*.ogx=01;35:*.aac=00;36:*.au=00;36:*.flac=00;36:*.m4a=00;36:*.mid=00;36:*.midi=00;36:*.mka=00;36:*.mp3=00;36:*.mpc=00;36:*.ogg=00;36:*.ra=00;36:*.wav=00;36:*.oga=00;36:*.opus=00;36:*.spx=00;36:*.xspf=00;36:'), ('GNOME_TERMINAL_SERVICE', ':1.119'), ('SSH_AGENT_LAUNCHER', 'gnome-keyring'), ('SSH_AUTH_SOCK', '/run/user/1000/keyring/ssh'), ('ROS_DOMAIN_ID', '7'), ('AMENT_PREFIX_PATH', '/home/cjayahansa/ros2N_ws/install/webots_ros2_importer:/home/cjayahansa/ros2N_ws/install/webots_ros2:/home/cjayahansa/ros2N_ws/install/webots_ros2_universal_robot:/home/cjayahansa/ros2N_ws/install/webots_ros2_turtlebot:/home/cjayahansa/ros2N_ws/install/webots_ros2_tiago:/home/cjayahansa/ros2N_ws/install/webots_ros2_tests:/home/cjayahansa/ros2N_ws/install/webots_ros2_tesla:/home/cjayahansa/ros2N_ws/install/webots_ros2_mavic:/home/cjayahansa/ros2N_ws/install/webots_ros2_husarion:/home/cjayahansa/ros2N_ws/install/webots_ros2_epuck:/home/cjayahansa/ros2N_ws/install/webots_ros2_crazyflie:/home/cjayahansa/ros2N_ws/install/webots_ros2_control:/home/cjayahansa/ros2N_ws/install/webots_ros2_driver:/home/cjayahansa/ros2N_ws/install/webots_ros2_msgs:/home/cjayahansa/ros2_ws/install/my_first_package:/opt/ros/humble'), ('SHELL', '/bin/bash'), ('QT_ACCESSIBILITY', '1'), ('GDMSESSION', 'pop'), ('LESSCLOSE', '/usr/bin/lesspipe %s %s'), ('GPG_AGENT_INFO', '/run/user/1000/gnupg/S.gpg-agent:0:1'), ('QT_IM_MODULE', 'ibus'), ('PWD', '/home/cjayahansa/ros2N_ws/build/webots_ros2_control'), ('LC_ALL', 'en_US.UTF-8'), ('XDG_CONFIG_DIRS', '/etc/xdg/xdg-pop:/etc/xdg'), ('XDG_DATA_DIRS', '/usr/share/pop:/usr/share/gnome:/home/cjayahansa/.local/share/flatpak/exports/share:/var/lib/flatpak/exports/share:/usr/local/share/:/usr/share/'), ('PYTHONPATH', '/home/cjayahansa/ros2N_ws/build/webots_ros2_importer:/home/cjayahansa/ros2N_ws/install/webots_ros2_importer/lib/python3.10/site-packages:/home/cjayahansa/ros2N_ws/install/webots_ros2/lib/python3.10/site-packages:/home/cjayahansa/ros2N_ws/install/webots_ros2_universal_robot/lib/python3.10/site-packages:/home/cjayahansa/ros2N_ws/install/webots_ros2_turtlebot/lib/python3.10/site-packages:/home/cjayahansa/ros2N_ws/install/webots_ros2_tiago/lib/python3.10/site-packages:/home/cjayahansa/ros2N_ws/install/webots_ros2_tests/lib/python3.10/site-packages:/home/cjayahansa/ros2N_ws/install/webots_ros2_tesla/lib/python3.10/site-packages:/home/cjayahansa/ros2N_ws/install/webots_ros2_mavic/lib/python3.10/site-packages:/home/cjayahansa/ros2N_ws/install/webots_ros2_husarion/lib/python3.10/site-packages:/home/cjayahansa/ros2N_ws/install/webots_ros2_epuck/lib/python3.10/site-packages:/home/cjayahansa/ros2N_ws/install/webots_ros2_crazyflie/lib/python3.10/site-packages:/home/cjayahansa/ros2N_ws/install/webots_ros2_driver/local/lib/python3.10/dist-packages:/home/cjayahansa/ros2N_ws/install/webots_ros2_msgs/local/lib/python3.10/dist-packages:/home/cjayahansa/ros2_ws/install/my_first_package/lib/python3.10/site-packages:/opt/ros/humble/lib/python3.10/site-packages:/opt/ros/humble/local/lib/python3.10/dist-packages'), ('COLCON', '1'), ('VTE_VERSION', '6800'), ('CMAKE_PREFIX_PATH', '/home/cjayahansa/ros2N_ws/install/webots_ros2_driver:/home/cjayahansa/ros2N_ws/install/webots_ros2_msgs:/home/cjayahansa/ros2N_ws/install/webots_ros2_control:/home/cjayahansa/ros2N_ws/install/webots_ros2:/home/cjayahansa/ros2N_ws/install/webots_ros2_universal_robot:/home/cjayahansa/ros2N_ws/install/webots_ros2_turtlebot:/home/cjayahansa/ros2N_ws/install/webots_ros2_tiago:/home/cjayahansa/ros2N_ws/install/webots_ros2_tests:/home/cjayahansa/ros2N_ws/install/webots_ros2_tesla:/home/cjayahansa/ros2N_ws/install/webots_ros2_mavic:/home/cjayahansa/ros2N_ws/install/webots_ros2_husarion:/home/cjayahansa/ros2N_ws/install/webots_ros2_epuck:/home/cjayahansa/ros2N_ws/install/webots_ros2_crazyflie:/home/cjayahansa/ros2N_ws/install/webots_ros2_importer:/home/cjayahansa/ros2_ws/install/my_first_package:/opt/ros/humble')]), 'shell': False}
[49.160004] (-) TimerEvent: {}
[49.160994] (webots_ros2_control) StdoutLine: {'line': b'[ 25%] \x1b[32mBuilding CXX object CMakeFiles/webots_ros2_control.dir/src/Ros2Control.cpp.o\x1b[0m\n'}
[49.164497] (webots_ros2_control) StdoutLine: {'line': b'[ 50%] \x1b[32mBuilding CXX object CMakeFiles/webots_ros2_control_system.dir/src/Ros2ControlSystem.cpp.o\x1b[0m\n'}
[49.238016] (webots_ros2_mavic) StdoutLine: {'line': b'running egg_info\n'}
[49.238223] (webots_ros2_mavic) StdoutLine: {'line': b'creating webots_ros2_mavic.egg-info\n'}
[49.238404] (webots_ros2_mavic) StdoutLine: {'line': b'writing webots_ros2_mavic.egg-info/PKG-INFO\n'}
[49.238667] (webots_ros2_mavic) StdoutLine: {'line': b'writing dependency_links to webots_ros2_mavic.egg-info/dependency_links.txt\n'}
[49.238861] (webots_ros2_mavic) StdoutLine: {'line': b'writing entry points to webots_ros2_mavic.egg-info/entry_points.txt\n'}
[49.239036] (webots_ros2_mavic) StdoutLine: {'line': b'writing requirements to webots_ros2_mavic.egg-info/requires.txt\n'}
[49.239165] (webots_ros2_mavic) StdoutLine: {'line': b'writing top-level names to webots_ros2_mavic.egg-info/top_level.txt\n'}
[49.239442] (webots_ros2_mavic) StdoutLine: {'line': b"writing manifest file 'webots_ros2_mavic.egg-info/SOURCES.txt'\n"}
[49.241479] (webots_ros2_mavic) StdoutLine: {'line': b"reading manifest file 'webots_ros2_mavic.egg-info/SOURCES.txt'\n"}
[49.242160] (webots_ros2_mavic) StdoutLine: {'line': b"writing manifest file 'webots_ros2_mavic.egg-info/SOURCES.txt'\n"}
[49.243829] (webots_ros2_mavic) StdoutLine: {'line': b'running build_ext\n'}
[49.244090] (webots_ros2_mavic) StdoutLine: {'line': b'Creating /home/cjayahansa/ros2N_ws/install/webots_ros2_mavic/lib/python3.10/site-packages/webots-ros2-mavic.egg-link (link to .)\n'}
[49.244946] (webots_ros2_mavic) StdoutLine: {'line': b'\n'}
[49.245170] (webots_ros2_mavic) StdoutLine: {'line': b'Installed /home/cjayahansa/ros2N_ws/build/webots_ros2_mavic\n'}
[49.245337] (webots_ros2_mavic) StdoutLine: {'line': b'running symlink_data\n'}
[49.245455] (webots_ros2_mavic) StdoutLine: {'line': b'creating /home/cjayahansa/ros2N_ws/install/webots_ros2_mavic/share/ament_index\n'}
[49.245599] (webots_ros2_mavic) StdoutLine: {'line': b'creating /home/cjayahansa/ros2N_ws/install/webots_ros2_mavic/share/ament_index/resource_index\n'}
[49.245744] (webots_ros2_mavic) StdoutLine: {'line': b'creating /home/cjayahansa/ros2N_ws/install/webots_ros2_mavic/share/ament_index/resource_index/packages\n'}
[49.245967] (webots_ros2_mavic) StdoutLine: {'line': b'symbolically linking /home/cjayahansa/ros2N_ws/build/webots_ros2_mavic/resource/webots_ros2_mavic -> /home/cjayahansa/ros2N_ws/install/webots_ros2_mavic/share/ament_index/resource_index/packages\n'}
[49.246144] (webots_ros2_mavic) StdoutLine: {'line': b'creating /home/cjayahansa/ros2N_ws/install/webots_ros2_mavic/share/webots_ros2_mavic/launch\n'}
[49.246252] (webots_ros2_mavic) StdoutLine: {'line': b'symbolically linking /home/cjayahansa/ros2N_ws/build/webots_ros2_mavic/launch/robot_launch.py -> /home/cjayahansa/ros2N_ws/install/webots_ros2_mavic/share/webots_ros2_mavic/launch\n'}
[49.246350] (webots_ros2_mavic) StdoutLine: {'line': b'creating /home/cjayahansa/ros2N_ws/install/webots_ros2_mavic/share/webots_ros2_mavic/worlds\n'}
[49.246444] (webots_ros2_mavic) StdoutLine: {'line': b'symbolically linking /home/cjayahansa/ros2N_ws/build/webots_ros2_mavic/worlds/mavic_world.wbt -> /home/cjayahansa/ros2N_ws/install/webots_ros2_mavic/share/webots_ros2_mavic/worlds\n'}
[49.246536] (webots_ros2_mavic) StdoutLine: {'line': b'symbolically linking /home/cjayahansa/ros2N_ws/build/webots_ros2_mavic/worlds/.mavic_world.wbproj -> /home/cjayahansa/ros2N_ws/install/webots_ros2_mavic/share/webots_ros2_mavic/worlds\n'}
[49.246627] (webots_ros2_mavic) StdoutLine: {'line': b'creating /home/cjayahansa/ros2N_ws/install/webots_ros2_mavic/share/webots_ros2_mavic/resource\n'}
[49.246720] (webots_ros2_mavic) StdoutLine: {'line': b'symbolically linking /home/cjayahansa/ros2N_ws/build/webots_ros2_mavic/resource/mavic_webots.urdf -> /home/cjayahansa/ros2N_ws/install/webots_ros2_mavic/share/webots_ros2_mavic/resource\n'}
[49.246905] (webots_ros2_mavic) StdoutLine: {'line': b'symbolically linking /home/cjayahansa/ros2N_ws/build/webots_ros2_mavic/package.xml -> /home/cjayahansa/ros2N_ws/install/webots_ros2_mavic/share/webots_ros2_mavic\n'}
[49.258312] (webots_ros2_tesla) StdoutLine: {'line': b'running egg_info\n'}
[49.258489] (webots_ros2_tesla) StdoutLine: {'line': b'creating webots_ros2_tesla.egg-info\n'}
[49.258678] (webots_ros2_tesla) StdoutLine: {'line': b'writing webots_ros2_tesla.egg-info/PKG-INFO\n'}
[49.259113] (webots_ros2_tesla) StdoutLine: {'line': b'writing dependency_links to webots_ros2_tesla.egg-info/dependency_links.txt\n'}
[49.259313] (webots_ros2_tesla) StdoutLine: {'line': b'writing entry points to webots_ros2_tesla.egg-info/entry_points.txt\n'}
[49.259450] (webots_ros2_tesla) StdoutLine: {'line': b'writing requirements to webots_ros2_tesla.egg-info/requires.txt\n'}
[49.259562] (webots_ros2_tesla) StdoutLine: {'line': b'writing top-level names to webots_ros2_tesla.egg-info/top_level.txt\n'}
[49.259959] (webots_ros2_tesla) StdoutLine: {'line': b"writing manifest file 'webots_ros2_tesla.egg-info/SOURCES.txt'\n"}
[49.260110] (-) TimerEvent: {}
[49.262398] (webots_ros2_tesla) StdoutLine: {'line': b"reading manifest file 'webots_ros2_tesla.egg-info/SOURCES.txt'\n"}
[49.262634] (webots_ros2_crazyflie) StdoutLine: {'line': b'running egg_info\n'}
[49.262765] (webots_ros2_crazyflie) StdoutLine: {'line': b'creating webots_ros2_crazyflie.egg-info\n'}
[49.262948] (webots_ros2_crazyflie) StdoutLine: {'line': b'writing webots_ros2_crazyflie.egg-info/PKG-INFO\n'}
[49.263288] (webots_ros2_tesla) StdoutLine: {'line': b"writing manifest file 'webots_ros2_tesla.egg-info/SOURCES.txt'\n"}
[49.263478] (webots_ros2_crazyflie) StdoutLine: {'line': b'writing dependency_links to webots_ros2_crazyflie.egg-info/dependency_links.txt\n'}
[49.263603] (webots_ros2_crazyflie) StdoutLine: {'line': b'writing entry points to webots_ros2_crazyflie.egg-info/entry_points.txt\n'}
[49.263701] (webots_ros2_crazyflie) StdoutLine: {'line': b'writing requirements to webots_ros2_crazyflie.egg-info/requires.txt\n'}
[49.263770] (webots_ros2_crazyflie) StdoutLine: {'line': b'writing top-level names to webots_ros2_crazyflie.egg-info/top_level.txt\n'}
[49.264047] (webots_ros2_crazyflie) StdoutLine: {'line': b"writing manifest file 'webots_ros2_crazyflie.egg-info/SOURCES.txt'\n"}
[49.265395] (webots_ros2_tesla) StdoutLine: {'line': b'running build_ext\n'}
[49.265619] (webots_ros2_tesla) StdoutLine: {'line': b'Creating /home/cjayahansa/ros2N_ws/install/webots_ros2_tesla/lib/python3.10/site-packages/webots-ros2-tesla.egg-link (link to .)\n'}
[49.266150] (webots_ros2_crazyflie) StdoutLine: {'line': b"reading manifest file 'webots_ros2_crazyflie.egg-info/SOURCES.txt'\n"}
[49.266661] (webots_ros2_tesla) StdoutLine: {'line': b'Installing lane_follower script to /home/cjayahansa/ros2N_ws/install/webots_ros2_tesla/lib/webots_ros2_tesla\n'}
[49.266899] (webots_ros2_crazyflie) StdoutLine: {'line': b"writing manifest file 'webots_ros2_crazyflie.egg-info/SOURCES.txt'\n"}
[49.267114] (webots_ros2_tesla) StdoutLine: {'line': b'\n'}
[49.267250] (webots_ros2_tesla) StdoutLine: {'line': b'Installed /home/cjayahansa/ros2N_ws/build/webots_ros2_tesla\n'}
[49.267351] (webots_ros2_tesla) StdoutLine: {'line': b'running symlink_data\n'}
[49.267423] (webots_ros2_tesla) StdoutLine: {'line': b'creating /home/cjayahansa/ros2N_ws/install/webots_ros2_tesla/share/ament_index\n'}
[49.267549] (webots_ros2_tesla) StdoutLine: {'line': b'creating /home/cjayahansa/ros2N_ws/install/webots_ros2_tesla/share/ament_index/resource_index\n'}
[49.267635] (webots_ros2_tesla) StdoutLine: {'line': b'creating /home/cjayahansa/ros2N_ws/install/webots_ros2_tesla/share/ament_index/resource_index/packages\n'}
[49.267745] (webots_ros2_tesla) StdoutLine: {'line': b'symbolically linking /home/cjayahansa/ros2N_ws/build/webots_ros2_tesla/resource/webots_ros2_tesla -> /home/cjayahansa/ros2N_ws/install/webots_ros2_tesla/share/ament_index/resource_index/packages\n'}
[49.267868] (webots_ros2_tesla) StdoutLine: {'line': b'creating /home/cjayahansa/ros2N_ws/install/webots_ros2_tesla/share/webots_ros2_tesla/launch\n'}
[49.267993] (webots_ros2_tesla) StdoutLine: {'line': b'symbolically linking /home/cjayahansa/ros2N_ws/build/webots_ros2_tesla/launch/robot_launch.py -> /home/cjayahansa/ros2N_ws/install/webots_ros2_tesla/share/webots_ros2_tesla/launch\n'}
[49.268109] (webots_ros2_tesla) StdoutLine: {'line': b'creating /home/cjayahansa/ros2N_ws/install/webots_ros2_tesla/share/webots_ros2_tesla/worlds\n'}
[49.268247] (webots_ros2_tesla) StdoutLine: {'line': b'symbolically linking /home/cjayahansa/ros2N_ws/build/webots_ros2_tesla/worlds/tesla_world.wbt -> /home/cjayahansa/ros2N_ws/install/webots_ros2_tesla/share/webots_ros2_tesla/worlds\n'}
[49.268373] (webots_ros2_tesla) StdoutLine: {'line': b'symbolically linking /home/cjayahansa/ros2N_ws/build/webots_ros2_tesla/worlds/.tesla_world.wbproj -> /home/cjayahansa/ros2N_ws/install/webots_ros2_tesla/share/webots_ros2_tesla/worlds\n'}
[49.268497] (webots_ros2_tesla) StdoutLine: {'line': b'creating /home/cjayahansa/ros2N_ws/install/webots_ros2_tesla/share/webots_ros2_tesla/resource\n'}
[49.268618] (webots_ros2_tesla) StdoutLine: {'line': b'symbolically linking /home/cjayahansa/ros2N_ws/build/webots_ros2_tesla/resource/tesla_webots.urdf -> /home/cjayahansa/ros2N_ws/install/webots_ros2_tesla/share/webots_ros2_tesla/resource\n'}
[49.268747] (webots_ros2_tesla) StdoutLine: {'line': b'symbolically linking /home/cjayahansa/ros2N_ws/build/webots_ros2_tesla/package.xml -> /home/cjayahansa/ros2N_ws/install/webots_ros2_tesla/share/webots_ros2_tesla\n'}
[49.268868] (webots_ros2_crazyflie) StdoutLine: {'line': b'running build_ext\n'}
[49.269019] (webots_ros2_crazyflie) StdoutLine: {'line': b'Creating /home/cjayahansa/ros2N_ws/install/webots_ros2_crazyflie/lib/python3.10/site-packages/webots-ros2-crazyflie.egg-link (link to .)\n'}
[49.270025] (webots_ros2_crazyflie) StdoutLine: {'line': b'Installing crazyflie_driver script to /home/cjayahansa/ros2N_ws/install/webots_ros2_crazyflie/lib/webots_ros2_crazyflie\n'}
[49.270338] (webots_ros2_crazyflie) StdoutLine: {'line': b'\n'}
[49.270437] (webots_ros2_crazyflie) StdoutLine: {'line': b'Installed /home/cjayahansa/ros2N_ws/build/webots_ros2_crazyflie\n'}
[49.270832] (webots_ros2_crazyflie) StdoutLine: {'line': b'running symlink_data\n'}
[49.271006] (webots_ros2_crazyflie) StdoutLine: {'line': b'creating /home/cjayahansa/ros2N_ws/install/webots_ros2_crazyflie/share/ament_index\n'}
[49.271097] (webots_ros2_crazyflie) StdoutLine: {'line': b'creating /home/cjayahansa/ros2N_ws/install/webots_ros2_crazyflie/share/ament_index/resource_index\n'}
[49.271173] (webots_ros2_crazyflie) StdoutLine: {'line': b'creating /home/cjayahansa/ros2N_ws/install/webots_ros2_crazyflie/share/ament_index/resource_index/packages\n'}
[49.271247] (webots_ros2_crazyflie) StdoutLine: {'line': b'symbolically linking /home/cjayahansa/ros2N_ws/build/webots_ros2_crazyflie/resource/webots_ros2_crazyflie -> /home/cjayahansa/ros2N_ws/install/webots_ros2_crazyflie/share/ament_index/resource_index/packages\n'}
[49.271328] (webots_ros2_crazyflie) StdoutLine: {'line': b'creating /home/cjayahansa/ros2N_ws/install/webots_ros2_crazyflie/share/webots_ros2_crazyflie/launch\n'}
[49.271399] (webots_ros2_crazyflie) StdoutLine: {'line': b'symbolically linking /home/cjayahansa/ros2N_ws/build/webots_ros2_crazyflie/launch/robot_launch.py -> /home/cjayahansa/ros2N_ws/install/webots_ros2_crazyflie/share/webots_ros2_crazyflie/launch\n'}
[49.271470] (webots_ros2_crazyflie) StdoutLine: {'line': b'creating /home/cjayahansa/ros2N_ws/install/webots_ros2_crazyflie/share/webots_ros2_crazyflie/worlds\n'}
[49.271538] (webots_ros2_crazyflie) StdoutLine: {'line': b'symbolically linking /home/cjayahansa/ros2N_ws/build/webots_ros2_crazyflie/worlds/crazyflie_apartment.wbt -> /home/cjayahansa/ros2N_ws/install/webots_ros2_crazyflie/share/webots_ros2_crazyflie/worlds\n'}
[49.271658] (webots_ros2_crazyflie) StdoutLine: {'line': b'symbolically linking /home/cjayahansa/ros2N_ws/build/webots_ros2_crazyflie/worlds/.crazyflie_apartment.wbproj -> /home/cjayahansa/ros2N_ws/install/webots_ros2_crazyflie/share/webots_ros2_crazyflie/worlds\n'}
[49.271766] (webots_ros2_crazyflie) StdoutLine: {'line': b'creating /home/cjayahansa/ros2N_ws/install/webots_ros2_crazyflie/share/webots_ros2_crazyflie/resource\n'}
[49.271833] (webots_ros2_crazyflie) StdoutLine: {'line': b'symbolically linking /home/cjayahansa/ros2N_ws/build/webots_ros2_crazyflie/resource/crazyflie_webots.urdf -> /home/cjayahansa/ros2N_ws/install/webots_ros2_crazyflie/share/webots_ros2_crazyflie/resource\n'}
[49.271932] (webots_ros2_crazyflie) StdoutLine: {'line': b'symbolically linking /home/cjayahansa/ros2N_ws/build/webots_ros2_crazyflie/package.xml -> /home/cjayahansa/ros2N_ws/install/webots_ros2_crazyflie/share/webots_ros2_crazyflie\n'}
[49.310077] (webots_ros2_mavic) CommandEnded: {'returncode': 0}
[49.322133] (webots_ros2_mavic) JobEnded: {'identifier': 'webots_ros2_mavic', 'rc': 0}
[49.334237] (webots_ros2_crazyflie) CommandEnded: {'returncode': 0}
[49.341535] (webots_ros2_crazyflie) JobEnded: {'identifier': 'webots_ros2_crazyflie', 'rc': 0}
[49.343079] (webots_ros2_tesla) CommandEnded: {'returncode': 0}
[49.349655] (webots_ros2_tesla) JobEnded: {'identifier': 'webots_ros2_tesla', 'rc': 0}
[49.360278] (-) TimerEvent: {}
[49.460669] (-) TimerEvent: {}
[49.561059] (-) TimerEvent: {}
[49.661423] (-) TimerEvent: {}
[49.761757] (-) TimerEvent: {}
[49.862079] (-) TimerEvent: {}
[49.962474] (-) TimerEvent: {}
[50.062846] (-) TimerEvent: {}
[50.163236] (-) TimerEvent: {}
[50.263612] (-) TimerEvent: {}
[50.363985] (-) TimerEvent: {}
[50.464365] (-) TimerEvent: {}
[50.564739] (-) TimerEvent: {}
[50.665143] (-) TimerEvent: {}
[50.765520] (-) TimerEvent: {}
[50.865913] (-) TimerEvent: {}
[50.966291] (-) TimerEvent: {}
[51.066664] (-) TimerEvent: {}
[51.167053] (-) TimerEvent: {}
[51.267427] (-) TimerEvent: {}
[51.367802] (-) TimerEvent: {}
[51.468205] (-) TimerEvent: {}
[51.568581] (-) TimerEvent: {}
[51.668962] (-) TimerEvent: {}
[51.769338] (-) TimerEvent: {}
[51.869713] (-) TimerEvent: {}
[51.970100] (-) TimerEvent: {}
[52.070491] (-) TimerEvent: {}
[52.170874] (-) TimerEvent: {}
[52.271270] (-) TimerEvent: {}
[52.371646] (-) TimerEvent: {}
[52.472040] (-) TimerEvent: {}
[52.572411] (-) TimerEvent: {}
[52.672784] (-) TimerEvent: {}
[52.773188] (-) TimerEvent: {}
[52.873562] (-) TimerEvent: {}
[52.920078] (webots_ros2_control) StdoutLine: {'line': b'[ 75%] \x1b[32m\x1b[1mLinking CXX shared library libwebots_ros2_control_system.so\x1b[0m\n'}
[52.973709] (-) TimerEvent: {}
[53.074111] (-) TimerEvent: {}
[53.139297] (webots_ros2_control) StdoutLine: {'line': b'[ 75%] Built target webots_ros2_control_system\n'}
[53.174254] (-) TimerEvent: {}
[53.274949] (-) TimerEvent: {}
[53.375320] (-) TimerEvent: {}
[53.475923] (-) TimerEvent: {}
[53.576278] (-) TimerEvent: {}
[53.676803] (-) TimerEvent: {}
[53.777220] (-) TimerEvent: {}
[53.877619] (-) TimerEvent: {}
[53.977938] (-) TimerEvent: {}
[54.078267] (-) TimerEvent: {}
[54.178617] (-) TimerEvent: {}
[54.278992] (-) TimerEvent: {}
[54.379391] (-) TimerEvent: {}
[54.479726] (-) TimerEvent: {}
[54.580048] (-) TimerEvent: {}
[54.680364] (-) TimerEvent: {}
[54.780698] (-) TimerEvent: {}
[54.881046] (-) TimerEvent: {}
[54.962175] (webots_ros2_control) StdoutLine: {'line': b'[100%] \x1b[32m\x1b[1mLinking CXX shared library libwebots_ros2_control.so\x1b[0m\n'}
[54.981194] (-) TimerEvent: {}
[55.081575] (-) TimerEvent: {}
[55.181990] (-) TimerEvent: {}
[55.282421] (-) TimerEvent: {}
[55.344592] (webots_ros2_control) StdoutLine: {'line': b'[100%] Built target webots_ros2_control\n'}
[55.357603] (webots_ros2_control) CommandEnded: {'returncode': 0}
[55.358791] (webots_ros2_control) JobProgress: {'identifier': 'webots_ros2_control', 'progress': 'install'}
[55.359921] (webots_ros2_control) Command: {'cmd': ['/usr/bin/cmake', '--install', '/home/cjayahansa/ros2N_ws/build/webots_ros2_control'], 'cwd': '/home/cjayahansa/ros2N_ws/build/webots_ros2_control', 'env': OrderedDict([('LESSOPEN', '| /usr/bin/lesspipe %s'), ('USER', 'cjayahansa'), ('XDG_SESSION_TYPE', 'x11'), ('SHLVL', '1'), ('LD_LIBRARY_PATH', '/home/cjayahansa/ros2N_ws/install/webots_ros2_driver/lib:/home/cjayahansa/ros2N_ws/install/webots_ros2_msgs/lib:/home/cjayahansa/ros2N_ws/install/webots_ros2_control/lib:/opt/ros/humble/opt/rviz_ogre_vendor/lib:/opt/ros/humble/lib/x86_64-linux-gnu:/opt/ros/humble/lib'), ('HOME', '/home/cjayahansa'), ('OLDPWD', '/home/cjayahansa/ros2N_ws/src'), ('DESKTOP_SESSION', 'pop'), ('ROS_PYTHON_VERSION', '3'), ('GNOME_SHELL_SESSION_MODE', 'pop'), ('GTK_MODULES', 'gail:atk-bridge'), ('PS1', '\\[\\033[01;36m\\]\\u@\\h\\[\\033[00m\\]:\\[\\033[01;34m\\]\\w\\[\\033[00m\\]$'), ('SYSTEMD_EXEC_PID', '1818'), ('DBUS_SESSION_BUS_ADDRESS', 'unix:path=/run/user/1000/bus'), ('COLORTERM', 'truecolor'), ('COLCON_PREFIX_PATH', '/home/cjayahansa/ros2N_ws/install:/home/cjayahansa/ros2_ws/install'), ('ROS_DISTRO', 'humble'), ('GTK_IM_MODULE', 'ibus'), ('LOGNAME', 'cjayahansa'), ('_', '/usr/bin/colcon'), ('ROS_VERSION', '2'), ('XDG_SESSION_CLASS', 'user'), ('USERNAME', 'cjayahansa'), ('TERM', 'xterm-256color'), ('GNOME_DESKTOP_SESSION_ID', 'this-is-deprecated'), ('ROS_LOCALHOST_ONLY', '1'), ('WINDOWPATH', '2'), ('PATH', '/opt/ros/humble/bin:/home/cjayahansa/.local/bin:/usr/local/sbin:/usr/local/bin:/usr/sbin:/usr/bin:/sbin:/bin:/usr/games:/usr/local/games:/snap/bin'), ('SESSION_MANAGER', 'local/pop-os:@/tmp/.ICE-unix/1790,unix/pop-os:/tmp/.ICE-unix/1790'), ('XDG_MENU_PREFIX', 'gnome-'), ('GNOME_TERMINAL_SCREEN', '/org/gnome/Terminal/screen/69401945_8890_4a44_bef3_4bbc698c193c'), ('XDG_RUNTIME_DIR', '/run/user/1000'), ('DISPLAY', ':1'), ('LANG', 'en_US.UTF-8'), ('XDG_CURRENT_DESKTOP', 'pop:GNOME'), ('XMODIFIERS', '@im=ibus'), ('XDG_SESSION_DESKTOP', 'pop'), ('XAUTHORITY', '/run/user/1000/gdm/Xauthority'), ('LS_COLORS', 'rs=0:di=01;34:ln=01;36:mh=00:pi=40;33:so=01;35:do=01;35:bd=40;33;01:cd=40;33;01:or=40;31;01:mi=00:su=37;41:sg=30;43:ca=30;41:tw=30;42:ow=34;42:st=37;44:ex=01;32:*.tar=01;31:*.tgz=01;31:*.arc=01;31:*.arj=01;31:*.taz=01;31:*.lha=01;31:*.lz4=01;31:*.lzh=01;31:*.lzma=01;31:*.tlz=01;31:*.txz=01;31:*.tzo=01;31:*.t7z=01;31:*.zip=01;31:*.z=01;31:*.dz=01;31:*.gz=01;31:*.lrz=01;31:*.lz=01;31:*.lzo=01;31:*.xz=01;31:*.zst=01;31:*.tzst=01;31:*.bz2=01;31:*.bz=01;31:*.tbz=01;31:*.tbz2=01;31:*.tz=01;31:*.deb=01;31:*.rpm=01;31:*.jar=01;31:*.war=01;31:*.ear=01;31:*.sar=01;31:*.rar=01;31:*.alz=01;31:*.ace=01;31:*.zoo=01;31:*.cpio=01;31:*.7z=01;31:*.rz=01;31:*.cab=01;31:*.wim=01;31:*.swm=01;31:*.dwm=01;31:*.esd=01;31:*.jpg=01;35:*.jpeg=01;35:*.mjpg=01;35:*.mjpeg=01;35:*.gif=01;35:*.bmp=01;35:*.pbm=01;35:*.pgm=01;35:*.ppm=01;35:*.tga=01;35:*.xbm=01;35:*.xpm=01;35:*.tif=01;35:*.tiff=01;35:*.png=01;35:*.svg=01;35:*.svgz=01;35:*.mng=01;35:*.pcx=01;35:*.mov=01;35:*.mpg=01;35:*.mpeg=01;35:*.m2v=01;35:*.mkv=01;35:*.webm=01;35:*.webp=01;35:*.ogm=01;35:*.mp4=01;35:*.m4v=01;35:*.mp4v=01;35:*.vob=01;35:*.qt=01;35:*.nuv=01;35:*.wmv=01;35:*.asf=01;35:*.rm=01;35:*.rmvb=01;35:*.flc=01;35:*.avi=01;35:*.fli=01;35:*.flv=01;35:*.gl=01;35:*.dl=01;35:*.xcf=01;35:*.xwd=01;35:*.yuv=01;35:*.cgm=01;35:*.emf=01;35:*.ogv=01;35:*.ogx=01;35:*.aac=00;36:*.au=00;36:*.flac=00;36:*.m4a=00;36:*.mid=00;36:*.midi=00;36:*.mka=00;36:*.mp3=00;36:*.mpc=00;36:*.ogg=00;36:*.ra=00;36:*.wav=00;36:*.oga=00;36:*.opus=00;36:*.spx=00;36:*.xspf=00;36:'), ('GNOME_TERMINAL_SERVICE', ':1.119'), ('SSH_AGENT_LAUNCHER', 'gnome-keyring'), ('SSH_AUTH_SOCK', '/run/user/1000/keyring/ssh'), ('ROS_DOMAIN_ID', '7'), ('AMENT_PREFIX_PATH', '/home/cjayahansa/ros2N_ws/install/webots_ros2_importer:/home/cjayahansa/ros2N_ws/install/webots_ros2:/home/cjayahansa/ros2N_ws/install/webots_ros2_universal_robot:/home/cjayahansa/ros2N_ws/install/webots_ros2_turtlebot:/home/cjayahansa/ros2N_ws/install/webots_ros2_tiago:/home/cjayahansa/ros2N_ws/install/webots_ros2_tests:/home/cjayahansa/ros2N_ws/install/webots_ros2_tesla:/home/cjayahansa/ros2N_ws/install/webots_ros2_mavic:/home/cjayahansa/ros2N_ws/install/webots_ros2_husarion:/home/cjayahansa/ros2N_ws/install/webots_ros2_epuck:/home/cjayahansa/ros2N_ws/install/webots_ros2_crazyflie:/home/cjayahansa/ros2N_ws/install/webots_ros2_control:/home/cjayahansa/ros2N_ws/install/webots_ros2_driver:/home/cjayahansa/ros2N_ws/install/webots_ros2_msgs:/home/cjayahansa/ros2_ws/install/my_first_package:/opt/ros/humble'), ('SHELL', '/bin/bash'), ('QT_ACCESSIBILITY', '1'), ('GDMSESSION', 'pop'), ('LESSCLOSE', '/usr/bin/lesspipe %s %s'), ('GPG_AGENT_INFO', '/run/user/1000/gnupg/S.gpg-agent:0:1'), ('QT_IM_MODULE', 'ibus'), ('PWD', '/home/cjayahansa/ros2N_ws/build/webots_ros2_control'), ('LC_ALL', 'en_US.UTF-8'), ('XDG_CONFIG_DIRS', '/etc/xdg/xdg-pop:/etc/xdg'), ('XDG_DATA_DIRS', '/usr/share/pop:/usr/share/gnome:/home/cjayahansa/.local/share/flatpak/exports/share:/var/lib/flatpak/exports/share:/usr/local/share/:/usr/share/'), ('PYTHONPATH', '/home/cjayahansa/ros2N_ws/build/webots_ros2_importer:/home/cjayahansa/ros2N_ws/install/webots_ros2_importer/lib/python3.10/site-packages:/home/cjayahansa/ros2N_ws/install/webots_ros2/lib/python3.10/site-packages:/home/cjayahansa/ros2N_ws/install/webots_ros2_universal_robot/lib/python3.10/site-packages:/home/cjayahansa/ros2N_ws/install/webots_ros2_turtlebot/lib/python3.10/site-packages:/home/cjayahansa/ros2N_ws/install/webots_ros2_tiago/lib/python3.10/site-packages:/home/cjayahansa/ros2N_ws/install/webots_ros2_tests/lib/python3.10/site-packages:/home/cjayahansa/ros2N_ws/install/webots_ros2_tesla/lib/python3.10/site-packages:/home/cjayahansa/ros2N_ws/install/webots_ros2_mavic/lib/python3.10/site-packages:/home/cjayahansa/ros2N_ws/install/webots_ros2_husarion/lib/python3.10/site-packages:/home/cjayahansa/ros2N_ws/install/webots_ros2_epuck/lib/python3.10/site-packages:/home/cjayahansa/ros2N_ws/install/webots_ros2_crazyflie/lib/python3.10/site-packages:/home/cjayahansa/ros2N_ws/install/webots_ros2_driver/local/lib/python3.10/dist-packages:/home/cjayahansa/ros2N_ws/install/webots_ros2_msgs/local/lib/python3.10/dist-packages:/home/cjayahansa/ros2_ws/install/my_first_package/lib/python3.10/site-packages:/opt/ros/humble/lib/python3.10/site-packages:/opt/ros/humble/local/lib/python3.10/dist-packages'), ('COLCON', '1'), ('VTE_VERSION', '6800'), ('CMAKE_PREFIX_PATH', '/home/cjayahansa/ros2N_ws/install/webots_ros2_driver:/home/cjayahansa/ros2N_ws/install/webots_ros2_msgs:/home/cjayahansa/ros2N_ws/install/webots_ros2_control:/home/cjayahansa/ros2N_ws/install/webots_ros2:/home/cjayahansa/ros2N_ws/install/webots_ros2_universal_robot:/home/cjayahansa/ros2N_ws/install/webots_ros2_turtlebot:/home/cjayahansa/ros2N_ws/install/webots_ros2_tiago:/home/cjayahansa/ros2N_ws/install/webots_ros2_tests:/home/cjayahansa/ros2N_ws/install/webots_ros2_tesla:/home/cjayahansa/ros2N_ws/install/webots_ros2_mavic:/home/cjayahansa/ros2N_ws/install/webots_ros2_husarion:/home/cjayahansa/ros2N_ws/install/webots_ros2_epuck:/home/cjayahansa/ros2N_ws/install/webots_ros2_crazyflie:/home/cjayahansa/ros2N_ws/install/webots_ros2_importer:/home/cjayahansa/ros2_ws/install/my_first_package:/opt/ros/humble')]), 'shell': False}
[55.366850] (webots_ros2_control) StdoutLine: {'line': b'-- Install configuration: ""\n'}
[55.367339] (webots_ros2_control) StdoutLine: {'line': b'-- Execute custom install script\n'}
[55.367586] (webots_ros2_control) StdoutLine: {'line': b'-- Symlinking: /home/cjayahansa/ros2N_ws/install/webots_ros2_control/share/webots_ros2_control//webots_ros2_control.xml\n'}
[55.377315] (webots_ros2_control) StdoutLine: {'line': b'-- Symlinking: /home/cjayahansa/ros2N_ws/install/webots_ros2_control/share/webots_ros2_control//webots_ros2_control_system.xml\n'}
[55.382541] (-) TimerEvent: {}
[55.386916] (webots_ros2_control) StdoutLine: {'line': b'-- Symlinking: /home/cjayahansa/ros2N_ws/install/webots_ros2_control/lib/libwebots_ros2_control.so\n'}
[55.396756] (webots_ros2_control) StdoutLine: {'line': b'-- Symlinking: /home/cjayahansa/ros2N_ws/install/webots_ros2_control/lib/libwebots_ros2_control_system.so\n'}
[55.406095] (webots_ros2_control) StdoutLine: {'line': b'-- Symlinking: /home/cjayahansa/ros2N_ws/install/webots_ros2_control/include/webots_ros2_control/Ros2Control.hpp\n'}
[55.415300] (webots_ros2_control) StdoutLine: {'line': b'-- Symlinking: /home/cjayahansa/ros2N_ws/install/webots_ros2_control/include/webots_ros2_control/Ros2ControlSystem.hpp\n'}
[55.424788] (webots_ros2_control) StdoutLine: {'line': b'-- Symlinking: /home/cjayahansa/ros2N_ws/install/webots_ros2_control/include/webots_ros2_control/Ros2ControlSystemInterface.hpp\n'}
[55.434251] (webots_ros2_control) StdoutLine: {'line': b'-- Symlinking: /home/cjayahansa/ros2N_ws/install/webots_ros2_control/share/webots_ros2_control/environment/library_path.sh\n'}
[55.443533] (webots_ros2_control) StdoutLine: {'line': b'-- Symlinking: /home/cjayahansa/ros2N_ws/install/webots_ros2_control/share/webots_ros2_control/environment/library_path.dsv\n'}
[55.453137] (webots_ros2_control) StdoutLine: {'line': b'-- Symlinking: /home/cjayahansa/ros2N_ws/install/webots_ros2_control/share/ament_index/resource_index/package_run_dependencies/webots_ros2_control\n'}
[55.462891] (webots_ros2_control) StdoutLine: {'line': b'-- Symlinking: /home/cjayahansa/ros2N_ws/install/webots_ros2_control/share/ament_index/resource_index/parent_prefix_path/webots_ros2_control\n'}
[55.472150] (webots_ros2_control) StdoutLine: {'line': b'-- Symlinking: /home/cjayahansa/ros2N_ws/install/webots_ros2_control/share/webots_ros2_control/environment/ament_prefix_path.sh\n'}
[55.481766] (webots_ros2_control) StdoutLine: {'line': b'-- Symlinking: /home/cjayahansa/ros2N_ws/install/webots_ros2_control/share/webots_ros2_control/environment/ament_prefix_path.dsv\n'}
[55.482665] (-) TimerEvent: {}
[55.491094] (webots_ros2_control) StdoutLine: {'line': b'-- Symlinking: /home/cjayahansa/ros2N_ws/install/webots_ros2_control/share/webots_ros2_control/environment/path.sh\n'}
[55.500558] (webots_ros2_control) StdoutLine: {'line': b'-- Symlinking: /home/cjayahansa/ros2N_ws/install/webots_ros2_control/share/webots_ros2_control/environment/path.dsv\n'}
[55.510083] (webots_ros2_control) StdoutLine: {'line': b'-- Symlinking: /home/cjayahansa/ros2N_ws/install/webots_ros2_control/share/webots_ros2_control/local_setup.bash\n'}
[55.519761] (webots_ros2_control) StdoutLine: {'line': b'-- Symlinking: /home/cjayahansa/ros2N_ws/install/webots_ros2_control/share/webots_ros2_control/local_setup.sh\n'}
[55.529183] (webots_ros2_control) StdoutLine: {'line': b'-- Symlinking: /home/cjayahansa/ros2N_ws/install/webots_ros2_control/share/webots_ros2_control/local_setup.zsh\n'}
[55.538565] (webots_ros2_control) StdoutLine: {'line': b'-- Symlinking: /home/cjayahansa/ros2N_ws/install/webots_ros2_control/share/webots_ros2_control/local_setup.dsv\n'}
[55.547771] (webots_ros2_control) StdoutLine: {'line': b'-- Symlinking: /home/cjayahansa/ros2N_ws/install/webots_ros2_control/share/webots_ros2_control/package.dsv\n'}
[55.557145] (webots_ros2_control) StdoutLine: {'line': b'-- Symlinking: /home/cjayahansa/ros2N_ws/install/webots_ros2_control/share/ament_index/resource_index/packages/webots_ros2_control\n'}
[55.567162] (webots_ros2_control) StdoutLine: {'line': b'-- Symlinking: /home/cjayahansa/ros2N_ws/install/webots_ros2_control/share/ament_index/resource_index/webots_ros2_driver__pluginlib__plugin/webots_ros2_control\n'}
[55.577122] (webots_ros2_control) StdoutLine: {'line': b'-- Symlinking: /home/cjayahansa/ros2N_ws/install/webots_ros2_control/share/ament_index/resource_index/webots_ros2_control__pluginlib__plugin/webots_ros2_control\n'}
[55.582802] (-) TimerEvent: {}
[55.586753] (webots_ros2_control) StdoutLine: {'line': b'-- Symlinking: /home/cjayahansa/ros2N_ws/install/webots_ros2_control/share/webots_ros2_control/cmake/ament_cmake_export_include_directories-extras.cmake\n'}
[55.595983] (webots_ros2_control) StdoutLine: {'line': b'-- Symlinking: /home/cjayahansa/ros2N_ws/install/webots_ros2_control/share/webots_ros2_control/cmake/ament_cmake_export_dependencies-extras.cmake\n'}
[55.605597] (webots_ros2_control) StdoutLine: {'line': b'-- Symlinking: /home/cjayahansa/ros2N_ws/install/webots_ros2_control/share/webots_ros2_control/cmake/ament_cmake_export_libraries-extras.cmake\n'}
[55.615502] (webots_ros2_control) StdoutLine: {'line': b'-- Symlinking: /home/cjayahansa/ros2N_ws/install/webots_ros2_control/share/webots_ros2_control/cmake/webots_ros2_controlConfig.cmake\n'}
[55.625494] (webots_ros2_control) StdoutLine: {'line': b'-- Symlinking: /home/cjayahansa/ros2N_ws/install/webots_ros2_control/share/webots_ros2_control/cmake/webots_ros2_controlConfig-version.cmake\n'}
[55.634947] (webots_ros2_control) StdoutLine: {'line': b'-- Symlinking: /home/cjayahansa/ros2N_ws/install/webots_ros2_control/share/webots_ros2_control/package.xml\n'}
[55.647390] (webots_ros2_control) CommandEnded: {'returncode': 0}
[55.660231] (webots_ros2_control) JobEnded: {'identifier': 'webots_ros2_control', 'rc': 0}
[55.661775] (webots_ros2_epuck) JobStarted: {'identifier': 'webots_ros2_epuck'}
[55.666491] (webots_ros2_husarion) JobStarted: {'identifier': 'webots_ros2_husarion'}
[55.672358] (webots_ros2_tiago) JobStarted: {'identifier': 'webots_ros2_tiago'}
[55.681259] (webots_ros2_turtlebot) JobStarted: {'identifier': 'webots_ros2_turtlebot'}
[55.682910] (-) TimerEvent: {}
[55.688712] (webots_ros2_universal_robot) JobStarted: {'identifier': 'webots_ros2_universal_robot'}
[55.783054] (-) TimerEvent: {}
[55.883420] (-) TimerEvent: {}
[55.983788] (-) TimerEvent: {}
[56.084190] (-) TimerEvent: {}
[56.184496] (-) TimerEvent: {}
[56.284822] (-) TimerEvent: {}
[56.385366] (-) TimerEvent: {}
[56.486047] (-) TimerEvent: {}
[56.586478] (-) TimerEvent: {}
[56.686857] (-) TimerEvent: {}
[56.787229] (-) TimerEvent: {}
[56.887525] (-) TimerEvent: {}
[56.987813] (-) TimerEvent: {}
[57.088131] (-) TimerEvent: {}
[57.188471] (-) TimerEvent: {}
[57.288805] (-) TimerEvent: {}
[57.389166] (-) TimerEvent: {}
[57.489557] (-) TimerEvent: {}
[57.518199] (webots_ros2_epuck) Command: {'cmd': ['/usr/bin/python3', '-W', 'ignore:setup.py install is deprecated', '-W', 'ignore:easy_install command is deprecated', 'setup.py', 'develop', '--editable', '--build-directory', '/home/cjayahansa/ros2N_ws/build/webots_ros2_epuck/build', '--no-deps', 'symlink_data'], 'cwd': '/home/cjayahansa/ros2N_ws/build/webots_ros2_epuck', 'env': {'LESSOPEN': '| /usr/bin/lesspipe %s', 'USER': 'cjayahansa', 'XDG_SESSION_TYPE': 'x11', 'SHLVL': '1', 'LD_LIBRARY_PATH': '/home/cjayahansa/ros2N_ws/install/webots_ros2_control/lib:/home/cjayahansa/ros2N_ws/install/webots_ros2_driver/lib:/home/cjayahansa/ros2N_ws/install/webots_ros2_msgs/lib:/opt/ros/humble/opt/rviz_ogre_vendor/lib:/opt/ros/humble/lib/x86_64-linux-gnu:/opt/ros/humble/lib', 'HOME': '/home/cjayahansa', 'OLDPWD': '/home/cjayahansa/ros2N_ws/src', 'DESKTOP_SESSION': 'pop', 'ROS_PYTHON_VERSION': '3', 'GNOME_SHELL_SESSION_MODE': 'pop', 'GTK_MODULES': 'gail:atk-bridge', 'PS1': '\\[\\033[01;36m\\]\\u@\\h\\[\\033[00m\\]:\\[\\033[01;34m\\]\\w\\[\\033[00m\\]$', 'SYSTEMD_EXEC_PID': '1818', 'DBUS_SESSION_BUS_ADDRESS': 'unix:path=/run/user/1000/bus', 'COLORTERM': 'truecolor', 'COLCON_PREFIX_PATH': '/home/cjayahansa/ros2N_ws/install:/home/cjayahansa/ros2_ws/install', 'ROS_DISTRO': 'humble', 'GTK_IM_MODULE': 'ibus', 'LOGNAME': 'cjayahansa', '_': '/usr/bin/colcon', 'ROS_VERSION': '2', 'XDG_SESSION_CLASS': 'user', 'USERNAME': 'cjayahansa', 'TERM': 'xterm-256color', 'GNOME_DESKTOP_SESSION_ID': 'this-is-deprecated', 'ROS_LOCALHOST_ONLY': '1', 'WINDOWPATH': '2', 'PATH': '/opt/ros/humble/bin:/home/cjayahansa/.local/bin:/usr/local/sbin:/usr/local/bin:/usr/sbin:/usr/bin:/sbin:/bin:/usr/games:/usr/local/games:/snap/bin', 'SESSION_MANAGER': 'local/pop-os:@/tmp/.ICE-unix/1790,unix/pop-os:/tmp/.ICE-unix/1790', 'XDG_MENU_PREFIX': 'gnome-', 'GNOME_TERMINAL_SCREEN': '/org/gnome/Terminal/screen/69401945_8890_4a44_bef3_4bbc698c193c', 'XDG_RUNTIME_DIR': '/run/user/1000', 'DISPLAY': ':1', 'LANG': 'en_US.UTF-8', 'XDG_CURRENT_DESKTOP': 'pop:GNOME', 'XMODIFIERS': '@im=ibus', 'XDG_SESSION_DESKTOP': 'pop', 'XAUTHORITY': '/run/user/1000/gdm/Xauthority', 'LS_COLORS': 'rs=0:di=01;34:ln=01;36:mh=00:pi=40;33:so=01;35:do=01;35:bd=40;33;01:cd=40;33;01:or=40;31;01:mi=00:su=37;41:sg=30;43:ca=30;41:tw=30;42:ow=34;42:st=37;44:ex=01;32:*.tar=01;31:*.tgz=01;31:*.arc=01;31:*.arj=01;31:*.taz=01;31:*.lha=01;31:*.lz4=01;31:*.lzh=01;31:*.lzma=01;31:*.tlz=01;31:*.txz=01;31:*.tzo=01;31:*.t7z=01;31:*.zip=01;31:*.z=01;31:*.dz=01;31:*.gz=01;31:*.lrz=01;31:*.lz=01;31:*.lzo=01;31:*.xz=01;31:*.zst=01;31:*.tzst=01;31:*.bz2=01;31:*.bz=01;31:*.tbz=01;31:*.tbz2=01;31:*.tz=01;31:*.deb=01;31:*.rpm=01;31:*.jar=01;31:*.war=01;31:*.ear=01;31:*.sar=01;31:*.rar=01;31:*.alz=01;31:*.ace=01;31:*.zoo=01;31:*.cpio=01;31:*.7z=01;31:*.rz=01;31:*.cab=01;31:*.wim=01;31:*.swm=01;31:*.dwm=01;31:*.esd=01;31:*.jpg=01;35:*.jpeg=01;35:*.mjpg=01;35:*.mjpeg=01;35:*.gif=01;35:*.bmp=01;35:*.pbm=01;35:*.pgm=01;35:*.ppm=01;35:*.tga=01;35:*.xbm=01;35:*.xpm=01;35:*.tif=01;35:*.tiff=01;35:*.png=01;35:*.svg=01;35:*.svgz=01;35:*.mng=01;35:*.pcx=01;35:*.mov=01;35:*.mpg=01;35:*.mpeg=01;35:*.m2v=01;35:*.mkv=01;35:*.webm=01;35:*.webp=01;35:*.ogm=01;35:*.mp4=01;35:*.m4v=01;35:*.mp4v=01;35:*.vob=01;35:*.qt=01;35:*.nuv=01;35:*.wmv=01;35:*.asf=01;35:*.rm=01;35:*.rmvb=01;35:*.flc=01;35:*.avi=01;35:*.fli=01;35:*.flv=01;35:*.gl=01;35:*.dl=01;35:*.xcf=01;35:*.xwd=01;35:*.yuv=01;35:*.cgm=01;35:*.emf=01;35:*.ogv=01;35:*.ogx=01;35:*.aac=00;36:*.au=00;36:*.flac=00;36:*.m4a=00;36:*.mid=00;36:*.midi=00;36:*.mka=00;36:*.mp3=00;36:*.mpc=00;36:*.ogg=00;36:*.ra=00;36:*.wav=00;36:*.oga=00;36:*.opus=00;36:*.spx=00;36:*.xspf=00;36:', 'GNOME_TERMINAL_SERVICE': ':1.119', 'SSH_AGENT_LAUNCHER': 'gnome-keyring', 'SSH_AUTH_SOCK': '/run/user/1000/keyring/ssh', 'ROS_DOMAIN_ID': '7', 'AMENT_PREFIX_PATH': '/home/cjayahansa/ros2N_ws/install/webots_ros2_importer:/home/cjayahansa/ros2N_ws/install/webots_ros2:/home/cjayahansa/ros2N_ws/install/webots_ros2_universal_robot:/home/cjayahansa/ros2N_ws/install/webots_ros2_turtlebot:/home/cjayahansa/ros2N_ws/install/webots_ros2_tiago:/home/cjayahansa/ros2N_ws/install/webots_ros2_tests:/home/cjayahansa/ros2N_ws/install/webots_ros2_tesla:/home/cjayahansa/ros2N_ws/install/webots_ros2_mavic:/home/cjayahansa/ros2N_ws/install/webots_ros2_husarion:/home/cjayahansa/ros2N_ws/install/webots_ros2_epuck:/home/cjayahansa/ros2N_ws/install/webots_ros2_crazyflie:/home/cjayahansa/ros2N_ws/install/webots_ros2_control:/home/cjayahansa/ros2N_ws/install/webots_ros2_driver:/home/cjayahansa/ros2N_ws/install/webots_ros2_msgs:/home/cjayahansa/ros2_ws/install/my_first_package:/opt/ros/humble', 'SHELL': '/bin/bash', 'QT_ACCESSIBILITY': '1', 'GDMSESSION': 'pop', 'LESSCLOSE': '/usr/bin/lesspipe %s %s', 'GPG_AGENT_INFO': '/run/user/1000/gnupg/S.gpg-agent:0:1', 'QT_IM_MODULE': 'ibus', 'PWD': '/home/cjayahansa/ros2N_ws/build/webots_ros2_epuck', 'LC_ALL': 'en_US.UTF-8', 'XDG_CONFIG_DIRS': '/etc/xdg/xdg-pop:/etc/xdg', 'XDG_DATA_DIRS': '/usr/share/pop:/usr/share/gnome:/home/cjayahansa/.local/share/flatpak/exports/share:/var/lib/flatpak/exports/share:/usr/local/share/:/usr/share/', 'PYTHONPATH': '/home/cjayahansa/ros2N_ws/build/webots_ros2_epuck/prefix_override:/usr/lib/python3/dist-packages/colcon_core/task/python/colcon_distutils_commands:/home/cjayahansa/ros2N_ws/install/webots_ros2_epuck/lib/python3.10/site-packages:/home/cjayahansa/ros2N_ws/build/webots_ros2_importer:/home/cjayahansa/ros2N_ws/install/webots_ros2_importer/lib/python3.10/site-packages:/home/cjayahansa/ros2N_ws/install/webots_ros2/lib/python3.10/site-packages:/home/cjayahansa/ros2N_ws/install/webots_ros2_universal_robot/lib/python3.10/site-packages:/home/cjayahansa/ros2N_ws/install/webots_ros2_turtlebot/lib/python3.10/site-packages:/home/cjayahansa/ros2N_ws/install/webots_ros2_tiago/lib/python3.10/site-packages:/home/cjayahansa/ros2N_ws/install/webots_ros2_tests/lib/python3.10/site-packages:/home/cjayahansa/ros2N_ws/install/webots_ros2_tesla/lib/python3.10/site-packages:/home/cjayahansa/ros2N_ws/install/webots_ros2_mavic/lib/python3.10/site-packages:/home/cjayahansa/ros2N_ws/install/webots_ros2_husarion/lib/python3.10/site-packages:/home/cjayahansa/ros2N_ws/install/webots_ros2_epuck/lib/python3.10/site-packages:/home/cjayahansa/ros2N_ws/install/webots_ros2_crazyflie/lib/python3.10/site-packages:/home/cjayahansa/ros2N_ws/install/webots_ros2_driver/local/lib/python3.10/dist-packages:/home/cjayahansa/ros2N_ws/install/webots_ros2_msgs/local/lib/python3.10/dist-packages:/home/cjayahansa/ros2_ws/install/my_first_package/lib/python3.10/site-packages:/opt/ros/humble/lib/python3.10/site-packages:/opt/ros/humble/local/lib/python3.10/dist-packages', 'COLCON': '1', 'VTE_VERSION': '6800', 'CMAKE_PREFIX_PATH': '/home/cjayahansa/ros2N_ws/install/webots_ros2_control:/home/cjayahansa/ros2N_ws/install/webots_ros2_driver:/home/cjayahansa/ros2N_ws/install/webots_ros2_msgs'}, 'shell': False}
[57.541680] (webots_ros2_universal_robot) Command: {'cmd': ['/usr/bin/python3', '-W', 'ignore:setup.py install is deprecated', '-W', 'ignore:easy_install command is deprecated', 'setup.py', 'develop', '--editable', '--build-directory', '/home/cjayahansa/ros2N_ws/build/webots_ros2_universal_robot/build', '--no-deps', 'symlink_data'], 'cwd': '/home/cjayahansa/ros2N_ws/build/webots_ros2_universal_robot', 'env': {'LESSOPEN': '| /usr/bin/lesspipe %s', 'USER': 'cjayahansa', 'XDG_SESSION_TYPE': 'x11', 'SHLVL': '1', 'LD_LIBRARY_PATH': '/home/cjayahansa/ros2N_ws/install/webots_ros2_control/lib:/home/cjayahansa/ros2N_ws/install/webots_ros2_driver/lib:/home/cjayahansa/ros2N_ws/install/webots_ros2_msgs/lib:/opt/ros/humble/opt/rviz_ogre_vendor/lib:/opt/ros/humble/lib/x86_64-linux-gnu:/opt/ros/humble/lib', 'HOME': '/home/cjayahansa', 'OLDPWD': '/home/cjayahansa/ros2N_ws/src', 'DESKTOP_SESSION': 'pop', 'ROS_PYTHON_VERSION': '3', 'GNOME_SHELL_SESSION_MODE': 'pop', 'GTK_MODULES': 'gail:atk-bridge', 'PS1': '\\[\\033[01;36m\\]\\u@\\h\\[\\033[00m\\]:\\[\\033[01;34m\\]\\w\\[\\033[00m\\]$', 'SYSTEMD_EXEC_PID': '1818', 'DBUS_SESSION_BUS_ADDRESS': 'unix:path=/run/user/1000/bus', 'COLORTERM': 'truecolor', 'COLCON_PREFIX_PATH': '/home/cjayahansa/ros2N_ws/install:/home/cjayahansa/ros2_ws/install', 'ROS_DISTRO': 'humble', 'GTK_IM_MODULE': 'ibus', 'LOGNAME': 'cjayahansa', '_': '/usr/bin/colcon', 'ROS_VERSION': '2', 'XDG_SESSION_CLASS': 'user', 'USERNAME': 'cjayahansa', 'TERM': 'xterm-256color', 'GNOME_DESKTOP_SESSION_ID': 'this-is-deprecated', 'ROS_LOCALHOST_ONLY': '1', 'WINDOWPATH': '2', 'PATH': '/opt/ros/humble/bin:/home/cjayahansa/.local/bin:/usr/local/sbin:/usr/local/bin:/usr/sbin:/usr/bin:/sbin:/bin:/usr/games:/usr/local/games:/snap/bin', 'SESSION_MANAGER': 'local/pop-os:@/tmp/.ICE-unix/1790,unix/pop-os:/tmp/.ICE-unix/1790', 'XDG_MENU_PREFIX': 'gnome-', 'GNOME_TERMINAL_SCREEN': '/org/gnome/Terminal/screen/69401945_8890_4a44_bef3_4bbc698c193c', 'XDG_RUNTIME_DIR': '/run/user/1000', 'DISPLAY': ':1', 'LANG': 'en_US.UTF-8', 'XDG_CURRENT_DESKTOP': 'pop:GNOME', 'XMODIFIERS': '@im=ibus', 'XDG_SESSION_DESKTOP': 'pop', 'XAUTHORITY': '/run/user/1000/gdm/Xauthority', 'LS_COLORS': 'rs=0:di=01;34:ln=01;36:mh=00:pi=40;33:so=01;35:do=01;35:bd=40;33;01:cd=40;33;01:or=40;31;01:mi=00:su=37;41:sg=30;43:ca=30;41:tw=30;42:ow=34;42:st=37;44:ex=01;32:*.tar=01;31:*.tgz=01;31:*.arc=01;31:*.arj=01;31:*.taz=01;31:*.lha=01;31:*.lz4=01;31:*.lzh=01;31:*.lzma=01;31:*.tlz=01;31:*.txz=01;31:*.tzo=01;31:*.t7z=01;31:*.zip=01;31:*.z=01;31:*.dz=01;31:*.gz=01;31:*.lrz=01;31:*.lz=01;31:*.lzo=01;31:*.xz=01;31:*.zst=01;31:*.tzst=01;31:*.bz2=01;31:*.bz=01;31:*.tbz=01;31:*.tbz2=01;31:*.tz=01;31:*.deb=01;31:*.rpm=01;31:*.jar=01;31:*.war=01;31:*.ear=01;31:*.sar=01;31:*.rar=01;31:*.alz=01;31:*.ace=01;31:*.zoo=01;31:*.cpio=01;31:*.7z=01;31:*.rz=01;31:*.cab=01;31:*.wim=01;31:*.swm=01;31:*.dwm=01;31:*.esd=01;31:*.jpg=01;35:*.jpeg=01;35:*.mjpg=01;35:*.mjpeg=01;35:*.gif=01;35:*.bmp=01;35:*.pbm=01;35:*.pgm=01;35:*.ppm=01;35:*.tga=01;35:*.xbm=01;35:*.xpm=01;35:*.tif=01;35:*.tiff=01;35:*.png=01;35:*.svg=01;35:*.svgz=01;35:*.mng=01;35:*.pcx=01;35:*.mov=01;35:*.mpg=01;35:*.mpeg=01;35:*.m2v=01;35:*.mkv=01;35:*.webm=01;35:*.webp=01;35:*.ogm=01;35:*.mp4=01;35:*.m4v=01;35:*.mp4v=01;35:*.vob=01;35:*.qt=01;35:*.nuv=01;35:*.wmv=01;35:*.asf=01;35:*.rm=01;35:*.rmvb=01;35:*.flc=01;35:*.avi=01;35:*.fli=01;35:*.flv=01;35:*.gl=01;35:*.dl=01;35:*.xcf=01;35:*.xwd=01;35:*.yuv=01;35:*.cgm=01;35:*.emf=01;35:*.ogv=01;35:*.ogx=01;35:*.aac=00;36:*.au=00;36:*.flac=00;36:*.m4a=00;36:*.mid=00;36:*.midi=00;36:*.mka=00;36:*.mp3=00;36:*.mpc=00;36:*.ogg=00;36:*.ra=00;36:*.wav=00;36:*.oga=00;36:*.opus=00;36:*.spx=00;36:*.xspf=00;36:', 'GNOME_TERMINAL_SERVICE': ':1.119', 'SSH_AGENT_LAUNCHER': 'gnome-keyring', 'SSH_AUTH_SOCK': '/run/user/1000/keyring/ssh', 'ROS_DOMAIN_ID': '7', 'AMENT_PREFIX_PATH': '/home/cjayahansa/ros2N_ws/install/webots_ros2_importer:/home/cjayahansa/ros2N_ws/install/webots_ros2:/home/cjayahansa/ros2N_ws/install/webots_ros2_universal_robot:/home/cjayahansa/ros2N_ws/install/webots_ros2_turtlebot:/home/cjayahansa/ros2N_ws/install/webots_ros2_tiago:/home/cjayahansa/ros2N_ws/install/webots_ros2_tests:/home/cjayahansa/ros2N_ws/install/webots_ros2_tesla:/home/cjayahansa/ros2N_ws/install/webots_ros2_mavic:/home/cjayahansa/ros2N_ws/install/webots_ros2_husarion:/home/cjayahansa/ros2N_ws/install/webots_ros2_epuck:/home/cjayahansa/ros2N_ws/install/webots_ros2_crazyflie:/home/cjayahansa/ros2N_ws/install/webots_ros2_control:/home/cjayahansa/ros2N_ws/install/webots_ros2_driver:/home/cjayahansa/ros2N_ws/install/webots_ros2_msgs:/home/cjayahansa/ros2_ws/install/my_first_package:/opt/ros/humble', 'SHELL': '/bin/bash', 'QT_ACCESSIBILITY': '1', 'GDMSESSION': 'pop', 'LESSCLOSE': '/usr/bin/lesspipe %s %s', 'GPG_AGENT_INFO': '/run/user/1000/gnupg/S.gpg-agent:0:1', 'QT_IM_MODULE': 'ibus', 'PWD': '/home/cjayahansa/ros2N_ws/build/webots_ros2_universal_robot', 'LC_ALL': 'en_US.UTF-8', 'XDG_CONFIG_DIRS': '/etc/xdg/xdg-pop:/etc/xdg', 'XDG_DATA_DIRS': '/usr/share/pop:/usr/share/gnome:/home/cjayahansa/.local/share/flatpak/exports/share:/var/lib/flatpak/exports/share:/usr/local/share/:/usr/share/', 'PYTHONPATH': '/home/cjayahansa/ros2N_ws/build/webots_ros2_universal_robot/prefix_override:/usr/lib/python3/dist-packages/colcon_core/task/python/colcon_distutils_commands:/home/cjayahansa/ros2N_ws/install/webots_ros2_universal_robot/lib/python3.10/site-packages:/home/cjayahansa/ros2N_ws/build/webots_ros2_importer:/home/cjayahansa/ros2N_ws/install/webots_ros2_importer/lib/python3.10/site-packages:/home/cjayahansa/ros2N_ws/install/webots_ros2/lib/python3.10/site-packages:/home/cjayahansa/ros2N_ws/install/webots_ros2_universal_robot/lib/python3.10/site-packages:/home/cjayahansa/ros2N_ws/install/webots_ros2_turtlebot/lib/python3.10/site-packages:/home/cjayahansa/ros2N_ws/install/webots_ros2_tiago/lib/python3.10/site-packages:/home/cjayahansa/ros2N_ws/install/webots_ros2_tests/lib/python3.10/site-packages:/home/cjayahansa/ros2N_ws/install/webots_ros2_tesla/lib/python3.10/site-packages:/home/cjayahansa/ros2N_ws/install/webots_ros2_mavic/lib/python3.10/site-packages:/home/cjayahansa/ros2N_ws/install/webots_ros2_husarion/lib/python3.10/site-packages:/home/cjayahansa/ros2N_ws/install/webots_ros2_epuck/lib/python3.10/site-packages:/home/cjayahansa/ros2N_ws/install/webots_ros2_crazyflie/lib/python3.10/site-packages:/home/cjayahansa/ros2N_ws/install/webots_ros2_driver/local/lib/python3.10/dist-packages:/home/cjayahansa/ros2N_ws/install/webots_ros2_msgs/local/lib/python3.10/dist-packages:/home/cjayahansa/ros2_ws/install/my_first_package/lib/python3.10/site-packages:/opt/ros/humble/lib/python3.10/site-packages:/opt/ros/humble/local/lib/python3.10/dist-packages', 'COLCON': '1', 'VTE_VERSION': '6800', 'CMAKE_PREFIX_PATH': '/home/cjayahansa/ros2N_ws/install/webots_ros2_control:/home/cjayahansa/ros2N_ws/install/webots_ros2_driver:/home/cjayahansa/ros2N_ws/install/webots_ros2_msgs'}, 'shell': False}
[57.546716] (webots_ros2_husarion) Command: {'cmd': ['/usr/bin/python3', '-W', 'ignore:setup.py install is deprecated', '-W', 'ignore:easy_install command is deprecated', 'setup.py', 'develop', '--editable', '--build-directory', '/home/cjayahansa/ros2N_ws/build/webots_ros2_husarion/build', '--no-deps', 'symlink_data'], 'cwd': '/home/cjayahansa/ros2N_ws/build/webots_ros2_husarion', 'env': {'LESSOPEN': '| /usr/bin/lesspipe %s', 'USER': 'cjayahansa', 'XDG_SESSION_TYPE': 'x11', 'SHLVL': '1', 'LD_LIBRARY_PATH': '/home/cjayahansa/ros2N_ws/install/webots_ros2_control/lib:/home/cjayahansa/ros2N_ws/install/webots_ros2_driver/lib:/home/cjayahansa/ros2N_ws/install/webots_ros2_msgs/lib:/opt/ros/humble/opt/rviz_ogre_vendor/lib:/opt/ros/humble/lib/x86_64-linux-gnu:/opt/ros/humble/lib', 'HOME': '/home/cjayahansa', 'OLDPWD': '/home/cjayahansa/ros2N_ws/src', 'DESKTOP_SESSION': 'pop', 'ROS_PYTHON_VERSION': '3', 'GNOME_SHELL_SESSION_MODE': 'pop', 'GTK_MODULES': 'gail:atk-bridge', 'PS1': '\\[\\033[01;36m\\]\\u@\\h\\[\\033[00m\\]:\\[\\033[01;34m\\]\\w\\[\\033[00m\\]$', 'SYSTEMD_EXEC_PID': '1818', 'DBUS_SESSION_BUS_ADDRESS': 'unix:path=/run/user/1000/bus', 'COLORTERM': 'truecolor', 'COLCON_PREFIX_PATH': '/home/cjayahansa/ros2N_ws/install:/home/cjayahansa/ros2_ws/install', 'ROS_DISTRO': 'humble', 'GTK_IM_MODULE': 'ibus', 'LOGNAME': 'cjayahansa', '_': '/usr/bin/colcon', 'ROS_VERSION': '2', 'XDG_SESSION_CLASS': 'user', 'USERNAME': 'cjayahansa', 'TERM': 'xterm-256color', 'GNOME_DESKTOP_SESSION_ID': 'this-is-deprecated', 'ROS_LOCALHOST_ONLY': '1', 'WINDOWPATH': '2', 'PATH': '/opt/ros/humble/bin:/home/cjayahansa/.local/bin:/usr/local/sbin:/usr/local/bin:/usr/sbin:/usr/bin:/sbin:/bin:/usr/games:/usr/local/games:/snap/bin', 'SESSION_MANAGER': 'local/pop-os:@/tmp/.ICE-unix/1790,unix/pop-os:/tmp/.ICE-unix/1790', 'XDG_MENU_PREFIX': 'gnome-', 'GNOME_TERMINAL_SCREEN': '/org/gnome/Terminal/screen/69401945_8890_4a44_bef3_4bbc698c193c', 'XDG_RUNTIME_DIR': '/run/user/1000', 'DISPLAY': ':1', 'LANG': 'en_US.UTF-8', 'XDG_CURRENT_DESKTOP': 'pop:GNOME', 'XMODIFIERS': '@im=ibus', 'XDG_SESSION_DESKTOP': 'pop', 'XAUTHORITY': '/run/user/1000/gdm/Xauthority', 'LS_COLORS': 'rs=0:di=01;34:ln=01;36:mh=00:pi=40;33:so=01;35:do=01;35:bd=40;33;01:cd=40;33;01:or=40;31;01:mi=00:su=37;41:sg=30;43:ca=30;41:tw=30;42:ow=34;42:st=37;44:ex=01;32:*.tar=01;31:*.tgz=01;31:*.arc=01;31:*.arj=01;31:*.taz=01;31:*.lha=01;31:*.lz4=01;31:*.lzh=01;31:*.lzma=01;31:*.tlz=01;31:*.txz=01;31:*.tzo=01;31:*.t7z=01;31:*.zip=01;31:*.z=01;31:*.dz=01;31:*.gz=01;31:*.lrz=01;31:*.lz=01;31:*.lzo=01;31:*.xz=01;31:*.zst=01;31:*.tzst=01;31:*.bz2=01;31:*.bz=01;31:*.tbz=01;31:*.tbz2=01;31:*.tz=01;31:*.deb=01;31:*.rpm=01;31:*.jar=01;31:*.war=01;31:*.ear=01;31:*.sar=01;31:*.rar=01;31:*.alz=01;31:*.ace=01;31:*.zoo=01;31:*.cpio=01;31:*.7z=01;31:*.rz=01;31:*.cab=01;31:*.wim=01;31:*.swm=01;31:*.dwm=01;31:*.esd=01;31:*.jpg=01;35:*.jpeg=01;35:*.mjpg=01;35:*.mjpeg=01;35:*.gif=01;35:*.bmp=01;35:*.pbm=01;35:*.pgm=01;35:*.ppm=01;35:*.tga=01;35:*.xbm=01;35:*.xpm=01;35:*.tif=01;35:*.tiff=01;35:*.png=01;35:*.svg=01;35:*.svgz=01;35:*.mng=01;35:*.pcx=01;35:*.mov=01;35:*.mpg=01;35:*.mpeg=01;35:*.m2v=01;35:*.mkv=01;35:*.webm=01;35:*.webp=01;35:*.ogm=01;35:*.mp4=01;35:*.m4v=01;35:*.mp4v=01;35:*.vob=01;35:*.qt=01;35:*.nuv=01;35:*.wmv=01;35:*.asf=01;35:*.rm=01;35:*.rmvb=01;35:*.flc=01;35:*.avi=01;35:*.fli=01;35:*.flv=01;35:*.gl=01;35:*.dl=01;35:*.xcf=01;35:*.xwd=01;35:*.yuv=01;35:*.cgm=01;35:*.emf=01;35:*.ogv=01;35:*.ogx=01;35:*.aac=00;36:*.au=00;36:*.flac=00;36:*.m4a=00;36:*.mid=00;36:*.midi=00;36:*.mka=00;36:*.mp3=00;36:*.mpc=00;36:*.ogg=00;36:*.ra=00;36:*.wav=00;36:*.oga=00;36:*.opus=00;36:*.spx=00;36:*.xspf=00;36:', 'GNOME_TERMINAL_SERVICE': ':1.119', 'SSH_AGENT_LAUNCHER': 'gnome-keyring', 'SSH_AUTH_SOCK': '/run/user/1000/keyring/ssh', 'ROS_DOMAIN_ID': '7', 'AMENT_PREFIX_PATH': '/home/cjayahansa/ros2N_ws/install/webots_ros2_importer:/home/cjayahansa/ros2N_ws/install/webots_ros2:/home/cjayahansa/ros2N_ws/install/webots_ros2_universal_robot:/home/cjayahansa/ros2N_ws/install/webots_ros2_turtlebot:/home/cjayahansa/ros2N_ws/install/webots_ros2_tiago:/home/cjayahansa/ros2N_ws/install/webots_ros2_tests:/home/cjayahansa/ros2N_ws/install/webots_ros2_tesla:/home/cjayahansa/ros2N_ws/install/webots_ros2_mavic:/home/cjayahansa/ros2N_ws/install/webots_ros2_husarion:/home/cjayahansa/ros2N_ws/install/webots_ros2_epuck:/home/cjayahansa/ros2N_ws/install/webots_ros2_crazyflie:/home/cjayahansa/ros2N_ws/install/webots_ros2_control:/home/cjayahansa/ros2N_ws/install/webots_ros2_driver:/home/cjayahansa/ros2N_ws/install/webots_ros2_msgs:/home/cjayahansa/ros2_ws/install/my_first_package:/opt/ros/humble', 'SHELL': '/bin/bash', 'QT_ACCESSIBILITY': '1', 'GDMSESSION': 'pop', 'LESSCLOSE': '/usr/bin/lesspipe %s %s', 'GPG_AGENT_INFO': '/run/user/1000/gnupg/S.gpg-agent:0:1', 'QT_IM_MODULE': 'ibus', 'PWD': '/home/cjayahansa/ros2N_ws/build/webots_ros2_husarion', 'LC_ALL': 'en_US.UTF-8', 'XDG_CONFIG_DIRS': '/etc/xdg/xdg-pop:/etc/xdg', 'XDG_DATA_DIRS': '/usr/share/pop:/usr/share/gnome:/home/cjayahansa/.local/share/flatpak/exports/share:/var/lib/flatpak/exports/share:/usr/local/share/:/usr/share/', 'PYTHONPATH': '/home/cjayahansa/ros2N_ws/build/webots_ros2_husarion/prefix_override:/usr/lib/python3/dist-packages/colcon_core/task/python/colcon_distutils_commands:/home/cjayahansa/ros2N_ws/install/webots_ros2_husarion/lib/python3.10/site-packages:/home/cjayahansa/ros2N_ws/build/webots_ros2_importer:/home/cjayahansa/ros2N_ws/install/webots_ros2_importer/lib/python3.10/site-packages:/home/cjayahansa/ros2N_ws/install/webots_ros2/lib/python3.10/site-packages:/home/cjayahansa/ros2N_ws/install/webots_ros2_universal_robot/lib/python3.10/site-packages:/home/cjayahansa/ros2N_ws/install/webots_ros2_turtlebot/lib/python3.10/site-packages:/home/cjayahansa/ros2N_ws/install/webots_ros2_tiago/lib/python3.10/site-packages:/home/cjayahansa/ros2N_ws/install/webots_ros2_tests/lib/python3.10/site-packages:/home/cjayahansa/ros2N_ws/install/webots_ros2_tesla/lib/python3.10/site-packages:/home/cjayahansa/ros2N_ws/install/webots_ros2_mavic/lib/python3.10/site-packages:/home/cjayahansa/ros2N_ws/install/webots_ros2_husarion/lib/python3.10/site-packages:/home/cjayahansa/ros2N_ws/install/webots_ros2_epuck/lib/python3.10/site-packages:/home/cjayahansa/ros2N_ws/install/webots_ros2_crazyflie/lib/python3.10/site-packages:/home/cjayahansa/ros2N_ws/install/webots_ros2_driver/local/lib/python3.10/dist-packages:/home/cjayahansa/ros2N_ws/install/webots_ros2_msgs/local/lib/python3.10/dist-packages:/home/cjayahansa/ros2_ws/install/my_first_package/lib/python3.10/site-packages:/opt/ros/humble/lib/python3.10/site-packages:/opt/ros/humble/local/lib/python3.10/dist-packages', 'COLCON': '1', 'VTE_VERSION': '6800', 'CMAKE_PREFIX_PATH': '/home/cjayahansa/ros2N_ws/install/webots_ros2_control:/home/cjayahansa/ros2N_ws/install/webots_ros2_driver:/home/cjayahansa/ros2N_ws/install/webots_ros2_msgs'}, 'shell': False}
[57.550935] (webots_ros2_turtlebot) Command: {'cmd': ['/usr/bin/python3', '-W', 'ignore:setup.py install is deprecated', '-W', 'ignore:easy_install command is deprecated', 'setup.py', 'develop', '--editable', '--build-directory', '/home/cjayahansa/ros2N_ws/build/webots_ros2_turtlebot/build', '--no-deps', 'symlink_data'], 'cwd': '/home/cjayahansa/ros2N_ws/build/webots_ros2_turtlebot', 'env': {'LESSOPEN': '| /usr/bin/lesspipe %s', 'USER': 'cjayahansa', 'XDG_SESSION_TYPE': 'x11', 'SHLVL': '1', 'LD_LIBRARY_PATH': '/home/cjayahansa/ros2N_ws/install/webots_ros2_control/lib:/home/cjayahansa/ros2N_ws/install/webots_ros2_driver/lib:/home/cjayahansa/ros2N_ws/install/webots_ros2_msgs/lib:/opt/ros/humble/opt/rviz_ogre_vendor/lib:/opt/ros/humble/lib/x86_64-linux-gnu:/opt/ros/humble/lib', 'HOME': '/home/cjayahansa', 'OLDPWD': '/home/cjayahansa/ros2N_ws/src', 'DESKTOP_SESSION': 'pop', 'ROS_PYTHON_VERSION': '3', 'GNOME_SHELL_SESSION_MODE': 'pop', 'GTK_MODULES': 'gail:atk-bridge', 'PS1': '\\[\\033[01;36m\\]\\u@\\h\\[\\033[00m\\]:\\[\\033[01;34m\\]\\w\\[\\033[00m\\]$', 'SYSTEMD_EXEC_PID': '1818', 'DBUS_SESSION_BUS_ADDRESS': 'unix:path=/run/user/1000/bus', 'COLORTERM': 'truecolor', 'COLCON_PREFIX_PATH': '/home/cjayahansa/ros2N_ws/install:/home/cjayahansa/ros2_ws/install', 'ROS_DISTRO': 'humble', 'GTK_IM_MODULE': 'ibus', 'LOGNAME': 'cjayahansa', '_': '/usr/bin/colcon', 'ROS_VERSION': '2', 'XDG_SESSION_CLASS': 'user', 'USERNAME': 'cjayahansa', 'TERM': 'xterm-256color', 'GNOME_DESKTOP_SESSION_ID': 'this-is-deprecated', 'ROS_LOCALHOST_ONLY': '1', 'WINDOWPATH': '2', 'PATH': '/opt/ros/humble/bin:/home/cjayahansa/.local/bin:/usr/local/sbin:/usr/local/bin:/usr/sbin:/usr/bin:/sbin:/bin:/usr/games:/usr/local/games:/snap/bin', 'SESSION_MANAGER': 'local/pop-os:@/tmp/.ICE-unix/1790,unix/pop-os:/tmp/.ICE-unix/1790', 'XDG_MENU_PREFIX': 'gnome-', 'GNOME_TERMINAL_SCREEN': '/org/gnome/Terminal/screen/69401945_8890_4a44_bef3_4bbc698c193c', 'XDG_RUNTIME_DIR': '/run/user/1000', 'DISPLAY': ':1', 'LANG': 'en_US.UTF-8', 'XDG_CURRENT_DESKTOP': 'pop:GNOME', 'XMODIFIERS': '@im=ibus', 'XDG_SESSION_DESKTOP': 'pop', 'XAUTHORITY': '/run/user/1000/gdm/Xauthority', 'LS_COLORS': 'rs=0:di=01;34:ln=01;36:mh=00:pi=40;33:so=01;35:do=01;35:bd=40;33;01:cd=40;33;01:or=40;31;01:mi=00:su=37;41:sg=30;43:ca=30;41:tw=30;42:ow=34;42:st=37;44:ex=01;32:*.tar=01;31:*.tgz=01;31:*.arc=01;31:*.arj=01;31:*.taz=01;31:*.lha=01;31:*.lz4=01;31:*.lzh=01;31:*.lzma=01;31:*.tlz=01;31:*.txz=01;31:*.tzo=01;31:*.t7z=01;31:*.zip=01;31:*.z=01;31:*.dz=01;31:*.gz=01;31:*.lrz=01;31:*.lz=01;31:*.lzo=01;31:*.xz=01;31:*.zst=01;31:*.tzst=01;31:*.bz2=01;31:*.bz=01;31:*.tbz=01;31:*.tbz2=01;31:*.tz=01;31:*.deb=01;31:*.rpm=01;31:*.jar=01;31:*.war=01;31:*.ear=01;31:*.sar=01;31:*.rar=01;31:*.alz=01;31:*.ace=01;31:*.zoo=01;31:*.cpio=01;31:*.7z=01;31:*.rz=01;31:*.cab=01;31:*.wim=01;31:*.swm=01;31:*.dwm=01;31:*.esd=01;31:*.jpg=01;35:*.jpeg=01;35:*.mjpg=01;35:*.mjpeg=01;35:*.gif=01;35:*.bmp=01;35:*.pbm=01;35:*.pgm=01;35:*.ppm=01;35:*.tga=01;35:*.xbm=01;35:*.xpm=01;35:*.tif=01;35:*.tiff=01;35:*.png=01;35:*.svg=01;35:*.svgz=01;35:*.mng=01;35:*.pcx=01;35:*.mov=01;35:*.mpg=01;35:*.mpeg=01;35:*.m2v=01;35:*.mkv=01;35:*.webm=01;35:*.webp=01;35:*.ogm=01;35:*.mp4=01;35:*.m4v=01;35:*.mp4v=01;35:*.vob=01;35:*.qt=01;35:*.nuv=01;35:*.wmv=01;35:*.asf=01;35:*.rm=01;35:*.rmvb=01;35:*.flc=01;35:*.avi=01;35:*.fli=01;35:*.flv=01;35:*.gl=01;35:*.dl=01;35:*.xcf=01;35:*.xwd=01;35:*.yuv=01;35:*.cgm=01;35:*.emf=01;35:*.ogv=01;35:*.ogx=01;35:*.aac=00;36:*.au=00;36:*.flac=00;36:*.m4a=00;36:*.mid=00;36:*.midi=00;36:*.mka=00;36:*.mp3=00;36:*.mpc=00;36:*.ogg=00;36:*.ra=00;36:*.wav=00;36:*.oga=00;36:*.opus=00;36:*.spx=00;36:*.xspf=00;36:', 'GNOME_TERMINAL_SERVICE': ':1.119', 'SSH_AGENT_LAUNCHER': 'gnome-keyring', 'SSH_AUTH_SOCK': '/run/user/1000/keyring/ssh', 'ROS_DOMAIN_ID': '7', 'AMENT_PREFIX_PATH': '/home/cjayahansa/ros2N_ws/install/webots_ros2_importer:/home/cjayahansa/ros2N_ws/install/webots_ros2:/home/cjayahansa/ros2N_ws/install/webots_ros2_universal_robot:/home/cjayahansa/ros2N_ws/install/webots_ros2_turtlebot:/home/cjayahansa/ros2N_ws/install/webots_ros2_tiago:/home/cjayahansa/ros2N_ws/install/webots_ros2_tests:/home/cjayahansa/ros2N_ws/install/webots_ros2_tesla:/home/cjayahansa/ros2N_ws/install/webots_ros2_mavic:/home/cjayahansa/ros2N_ws/install/webots_ros2_husarion:/home/cjayahansa/ros2N_ws/install/webots_ros2_epuck:/home/cjayahansa/ros2N_ws/install/webots_ros2_crazyflie:/home/cjayahansa/ros2N_ws/install/webots_ros2_control:/home/cjayahansa/ros2N_ws/install/webots_ros2_driver:/home/cjayahansa/ros2N_ws/install/webots_ros2_msgs:/home/cjayahansa/ros2_ws/install/my_first_package:/opt/ros/humble', 'SHELL': '/bin/bash', 'QT_ACCESSIBILITY': '1', 'GDMSESSION': 'pop', 'LESSCLOSE': '/usr/bin/lesspipe %s %s', 'GPG_AGENT_INFO': '/run/user/1000/gnupg/S.gpg-agent:0:1', 'QT_IM_MODULE': 'ibus', 'PWD': '/home/cjayahansa/ros2N_ws/build/webots_ros2_turtlebot', 'LC_ALL': 'en_US.UTF-8', 'XDG_CONFIG_DIRS': '/etc/xdg/xdg-pop:/etc/xdg', 'XDG_DATA_DIRS': '/usr/share/pop:/usr/share/gnome:/home/cjayahansa/.local/share/flatpak/exports/share:/var/lib/flatpak/exports/share:/usr/local/share/:/usr/share/', 'PYTHONPATH': '/home/cjayahansa/ros2N_ws/build/webots_ros2_turtlebot/prefix_override:/usr/lib/python3/dist-packages/colcon_core/task/python/colcon_distutils_commands:/home/cjayahansa/ros2N_ws/install/webots_ros2_turtlebot/lib/python3.10/site-packages:/home/cjayahansa/ros2N_ws/build/webots_ros2_importer:/home/cjayahansa/ros2N_ws/install/webots_ros2_importer/lib/python3.10/site-packages:/home/cjayahansa/ros2N_ws/install/webots_ros2/lib/python3.10/site-packages:/home/cjayahansa/ros2N_ws/install/webots_ros2_universal_robot/lib/python3.10/site-packages:/home/cjayahansa/ros2N_ws/install/webots_ros2_turtlebot/lib/python3.10/site-packages:/home/cjayahansa/ros2N_ws/install/webots_ros2_tiago/lib/python3.10/site-packages:/home/cjayahansa/ros2N_ws/install/webots_ros2_tests/lib/python3.10/site-packages:/home/cjayahansa/ros2N_ws/install/webots_ros2_tesla/lib/python3.10/site-packages:/home/cjayahansa/ros2N_ws/install/webots_ros2_mavic/lib/python3.10/site-packages:/home/cjayahansa/ros2N_ws/install/webots_ros2_husarion/lib/python3.10/site-packages:/home/cjayahansa/ros2N_ws/install/webots_ros2_epuck/lib/python3.10/site-packages:/home/cjayahansa/ros2N_ws/install/webots_ros2_crazyflie/lib/python3.10/site-packages:/home/cjayahansa/ros2N_ws/install/webots_ros2_driver/local/lib/python3.10/dist-packages:/home/cjayahansa/ros2N_ws/install/webots_ros2_msgs/local/lib/python3.10/dist-packages:/home/cjayahansa/ros2_ws/install/my_first_package/lib/python3.10/site-packages:/opt/ros/humble/lib/python3.10/site-packages:/opt/ros/humble/local/lib/python3.10/dist-packages', 'COLCON': '1', 'VTE_VERSION': '6800', 'CMAKE_PREFIX_PATH': '/home/cjayahansa/ros2N_ws/install/webots_ros2_control:/home/cjayahansa/ros2N_ws/install/webots_ros2_driver:/home/cjayahansa/ros2N_ws/install/webots_ros2_msgs'}, 'shell': False}
[57.556685] (webots_ros2_tiago) Command: {'cmd': ['/usr/bin/python3', '-W', 'ignore:setup.py install is deprecated', '-W', 'ignore:easy_install command is deprecated', 'setup.py', 'develop', '--editable', '--build-directory', '/home/cjayahansa/ros2N_ws/build/webots_ros2_tiago/build', '--no-deps', 'symlink_data'], 'cwd': '/home/cjayahansa/ros2N_ws/build/webots_ros2_tiago', 'env': {'LESSOPEN': '| /usr/bin/lesspipe %s', 'USER': 'cjayahansa', 'XDG_SESSION_TYPE': 'x11', 'SHLVL': '1', 'LD_LIBRARY_PATH': '/home/cjayahansa/ros2N_ws/install/webots_ros2_control/lib:/home/cjayahansa/ros2N_ws/install/webots_ros2_driver/lib:/home/cjayahansa/ros2N_ws/install/webots_ros2_msgs/lib:/opt/ros/humble/opt/rviz_ogre_vendor/lib:/opt/ros/humble/lib/x86_64-linux-gnu:/opt/ros/humble/lib', 'HOME': '/home/cjayahansa', 'OLDPWD': '/home/cjayahansa/ros2N_ws/src', 'DESKTOP_SESSION': 'pop', 'ROS_PYTHON_VERSION': '3', 'GNOME_SHELL_SESSION_MODE': 'pop', 'GTK_MODULES': 'gail:atk-bridge', 'PS1': '\\[\\033[01;36m\\]\\u@\\h\\[\\033[00m\\]:\\[\\033[01;34m\\]\\w\\[\\033[00m\\]$', 'SYSTEMD_EXEC_PID': '1818', 'DBUS_SESSION_BUS_ADDRESS': 'unix:path=/run/user/1000/bus', 'COLORTERM': 'truecolor', 'COLCON_PREFIX_PATH': '/home/cjayahansa/ros2N_ws/install:/home/cjayahansa/ros2_ws/install', 'ROS_DISTRO': 'humble', 'GTK_IM_MODULE': 'ibus', 'LOGNAME': 'cjayahansa', '_': '/usr/bin/colcon', 'ROS_VERSION': '2', 'XDG_SESSION_CLASS': 'user', 'USERNAME': 'cjayahansa', 'TERM': 'xterm-256color', 'GNOME_DESKTOP_SESSION_ID': 'this-is-deprecated', 'ROS_LOCALHOST_ONLY': '1', 'WINDOWPATH': '2', 'PATH': '/opt/ros/humble/bin:/home/cjayahansa/.local/bin:/usr/local/sbin:/usr/local/bin:/usr/sbin:/usr/bin:/sbin:/bin:/usr/games:/usr/local/games:/snap/bin', 'SESSION_MANAGER': 'local/pop-os:@/tmp/.ICE-unix/1790,unix/pop-os:/tmp/.ICE-unix/1790', 'XDG_MENU_PREFIX': 'gnome-', 'GNOME_TERMINAL_SCREEN': '/org/gnome/Terminal/screen/69401945_8890_4a44_bef3_4bbc698c193c', 'XDG_RUNTIME_DIR': '/run/user/1000', 'DISPLAY': ':1', 'LANG': 'en_US.UTF-8', 'XDG_CURRENT_DESKTOP': 'pop:GNOME', 'XMODIFIERS': '@im=ibus', 'XDG_SESSION_DESKTOP': 'pop', 'XAUTHORITY': '/run/user/1000/gdm/Xauthority', 'LS_COLORS': 'rs=0:di=01;34:ln=01;36:mh=00:pi=40;33:so=01;35:do=01;35:bd=40;33;01:cd=40;33;01:or=40;31;01:mi=00:su=37;41:sg=30;43:ca=30;41:tw=30;42:ow=34;42:st=37;44:ex=01;32:*.tar=01;31:*.tgz=01;31:*.arc=01;31:*.arj=01;31:*.taz=01;31:*.lha=01;31:*.lz4=01;31:*.lzh=01;31:*.lzma=01;31:*.tlz=01;31:*.txz=01;31:*.tzo=01;31:*.t7z=01;31:*.zip=01;31:*.z=01;31:*.dz=01;31:*.gz=01;31:*.lrz=01;31:*.lz=01;31:*.lzo=01;31:*.xz=01;31:*.zst=01;31:*.tzst=01;31:*.bz2=01;31:*.bz=01;31:*.tbz=01;31:*.tbz2=01;31:*.tz=01;31:*.deb=01;31:*.rpm=01;31:*.jar=01;31:*.war=01;31:*.ear=01;31:*.sar=01;31:*.rar=01;31:*.alz=01;31:*.ace=01;31:*.zoo=01;31:*.cpio=01;31:*.7z=01;31:*.rz=01;31:*.cab=01;31:*.wim=01;31:*.swm=01;31:*.dwm=01;31:*.esd=01;31:*.jpg=01;35:*.jpeg=01;35:*.mjpg=01;35:*.mjpeg=01;35:*.gif=01;35:*.bmp=01;35:*.pbm=01;35:*.pgm=01;35:*.ppm=01;35:*.tga=01;35:*.xbm=01;35:*.xpm=01;35:*.tif=01;35:*.tiff=01;35:*.png=01;35:*.svg=01;35:*.svgz=01;35:*.mng=01;35:*.pcx=01;35:*.mov=01;35:*.mpg=01;35:*.mpeg=01;35:*.m2v=01;35:*.mkv=01;35:*.webm=01;35:*.webp=01;35:*.ogm=01;35:*.mp4=01;35:*.m4v=01;35:*.mp4v=01;35:*.vob=01;35:*.qt=01;35:*.nuv=01;35:*.wmv=01;35:*.asf=01;35:*.rm=01;35:*.rmvb=01;35:*.flc=01;35:*.avi=01;35:*.fli=01;35:*.flv=01;35:*.gl=01;35:*.dl=01;35:*.xcf=01;35:*.xwd=01;35:*.yuv=01;35:*.cgm=01;35:*.emf=01;35:*.ogv=01;35:*.ogx=01;35:*.aac=00;36:*.au=00;36:*.flac=00;36:*.m4a=00;36:*.mid=00;36:*.midi=00;36:*.mka=00;36:*.mp3=00;36:*.mpc=00;36:*.ogg=00;36:*.ra=00;36:*.wav=00;36:*.oga=00;36:*.opus=00;36:*.spx=00;36:*.xspf=00;36:', 'GNOME_TERMINAL_SERVICE': ':1.119', 'SSH_AGENT_LAUNCHER': 'gnome-keyring', 'SSH_AUTH_SOCK': '/run/user/1000/keyring/ssh', 'ROS_DOMAIN_ID': '7', 'AMENT_PREFIX_PATH': '/home/cjayahansa/ros2N_ws/install/webots_ros2_importer:/home/cjayahansa/ros2N_ws/install/webots_ros2:/home/cjayahansa/ros2N_ws/install/webots_ros2_universal_robot:/home/cjayahansa/ros2N_ws/install/webots_ros2_turtlebot:/home/cjayahansa/ros2N_ws/install/webots_ros2_tiago:/home/cjayahansa/ros2N_ws/install/webots_ros2_tests:/home/cjayahansa/ros2N_ws/install/webots_ros2_tesla:/home/cjayahansa/ros2N_ws/install/webots_ros2_mavic:/home/cjayahansa/ros2N_ws/install/webots_ros2_husarion:/home/cjayahansa/ros2N_ws/install/webots_ros2_epuck:/home/cjayahansa/ros2N_ws/install/webots_ros2_crazyflie:/home/cjayahansa/ros2N_ws/install/webots_ros2_control:/home/cjayahansa/ros2N_ws/install/webots_ros2_driver:/home/cjayahansa/ros2N_ws/install/webots_ros2_msgs:/home/cjayahansa/ros2_ws/install/my_first_package:/opt/ros/humble', 'SHELL': '/bin/bash', 'QT_ACCESSIBILITY': '1', 'GDMSESSION': 'pop', 'LESSCLOSE': '/usr/bin/lesspipe %s %s', 'GPG_AGENT_INFO': '/run/user/1000/gnupg/S.gpg-agent:0:1', 'QT_IM_MODULE': 'ibus', 'PWD': '/home/cjayahansa/ros2N_ws/build/webots_ros2_tiago', 'LC_ALL': 'en_US.UTF-8', 'XDG_CONFIG_DIRS': '/etc/xdg/xdg-pop:/etc/xdg', 'XDG_DATA_DIRS': '/usr/share/pop:/usr/share/gnome:/home/cjayahansa/.local/share/flatpak/exports/share:/var/lib/flatpak/exports/share:/usr/local/share/:/usr/share/', 'PYTHONPATH': '/home/cjayahansa/ros2N_ws/build/webots_ros2_tiago/prefix_override:/usr/lib/python3/dist-packages/colcon_core/task/python/colcon_distutils_commands:/home/cjayahansa/ros2N_ws/install/webots_ros2_tiago/lib/python3.10/site-packages:/home/cjayahansa/ros2N_ws/build/webots_ros2_importer:/home/cjayahansa/ros2N_ws/install/webots_ros2_importer/lib/python3.10/site-packages:/home/cjayahansa/ros2N_ws/install/webots_ros2/lib/python3.10/site-packages:/home/cjayahansa/ros2N_ws/install/webots_ros2_universal_robot/lib/python3.10/site-packages:/home/cjayahansa/ros2N_ws/install/webots_ros2_turtlebot/lib/python3.10/site-packages:/home/cjayahansa/ros2N_ws/install/webots_ros2_tiago/lib/python3.10/site-packages:/home/cjayahansa/ros2N_ws/install/webots_ros2_tests/lib/python3.10/site-packages:/home/cjayahansa/ros2N_ws/install/webots_ros2_tesla/lib/python3.10/site-packages:/home/cjayahansa/ros2N_ws/install/webots_ros2_mavic/lib/python3.10/site-packages:/home/cjayahansa/ros2N_ws/install/webots_ros2_husarion/lib/python3.10/site-packages:/home/cjayahansa/ros2N_ws/install/webots_ros2_epuck/lib/python3.10/site-packages:/home/cjayahansa/ros2N_ws/install/webots_ros2_crazyflie/lib/python3.10/site-packages:/home/cjayahansa/ros2N_ws/install/webots_ros2_driver/local/lib/python3.10/dist-packages:/home/cjayahansa/ros2N_ws/install/webots_ros2_msgs/local/lib/python3.10/dist-packages:/home/cjayahansa/ros2_ws/install/my_first_package/lib/python3.10/site-packages:/opt/ros/humble/lib/python3.10/site-packages:/opt/ros/humble/local/lib/python3.10/dist-packages', 'COLCON': '1', 'VTE_VERSION': '6800', 'CMAKE_PREFIX_PATH': '/home/cjayahansa/ros2N_ws/install/webots_ros2_control:/home/cjayahansa/ros2N_ws/install/webots_ros2_driver:/home/cjayahansa/ros2N_ws/install/webots_ros2_msgs'}, 'shell': False}
[57.589670] (-) TimerEvent: {}
[57.690024] (-) TimerEvent: {}
[57.790370] (-) TimerEvent: {}
[57.828996] (webots_ros2_epuck) StdoutLine: {'line': b'running develop\n'}
[57.850174] (webots_ros2_husarion) StdoutLine: {'line': b'running develop\n'}
[57.856154] (webots_ros2_universal_robot) StdoutLine: {'line': b'running develop\n'}
[57.857056] (webots_ros2_turtlebot) StdoutLine: {'line': b'running develop\n'}
[57.879671] (webots_ros2_tiago) StdoutLine: {'line': b'running develop\n'}
[57.890491] (-) TimerEvent: {}
[57.990844] (-) TimerEvent: {}
[58.063571] (webots_ros2_epuck) StdoutLine: {'line': b'running egg_info\n'}
[58.063784] (webots_ros2_epuck) StdoutLine: {'line': b'creating webots_ros2_epuck.egg-info\n'}
[58.063974] (webots_ros2_epuck) StdoutLine: {'line': b'writing webots_ros2_epuck.egg-info/PKG-INFO\n'}
[58.064187] (webots_ros2_epuck) StdoutLine: {'line': b'writing dependency_links to webots_ros2_epuck.egg-info/dependency_links.txt\n'}
[58.064362] (webots_ros2_epuck) StdoutLine: {'line': b'writing entry points to webots_ros2_epuck.egg-info/entry_points.txt\n'}
[58.064507] (webots_ros2_epuck) StdoutLine: {'line': b'writing requirements to webots_ros2_epuck.egg-info/requires.txt\n'}
[58.064663] (webots_ros2_epuck) StdoutLine: {'line': b'writing top-level names to webots_ros2_epuck.egg-info/top_level.txt\n'}
[58.064949] (webots_ros2_epuck) StdoutLine: {'line': b"writing manifest file 'webots_ros2_epuck.egg-info/SOURCES.txt'\n"}
[58.067177] (webots_ros2_epuck) StdoutLine: {'line': b"reading manifest file 'webots_ros2_epuck.egg-info/SOURCES.txt'\n"}
[58.068030] (webots_ros2_epuck) StdoutLine: {'line': b"writing manifest file 'webots_ros2_epuck.egg-info/SOURCES.txt'\n"}
[58.069808] (webots_ros2_epuck) StdoutLine: {'line': b'running build_ext\n'}
[58.070061] (webots_ros2_epuck) StdoutLine: {'line': b'Creating /home/cjayahansa/ros2N_ws/install/webots_ros2_epuck/lib/python3.10/site-packages/webots-ros2-epuck.egg-link (link to .)\n'}
[58.070939] (webots_ros2_epuck) StdoutLine: {'line': b'Installing drive_calibrator script to /home/cjayahansa/ros2N_ws/install/webots_ros2_epuck/lib/webots_ros2_epuck\n'}
[58.071149] (webots_ros2_epuck) StdoutLine: {'line': b'Installing epuck_node script to /home/cjayahansa/ros2N_ws/install/webots_ros2_epuck/lib/webots_ros2_epuck\n'}
[58.071324] (webots_ros2_epuck) StdoutLine: {'line': b'Installing simple_mapper script to /home/cjayahansa/ros2N_ws/install/webots_ros2_epuck/lib/webots_ros2_epuck\n'}
[58.071508] (webots_ros2_epuck) StdoutLine: {'line': b'\n'}
[58.071616] (webots_ros2_epuck) StdoutLine: {'line': b'Installed /home/cjayahansa/ros2N_ws/build/webots_ros2_epuck\n'}
[58.071791] (webots_ros2_epuck) StdoutLine: {'line': b'running symlink_data\n'}
[58.071927] (webots_ros2_epuck) StdoutLine: {'line': b'creating /home/cjayahansa/ros2N_ws/install/webots_ros2_epuck/share/ament_index\n'}
[58.072107] (webots_ros2_epuck) StdoutLine: {'line': b'creating /home/cjayahansa/ros2N_ws/install/webots_ros2_epuck/share/ament_index/resource_index\n'}
[58.072262] (webots_ros2_epuck) StdoutLine: {'line': b'creating /home/cjayahansa/ros2N_ws/install/webots_ros2_epuck/share/ament_index/resource_index/packages\n'}
[58.072378] (webots_ros2_epuck) StdoutLine: {'line': b'symbolically linking /home/cjayahansa/ros2N_ws/build/webots_ros2_epuck/resource/webots_ros2_epuck -> /home/cjayahansa/ros2N_ws/install/webots_ros2_epuck/share/ament_index/resource_index/packages\n'}
[58.072488] (webots_ros2_epuck) StdoutLine: {'line': b'creating /home/cjayahansa/ros2N_ws/install/webots_ros2_epuck/share/webots_ros2_epuck/launch\n'}
[58.072596] (webots_ros2_epuck) StdoutLine: {'line': b'symbolically linking /home/cjayahansa/ros2N_ws/build/webots_ros2_epuck/launch/robot_launch.py -> /home/cjayahansa/ros2N_ws/install/webots_ros2_epuck/share/webots_ros2_epuck/launch\n'}
[58.072817] (webots_ros2_epuck) StdoutLine: {'line': b'symbolically linking /home/cjayahansa/ros2N_ws/build/webots_ros2_epuck/launch/robot_tools_launch.py -> /home/cjayahansa/ros2N_ws/install/webots_ros2_epuck/share/webots_ros2_epuck/launch\n'}
[58.072949] (webots_ros2_epuck) StdoutLine: {'line': b'symbolically linking /home/cjayahansa/ros2N_ws/build/webots_ros2_epuck/launch/rats_life_launch.py -> /home/cjayahansa/ros2N_ws/install/webots_ros2_epuck/share/webots_ros2_epuck/launch\n'}
[58.073058] (webots_ros2_epuck) StdoutLine: {'line': b'symbolically linking /home/cjayahansa/ros2N_ws/build/webots_ros2_epuck/launch/rats_life_waypoints_launch.py -> /home/cjayahansa/ros2N_ws/install/webots_ros2_epuck/share/webots_ros2_epuck/launch\n'}
[58.073160] (webots_ros2_epuck) StdoutLine: {'line': b'creating /home/cjayahansa/ros2N_ws/install/webots_ros2_epuck/share/webots_ros2_epuck/worlds\n'}
[58.073270] (webots_ros2_epuck) StdoutLine: {'line': b'symbolically linking /home/cjayahansa/ros2N_ws/build/webots_ros2_epuck/worlds/epuck_world.wbt -> /home/cjayahansa/ros2N_ws/install/webots_ros2_epuck/share/webots_ros2_epuck/worlds\n'}
[58.073369] (webots_ros2_epuck) StdoutLine: {'line': b'symbolically linking /home/cjayahansa/ros2N_ws/build/webots_ros2_epuck/worlds/.epuck_world.wbproj -> /home/cjayahansa/ros2N_ws/install/webots_ros2_epuck/share/webots_ros2_epuck/worlds\n'}
[58.073542] (webots_ros2_epuck) StdoutLine: {'line': b'symbolically linking /home/cjayahansa/ros2N_ws/build/webots_ros2_epuck/worlds/rats_life_benchmark.wbt -> /home/cjayahansa/ros2N_ws/install/webots_ros2_epuck/share/webots_ros2_epuck/worlds\n'}
[58.073749] (webots_ros2_epuck) StdoutLine: {'line': b'symbolically linking /home/cjayahansa/ros2N_ws/build/webots_ros2_epuck/worlds/.rats_life_benchmark.wbproj -> /home/cjayahansa/ros2N_ws/install/webots_ros2_epuck/share/webots_ros2_epuck/worlds\n'}
[58.074005] (webots_ros2_epuck) StdoutLine: {'line': b'creating /home/cjayahansa/ros2N_ws/install/webots_ros2_epuck/share/webots_ros2_epuck/protos\n'}
[58.074172] (webots_ros2_epuck) StdoutLine: {'line': b'symbolically linking /home/cjayahansa/ros2N_ws/build/webots_ros2_epuck/protos/LegoTallInterval.proto -> /home/cjayahansa/ros2N_ws/install/webots_ros2_epuck/share/webots_ros2_epuck/protos\n'}
[58.074271] (webots_ros2_epuck) StdoutLine: {'line': b'symbolically linking /home/cjayahansa/ros2N_ws/build/webots_ros2_epuck/protos/LegoTallWall.proto -> /home/cjayahansa/ros2N_ws/install/webots_ros2_epuck/share/webots_ros2_epuck/protos\n'}
[58.074399] (webots_ros2_epuck) StdoutLine: {'line': b'creating /home/cjayahansa/ros2N_ws/install/webots_ros2_epuck/share/webots_ros2_epuck/resource\n'}
[58.074511] (webots_ros2_epuck) StdoutLine: {'line': b'symbolically linking /home/cjayahansa/ros2N_ws/build/webots_ros2_epuck/resource/all.rviz -> /home/cjayahansa/ros2N_ws/install/webots_ros2_epuck/share/webots_ros2_epuck/resource\n'}
[58.074898] (webots_ros2_epuck) StdoutLine: {'line': b'symbolically linking /home/cjayahansa/ros2N_ws/build/webots_ros2_epuck/resource/nav2_params.yaml -> /home/cjayahansa/ros2N_ws/install/webots_ros2_epuck/share/webots_ros2_epuck/resource\n'}
[58.075037] (webots_ros2_epuck) StdoutLine: {'line': b'symbolically linking /home/cjayahansa/ros2N_ws/build/webots_ros2_epuck/resource/nav2_params_iron.yaml -> /home/cjayahansa/ros2N_ws/install/webots_ros2_epuck/share/webots_ros2_epuck/resource\n'}
[58.075120] (webots_ros2_epuck) StdoutLine: {'line': b'symbolically linking /home/cjayahansa/ros2N_ws/build/webots_ros2_epuck/resource/map_rats_life.pgm -> /home/cjayahansa/ros2N_ws/install/webots_ros2_epuck/share/webots_ros2_epuck/resource\n'}
[58.075189] (webots_ros2_husarion) StdoutLine: {'line': b'running egg_info\n'}
[58.075277] (webots_ros2_husarion) StdoutLine: {'line': b'creating webots_ros2_husarion.egg-info\n'}
[58.075353] (webots_ros2_epuck) StdoutLine: {'line': b'symbolically linking /home/cjayahansa/ros2N_ws/build/webots_ros2_epuck/resource/map_rats_life.yaml -> /home/cjayahansa/ros2N_ws/install/webots_ros2_epuck/share/webots_ros2_epuck/resource\n'}
[58.075423] (webots_ros2_epuck) StdoutLine: {'line': b'symbolically linking /home/cjayahansa/ros2N_ws/build/webots_ros2_epuck/resource/nav2_rats_life_waypoints.yaml -> /home/cjayahansa/ros2N_ws/install/webots_ros2_epuck/share/webots_ros2_epuck/resource\n'}
[58.075495] (webots_ros2_epuck) StdoutLine: {'line': b'symbolically linking /home/cjayahansa/ros2N_ws/build/webots_ros2_epuck/resource/epuck_world_map.pgm -> /home/cjayahansa/ros2N_ws/install/webots_ros2_epuck/share/webots_ros2_epuck/resource\n'}
[58.075580] (webots_ros2_epuck) StdoutLine: {'line': b'symbolically linking /home/cjayahansa/ros2N_ws/build/webots_ros2_epuck/resource/epuck_world_map.yaml -> /home/cjayahansa/ros2N_ws/install/webots_ros2_epuck/share/webots_ros2_epuck/resource\n'}
[58.075648] (webots_ros2_epuck) StdoutLine: {'line': b'symbolically linking /home/cjayahansa/ros2N_ws/build/webots_ros2_epuck/resource/epuck_webots.urdf -> /home/cjayahansa/ros2N_ws/install/webots_ros2_epuck/share/webots_ros2_epuck/resource\n'}
[58.075717] (webots_ros2_epuck) StdoutLine: {'line': b'symbolically linking /home/cjayahansa/ros2N_ws/build/webots_ros2_epuck/resource/ros2_control.yml -> /home/cjayahansa/ros2N_ws/install/webots_ros2_epuck/share/webots_ros2_epuck/resource\n'}
[58.075792] (webots_ros2_epuck) StdoutLine: {'line': b'symbolically linking /home/cjayahansa/ros2N_ws/build/webots_ros2_epuck/package.xml -> /home/cjayahansa/ros2N_ws/install/webots_ros2_epuck/share/webots_ros2_epuck\n'}
[58.075865] (webots_ros2_husarion) StdoutLine: {'line': b'writing webots_ros2_husarion.egg-info/PKG-INFO\n'}
[58.076043] (webots_ros2_husarion) StdoutLine: {'line': b'writing dependency_links to webots_ros2_husarion.egg-info/dependency_links.txt\n'}
[58.076102] (webots_ros2_husarion) StdoutLine: {'line': b'writing entry points to webots_ros2_husarion.egg-info/entry_points.txt\n'}
[58.076151] (webots_ros2_husarion) StdoutLine: {'line': b'writing requirements to webots_ros2_husarion.egg-info/requires.txt\n'}
[58.076211] (webots_ros2_husarion) StdoutLine: {'line': b'writing top-level names to webots_ros2_husarion.egg-info/top_level.txt\n'}
[58.076259] (webots_ros2_husarion) StdoutLine: {'line': b"writing manifest file 'webots_ros2_husarion.egg-info/SOURCES.txt'\n"}
[58.077929] (webots_ros2_husarion) StdoutLine: {'line': b"reading manifest file 'webots_ros2_husarion.egg-info/SOURCES.txt'\n"}
[58.078626] (webots_ros2_husarion) StdoutLine: {'line': b"writing manifest file 'webots_ros2_husarion.egg-info/SOURCES.txt'\n"}
[58.080491] (webots_ros2_husarion) StdoutLine: {'line': b'running build_ext\n'}
[58.080822] (webots_ros2_husarion) StdoutLine: {'line': b'Creating /home/cjayahansa/ros2N_ws/install/webots_ros2_husarion/lib/python3.10/site-packages/webots-ros2-husarion.egg-link (link to .)\n'}
[58.081437] (webots_ros2_husarion) StdoutLine: {'line': b'\n'}
[58.081550] (webots_ros2_husarion) StdoutLine: {'line': b'Installed /home/cjayahansa/ros2N_ws/build/webots_ros2_husarion\n'}
[58.081642] (webots_ros2_husarion) StdoutLine: {'line': b'running symlink_data\n'}
[58.081753] (webots_ros2_husarion) StdoutLine: {'line': b'creating /home/cjayahansa/ros2N_ws/install/webots_ros2_husarion/share/ament_index\n'}
[58.081830] (webots_ros2_husarion) StdoutLine: {'line': b'creating /home/cjayahansa/ros2N_ws/install/webots_ros2_husarion/share/ament_index/resource_index\n'}
[58.081901] (webots_ros2_husarion) StdoutLine: {'line': b'creating /home/cjayahansa/ros2N_ws/install/webots_ros2_husarion/share/ament_index/resource_index/packages\n'}
[58.081959] (webots_ros2_husarion) StdoutLine: {'line': b'symbolically linking /home/cjayahansa/ros2N_ws/build/webots_ros2_husarion/resource/webots_ros2_husarion -> /home/cjayahansa/ros2N_ws/install/webots_ros2_husarion/share/ament_index/resource_index/packages\n'}
[58.082070] (webots_ros2_husarion) StdoutLine: {'line': b'creating /home/cjayahansa/ros2N_ws/install/webots_ros2_husarion/share/webots_ros2_husarion/launch\n'}
[58.082148] (webots_ros2_husarion) StdoutLine: {'line': b'symbolically linking /home/cjayahansa/ros2N_ws/build/webots_ros2_husarion/launch/rosbot_launch.py -> /home/cjayahansa/ros2N_ws/install/webots_ros2_husarion/share/webots_ros2_husarion/launch\n'}
[58.082204] (webots_ros2_husarion) StdoutLine: {'line': b'symbolically linking /home/cjayahansa/ros2N_ws/build/webots_ros2_husarion/launch/rosbot_xl_launch.py -> /home/cjayahansa/ros2N_ws/install/webots_ros2_husarion/share/webots_ros2_husarion/launch\n'}
[58.082264] (webots_ros2_husarion) StdoutLine: {'line': b'creating /home/cjayahansa/ros2N_ws/install/webots_ros2_husarion/share/webots_ros2_husarion/resource\n'}
[58.082350] (webots_ros2_husarion) StdoutLine: {'line': b'symbolically linking /home/cjayahansa/ros2N_ws/build/webots_ros2_husarion/resource/rosbot_controllers.yaml -> /home/cjayahansa/ros2N_ws/install/webots_ros2_husarion/share/webots_ros2_husarion/resource\n'}
[58.082474] (webots_ros2_husarion) StdoutLine: {'line': b'symbolically linking /home/cjayahansa/ros2N_ws/build/webots_ros2_husarion/resource/rosbot_xl_controllers.yaml -> /home/cjayahansa/ros2N_ws/install/webots_ros2_husarion/share/webots_ros2_husarion/resource\n'}
[58.082970] (webots_ros2_husarion) StdoutLine: {'line': b'symbolically linking /home/cjayahansa/ros2N_ws/build/webots_ros2_husarion/resource/ekf.yaml -> /home/cjayahansa/ros2N_ws/install/webots_ros2_husarion/share/webots_ros2_husarion/resource\n'}
[58.083148] (webots_ros2_husarion) StdoutLine: {'line': b'symbolically linking /home/cjayahansa/ros2N_ws/build/webots_ros2_husarion/resource/laser_filter.yaml -> /home/cjayahansa/ros2N_ws/install/webots_ros2_husarion/share/webots_ros2_husarion/resource\n'}
[58.083318] (webots_ros2_turtlebot) StdoutLine: {'line': b'running egg_info\n'}
[58.083470] (webots_ros2_turtlebot) StdoutLine: {'line': b'creating webots_ros2_turtlebot.egg-info\n'}
[58.083580] (webots_ros2_turtlebot) StdoutLine: {'line': b'writing webots_ros2_turtlebot.egg-info/PKG-INFO\n'}
[58.083656] (webots_ros2_husarion) StdoutLine: {'line': b'symbolically linking /home/cjayahansa/ros2N_ws/build/webots_ros2_husarion/resource/rosbot_webots.urdf -> /home/cjayahansa/ros2N_ws/install/webots_ros2_husarion/share/webots_ros2_husarion/resource\n'}
[58.083759] (webots_ros2_husarion) StdoutLine: {'line': b'symbolically linking /home/cjayahansa/ros2N_ws/build/webots_ros2_husarion/resource/rosbot_links_remappings.yaml -> /home/cjayahansa/ros2N_ws/install/webots_ros2_husarion/share/webots_ros2_husarion/resource\n'}
[58.083837] (webots_ros2_husarion) StdoutLine: {'line': b'creating /home/cjayahansa/ros2N_ws/install/webots_ros2_husarion/share/webots_ros2_husarion/worlds\n'}
[58.083927] (webots_ros2_husarion) StdoutLine: {'line': b'symbolically linking /home/cjayahansa/ros2N_ws/build/webots_ros2_husarion/worlds/rosbot.wbt -> /home/cjayahansa/ros2N_ws/install/webots_ros2_husarion/share/webots_ros2_husarion/worlds\n'}
[58.084005] (webots_ros2_husarion) StdoutLine: {'line': b'symbolically linking /home/cjayahansa/ros2N_ws/build/webots_ros2_husarion/worlds/rosbot_xl.wbt -> /home/cjayahansa/ros2N_ws/install/webots_ros2_husarion/share/webots_ros2_husarion/worlds\n'}
[58.084082] (webots_ros2_husarion) StdoutLine: {'line': b'creating /home/cjayahansa/ros2N_ws/install/webots_ros2_husarion/share/webots_ros2_husarion/worlds/meshes\n'}
[58.084159] (webots_ros2_husarion) StdoutLine: {'line': b'symbolically linking /home/cjayahansa/ros2N_ws/build/webots_ros2_husarion/worlds/meshes/husarion_world.dae -> /home/cjayahansa/ros2N_ws/install/webots_ros2_husarion/share/webots_ros2_husarion/worlds/meshes\n'}
[58.084238] (webots_ros2_turtlebot) StdoutLine: {'line': b'writing dependency_links to webots_ros2_turtlebot.egg-info/dependency_links.txt\n'}
[58.084316] (webots_ros2_turtlebot) StdoutLine: {'line': b'writing entry points to webots_ros2_turtlebot.egg-info/entry_points.txt\n'}
[58.084390] (webots_ros2_turtlebot) StdoutLine: {'line': b'writing requirements to webots_ros2_turtlebot.egg-info/requires.txt\n'}
[58.084467] (webots_ros2_husarion) StdoutLine: {'line': b'symbolically linking /home/cjayahansa/ros2N_ws/build/webots_ros2_husarion/package.xml -> /home/cjayahansa/ros2N_ws/install/webots_ros2_husarion/share/webots_ros2_husarion\n'}
[58.084544] (webots_ros2_turtlebot) StdoutLine: {'line': b'writing top-level names to webots_ros2_turtlebot.egg-info/top_level.txt\n'}
[58.084683] (webots_ros2_turtlebot) StdoutLine: {'line': b"writing manifest file 'webots_ros2_turtlebot.egg-info/SOURCES.txt'\n"}
[58.086466] (webots_ros2_turtlebot) StdoutLine: {'line': b"reading manifest file 'webots_ros2_turtlebot.egg-info/SOURCES.txt'\n"}
[58.087266] (webots_ros2_turtlebot) StdoutLine: {'line': b"writing manifest file 'webots_ros2_turtlebot.egg-info/SOURCES.txt'\n"}
[58.089205] (webots_ros2_turtlebot) StdoutLine: {'line': b'running build_ext\n'}
[58.089403] (webots_ros2_turtlebot) StdoutLine: {'line': b'Creating /home/cjayahansa/ros2N_ws/install/webots_ros2_turtlebot/lib/python3.10/site-packages/webots-ros2-turtlebot.egg-link (link to .)\n'}
[58.090336] (webots_ros2_turtlebot) StdoutLine: {'line': b'\n'}
[58.090519] (webots_ros2_turtlebot) StdoutLine: {'line': b'Installed /home/cjayahansa/ros2N_ws/build/webots_ros2_turtlebot\n'}
[58.090589] (webots_ros2_turtlebot) StdoutLine: {'line': b'running symlink_data\n'}
[58.090689] (webots_ros2_turtlebot) StdoutLine: {'line': b'creating /home/cjayahansa/ros2N_ws/install/webots_ros2_turtlebot/share/ament_index\n'}
[58.090800] (webots_ros2_turtlebot) StdoutLine: {'line': b'creating /home/cjayahansa/ros2N_ws/install/webots_ros2_turtlebot/share/ament_index/resource_index\n'}
[58.090888] (-) TimerEvent: {}
[58.091065] (webots_ros2_turtlebot) StdoutLine: {'line': b'creating /home/cjayahansa/ros2N_ws/install/webots_ros2_turtlebot/share/ament_index/resource_index/packages\n'}
[58.091169] (webots_ros2_turtlebot) StdoutLine: {'line': b'symbolically linking /home/cjayahansa/ros2N_ws/build/webots_ros2_turtlebot/resource/webots_ros2_turtlebot -> /home/cjayahansa/ros2N_ws/install/webots_ros2_turtlebot/share/ament_index/resource_index/packages\n'}
[58.091261] (webots_ros2_turtlebot) StdoutLine: {'line': b'creating /home/cjayahansa/ros2N_ws/install/webots_ros2_turtlebot/share/webots_ros2_turtlebot/launch\n'}
[58.091354] (webots_ros2_turtlebot) StdoutLine: {'line': b'symbolically linking /home/cjayahansa/ros2N_ws/build/webots_ros2_turtlebot/launch/robot_launch.py -> /home/cjayahansa/ros2N_ws/install/webots_ros2_turtlebot/share/webots_ros2_turtlebot/launch\n'}
[58.091434] (webots_ros2_turtlebot) StdoutLine: {'line': b'creating /home/cjayahansa/ros2N_ws/install/webots_ros2_turtlebot/share/webots_ros2_turtlebot/resource\n'}
[58.091507] (webots_ros2_turtlebot) StdoutLine: {'line': b'symbolically linking /home/cjayahansa/ros2N_ws/build/webots_ros2_turtlebot/resource/turtlebot3_burger_example_map.pgm -> /home/cjayahansa/ros2N_ws/install/webots_ros2_turtlebot/share/webots_ros2_turtlebot/resource\n'}
[58.091576] (webots_ros2_turtlebot) StdoutLine: {'line': b'symbolically linking /home/cjayahansa/ros2N_ws/build/webots_ros2_turtlebot/resource/turtlebot3_burger_example_map.yaml -> /home/cjayahansa/ros2N_ws/install/webots_ros2_turtlebot/share/webots_ros2_turtlebot/resource\n'}
[58.091638] (webots_ros2_turtlebot) StdoutLine: {'line': b'symbolically linking /home/cjayahansa/ros2N_ws/build/webots_ros2_turtlebot/resource/turtlebot_webots.urdf -> /home/cjayahansa/ros2N_ws/install/webots_ros2_turtlebot/share/webots_ros2_turtlebot/resource\n'}
[58.091747] (webots_ros2_turtlebot) StdoutLine: {'line': b'symbolically linking /home/cjayahansa/ros2N_ws/build/webots_ros2_turtlebot/resource/ros2control.yml -> /home/cjayahansa/ros2N_ws/install/webots_ros2_turtlebot/share/webots_ros2_turtlebot/resource\n'}
[58.091978] (webots_ros2_turtlebot) StdoutLine: {'line': b'symbolically linking /home/cjayahansa/ros2N_ws/build/webots_ros2_turtlebot/resource/nav2_params.yaml -> /home/cjayahansa/ros2N_ws/install/webots_ros2_turtlebot/share/webots_ros2_turtlebot/resource\n'}
[58.092054] (webots_ros2_turtlebot) StdoutLine: {'line': b'creating /home/cjayahansa/ros2N_ws/install/webots_ros2_turtlebot/share/webots_ros2_turtlebot/worlds\n'}
[58.092115] (webots_ros2_turtlebot) StdoutLine: {'line': b'symbolically linking /home/cjayahansa/ros2N_ws/build/webots_ros2_turtlebot/worlds/turtlebot3_burger_example.wbt -> /home/cjayahansa/ros2N_ws/install/webots_ros2_turtlebot/share/webots_ros2_turtlebot/worlds\n'}
[58.092175] (webots_ros2_turtlebot) StdoutLine: {'line': b'symbolically linking /home/cjayahansa/ros2N_ws/build/webots_ros2_turtlebot/worlds/.turtlebot3_burger_example.wbproj -> /home/cjayahansa/ros2N_ws/install/webots_ros2_turtlebot/share/webots_ros2_turtlebot/worlds\n'}
[58.092237] (webots_ros2_turtlebot) StdoutLine: {'line': b'symbolically linking /home/cjayahansa/ros2N_ws/build/webots_ros2_turtlebot/package.xml -> /home/cjayahansa/ros2N_ws/install/webots_ros2_turtlebot/share/webots_ros2_turtlebot\n'}
[58.104366] (webots_ros2_tiago) StdoutLine: {'line': b'running egg_info\n'}
[58.104569] (webots_ros2_tiago) StdoutLine: {'line': b'creating webots_ros2_tiago.egg-info\n'}
[58.104677] (webots_ros2_tiago) StdoutLine: {'line': b'writing webots_ros2_tiago.egg-info/PKG-INFO\n'}
[58.104886] (webots_ros2_tiago) StdoutLine: {'line': b'writing dependency_links to webots_ros2_tiago.egg-info/dependency_links.txt\n'}
[58.105008] (webots_ros2_tiago) StdoutLine: {'line': b'writing entry points to webots_ros2_tiago.egg-info/entry_points.txt\n'}
[58.105108] (webots_ros2_tiago) StdoutLine: {'line': b'writing requirements to webots_ros2_tiago.egg-info/requires.txt\n'}
[58.105186] (webots_ros2_tiago) StdoutLine: {'line': b'writing top-level names to webots_ros2_tiago.egg-info/top_level.txt\n'}
[58.105553] (webots_ros2_tiago) StdoutLine: {'line': b"writing manifest file 'webots_ros2_tiago.egg-info/SOURCES.txt'\n"}
[58.106818] (webots_ros2_tiago) StdoutLine: {'line': b"reading manifest file 'webots_ros2_tiago.egg-info/SOURCES.txt'\n"}
[58.107531] (webots_ros2_tiago) StdoutLine: {'line': b"writing manifest file 'webots_ros2_tiago.egg-info/SOURCES.txt'\n"}
[58.109515] (webots_ros2_tiago) StdoutLine: {'line': b'running build_ext\n'}
[58.110487] (webots_ros2_tiago) StdoutLine: {'line': b'Creating /home/cjayahansa/ros2N_ws/install/webots_ros2_tiago/lib/python3.10/site-packages/webots-ros2-tiago.egg-link (link to .)\n'}
[58.111348] (webots_ros2_tiago) StdoutLine: {'line': b'\n'}
[58.111485] (webots_ros2_tiago) StdoutLine: {'line': b'Installed /home/cjayahansa/ros2N_ws/build/webots_ros2_tiago\n'}
[58.111582] (webots_ros2_tiago) StdoutLine: {'line': b'running symlink_data\n'}
[58.111652] (webots_ros2_tiago) StdoutLine: {'line': b'creating /home/cjayahansa/ros2N_ws/install/webots_ros2_tiago/share/ament_index\n'}
[58.111710] (webots_ros2_tiago) StdoutLine: {'line': b'creating /home/cjayahansa/ros2N_ws/install/webots_ros2_tiago/share/ament_index/resource_index\n'}
[58.111797] (webots_ros2_tiago) StdoutLine: {'line': b'creating /home/cjayahansa/ros2N_ws/install/webots_ros2_tiago/share/ament_index/resource_index/packages\n'}
[58.111889] (webots_ros2_tiago) StdoutLine: {'line': b'symbolically linking /home/cjayahansa/ros2N_ws/build/webots_ros2_tiago/resource/webots_ros2_tiago -> /home/cjayahansa/ros2N_ws/install/webots_ros2_tiago/share/ament_index/resource_index/packages\n'}
[58.111988] (webots_ros2_tiago) StdoutLine: {'line': b'creating /home/cjayahansa/ros2N_ws/install/webots_ros2_tiago/share/webots_ros2_tiago/launch\n'}
[58.112062] (webots_ros2_tiago) StdoutLine: {'line': b'symbolically linking /home/cjayahansa/ros2N_ws/build/webots_ros2_tiago/launch/robot_launch.py -> /home/cjayahansa/ros2N_ws/install/webots_ros2_tiago/share/webots_ros2_tiago/launch\n'}
[58.112150] (webots_ros2_tiago) StdoutLine: {'line': b'symbolically linking /home/cjayahansa/ros2N_ws/build/webots_ros2_tiago/launch/robot_bringup_launch.py -> /home/cjayahansa/ros2N_ws/install/webots_ros2_tiago/share/webots_ros2_tiago/launch\n'}
[58.112236] (webots_ros2_tiago) StdoutLine: {'line': b'creating /home/cjayahansa/ros2N_ws/install/webots_ros2_tiago/share/webots_ros2_tiago/resource\n'}
[58.112318] (webots_ros2_tiago) StdoutLine: {'line': b'symbolically linking /home/cjayahansa/ros2N_ws/build/webots_ros2_tiago/resource/tiago_webots.urdf -> /home/cjayahansa/ros2N_ws/install/webots_ros2_tiago/share/webots_ros2_tiago/resource\n'}
[58.112397] (webots_ros2_tiago) StdoutLine: {'line': b'symbolically linking /home/cjayahansa/ros2N_ws/build/webots_ros2_tiago/resource/tiago_bringup_webots.urdf -> /home/cjayahansa/ros2N_ws/install/webots_ros2_tiago/share/webots_ros2_tiago/resource\n'}
[58.112476] (webots_ros2_tiago) StdoutLine: {'line': b'symbolically linking /home/cjayahansa/ros2N_ws/build/webots_ros2_tiago/resource/ros2_control.yml -> /home/cjayahansa/ros2N_ws/install/webots_ros2_tiago/share/webots_ros2_tiago/resource\n'}
[58.112544] (webots_ros2_tiago) StdoutLine: {'line': b'symbolically linking /home/cjayahansa/ros2N_ws/build/webots_ros2_tiago/resource/ros2_control_bringup.yml -> /home/cjayahansa/ros2N_ws/install/webots_ros2_tiago/share/webots_ros2_tiago/resource\n'}
[58.112625] (webots_ros2_tiago) StdoutLine: {'line': b'symbolically linking /home/cjayahansa/ros2N_ws/build/webots_ros2_tiago/resource/nav2_params.yaml -> /home/cjayahansa/ros2N_ws/install/webots_ros2_tiago/share/webots_ros2_tiago/resource\n'}
[58.112702] (webots_ros2_tiago) StdoutLine: {'line': b'symbolically linking /home/cjayahansa/ros2N_ws/build/webots_ros2_tiago/resource/nav2_params_iron.yaml -> /home/cjayahansa/ros2N_ws/install/webots_ros2_tiago/share/webots_ros2_tiago/resource\n'}
[58.112794] (webots_ros2_tiago) StdoutLine: {'line': b'symbolically linking /home/cjayahansa/ros2N_ws/build/webots_ros2_tiago/resource/default.rviz -> /home/cjayahansa/ros2N_ws/install/webots_ros2_tiago/share/webots_ros2_tiago/resource\n'}
[58.112910] (webots_ros2_tiago) StdoutLine: {'line': b'symbolically linking /home/cjayahansa/ros2N_ws/build/webots_ros2_tiago/resource/default_bringup.rviz -> /home/cjayahansa/ros2N_ws/install/webots_ros2_tiago/share/webots_ros2_tiago/resource\n'}
[58.113005] (webots_ros2_tiago) StdoutLine: {'line': b'symbolically linking /home/cjayahansa/ros2N_ws/build/webots_ros2_tiago/resource/map.pgm -> /home/cjayahansa/ros2N_ws/install/webots_ros2_tiago/share/webots_ros2_tiago/resource\n'}
[58.113100] (webots_ros2_tiago) StdoutLine: {'line': b'symbolically linking /home/cjayahansa/ros2N_ws/build/webots_ros2_tiago/resource/map.yaml -> /home/cjayahansa/ros2N_ws/install/webots_ros2_tiago/share/webots_ros2_tiago/resource\n'}
[58.113216] (webots_ros2_tiago) StdoutLine: {'line': b'symbolically linking /home/cjayahansa/ros2N_ws/build/webots_ros2_tiago/resource/cartographer.lua -> /home/cjayahansa/ros2N_ws/install/webots_ros2_tiago/share/webots_ros2_tiago/resource\n'}
[58.113305] (webots_ros2_tiago) StdoutLine: {'line': b'symbolically linking /home/cjayahansa/ros2N_ws/build/webots_ros2_tiago/resource/slam_toolbox_params.yaml -> /home/cjayahansa/ros2N_ws/install/webots_ros2_tiago/share/webots_ros2_tiago/resource\n'}
[58.113414] (webots_ros2_tiago) StdoutLine: {'line': b'symbolically linking /home/cjayahansa/ros2N_ws/build/webots_ros2_tiago/package.xml -> /home/cjayahansa/ros2N_ws/install/webots_ros2_tiago/share/webots_ros2_tiago\n'}
[58.113532] (webots_ros2_tiago) StdoutLine: {'line': b'creating /home/cjayahansa/ros2N_ws/install/webots_ros2_tiago/share/webots_ros2_tiago/worlds\n'}
[58.113625] (webots_ros2_tiago) StdoutLine: {'line': b'symbolically linking /home/cjayahansa/ros2N_ws/build/webots_ros2_tiago/worlds/default.wbt -> /home/cjayahansa/ros2N_ws/install/webots_ros2_tiago/share/webots_ros2_tiago/worlds\n'}
[58.113701] (webots_ros2_tiago) StdoutLine: {'line': b'symbolically linking /home/cjayahansa/ros2N_ws/build/webots_ros2_tiago/worlds/.default.wbproj -> /home/cjayahansa/ros2N_ws/install/webots_ros2_tiago/share/webots_ros2_tiago/worlds\n'}
[58.113801] (webots_ros2_tiago) StdoutLine: {'line': b'symbolically linking /home/cjayahansa/ros2N_ws/build/webots_ros2_tiago/worlds/default_bringup.wbt -> /home/cjayahansa/ros2N_ws/install/webots_ros2_tiago/share/webots_ros2_tiago/worlds\n'}
[58.113916] (webots_ros2_tiago) StdoutLine: {'line': b'symbolically linking /home/cjayahansa/ros2N_ws/build/webots_ros2_tiago/worlds/.default_bringup.wbproj -> /home/cjayahansa/ros2N_ws/install/webots_ros2_tiago/share/webots_ros2_tiago/worlds\n'}
[58.140748] (webots_ros2_universal_robot) StdoutLine: {'line': b'running egg_info\n'}
[58.140995] (webots_ros2_universal_robot) StdoutLine: {'line': b'creating webots_ros2_universal_robot.egg-info\n'}
[58.141258] (webots_ros2_universal_robot) StdoutLine: {'line': b'writing webots_ros2_universal_robot.egg-info/PKG-INFO\n'}
[58.141797] (webots_ros2_universal_robot) StdoutLine: {'line': b'writing dependency_links to webots_ros2_universal_robot.egg-info/dependency_links.txt\n'}
[58.142056] (webots_ros2_universal_robot) StdoutLine: {'line': b'writing entry points to webots_ros2_universal_robot.egg-info/entry_points.txt\n'}
[58.142204] (webots_ros2_universal_robot) StdoutLine: {'line': b'writing requirements to webots_ros2_universal_robot.egg-info/requires.txt\n'}
[58.142305] (webots_ros2_universal_robot) StdoutLine: {'line': b'writing top-level names to webots_ros2_universal_robot.egg-info/top_level.txt\n'}
[58.142975] (webots_ros2_universal_robot) StdoutLine: {'line': b"writing manifest file 'webots_ros2_universal_robot.egg-info/SOURCES.txt'\n"}
[58.147656] (webots_ros2_universal_robot) StdoutLine: {'line': b"reading manifest file 'webots_ros2_universal_robot.egg-info/SOURCES.txt'\n"}
[58.149734] (webots_ros2_universal_robot) StdoutLine: {'line': b"writing manifest file 'webots_ros2_universal_robot.egg-info/SOURCES.txt'\n"}
[58.152808] (webots_ros2_universal_robot) StdoutLine: {'line': b'running build_ext\n'}
[58.153095] (webots_ros2_universal_robot) StdoutLine: {'line': b'Creating /home/cjayahansa/ros2N_ws/install/webots_ros2_universal_robot/lib/python3.10/site-packages/webots-ros2-universal-robot.egg-link (link to .)\n'}
[58.154486] (webots_ros2_universal_robot) StdoutLine: {'line': b'Installing abb_controller script to /home/cjayahansa/ros2N_ws/install/webots_ros2_universal_robot/lib/webots_ros2_universal_robot\n'}
[58.155564] (webots_ros2_epuck) CommandEnded: {'returncode': 0}
[58.156675] (webots_ros2_universal_robot) StdoutLine: {'line': b'Installing ur5e_controller script to /home/cjayahansa/ros2N_ws/install/webots_ros2_universal_robot/lib/webots_ros2_universal_robot\n'}
[58.156774] (webots_ros2_universal_robot) StdoutLine: {'line': b'\n'}
[58.156832] (webots_ros2_universal_robot) StdoutLine: {'line': b'Installed /home/cjayahansa/ros2N_ws/build/webots_ros2_universal_robot\n'}
[58.156977] (webots_ros2_universal_robot) StdoutLine: {'line': b'running symlink_data\n'}
[58.157028] (webots_ros2_universal_robot) StdoutLine: {'line': b'creating /home/cjayahansa/ros2N_ws/install/webots_ros2_universal_robot/share/ament_index\n'}
[58.157073] (webots_ros2_universal_robot) StdoutLine: {'line': b'creating /home/cjayahansa/ros2N_ws/install/webots_ros2_universal_robot/share/ament_index/resource_index\n'}
[58.157129] (webots_ros2_universal_robot) StdoutLine: {'line': b'creating /home/cjayahansa/ros2N_ws/install/webots_ros2_universal_robot/share/ament_index/resource_index/packages\n'}
[58.157176] (webots_ros2_universal_robot) StdoutLine: {'line': b'symbolically linking /home/cjayahansa/ros2N_ws/build/webots_ros2_universal_robot/resource/webots_ros2_universal_robot -> /home/cjayahansa/ros2N_ws/install/webots_ros2_universal_robot/share/ament_index/resource_index/packages\n'}
[58.157223] (webots_ros2_universal_robot) StdoutLine: {'line': b'creating /home/cjayahansa/ros2N_ws/install/webots_ros2_universal_robot/share/webots_ros2_universal_robot/launch\n'}
[58.157268] (webots_ros2_universal_robot) StdoutLine: {'line': b'symbolically linking /home/cjayahansa/ros2N_ws/build/webots_ros2_universal_robot/launch/robot_launch/robot_nodes_launch.py -> /home/cjayahansa/ros2N_ws/install/webots_ros2_universal_robot/share/webots_ros2_universal_robot/launch\n'}
[58.157313] (webots_ros2_universal_robot) StdoutLine: {'line': b'symbolically linking /home/cjayahansa/ros2N_ws/build/webots_ros2_universal_robot/launch/robot_launch/robot_world_launch.py -> /home/cjayahansa/ros2N_ws/install/webots_ros2_universal_robot/share/webots_ros2_universal_robot/launch\n'}
[58.157362] (webots_ros2_universal_robot) StdoutLine: {'line': b'symbolically linking /home/cjayahansa/ros2N_ws/build/webots_ros2_universal_robot/launch/robot_launch/robot_moveit_nodes_launch.py -> /home/cjayahansa/ros2N_ws/install/webots_ros2_universal_robot/share/webots_ros2_universal_robot/launch\n'}
[58.157409] (webots_ros2_universal_robot) StdoutLine: {'line': b'symbolically linking /home/cjayahansa/ros2N_ws/build/webots_ros2_universal_robot/launch/multirobot_launch.py -> /home/cjayahansa/ros2N_ws/install/webots_ros2_universal_robot/share/webots_ros2_universal_robot/launch\n'}
[58.157453] (webots_ros2_universal_robot) StdoutLine: {'line': b'creating /home/cjayahansa/ros2N_ws/install/webots_ros2_universal_robot/share/webots_ros2_universal_robot/worlds\n'}
[58.157503] (webots_ros2_universal_robot) StdoutLine: {'line': b'symbolically linking /home/cjayahansa/ros2N_ws/build/webots_ros2_universal_robot/worlds/universal_robot.wbt -> /home/cjayahansa/ros2N_ws/install/webots_ros2_universal_robot/share/webots_ros2_universal_robot/worlds\n'}
[58.157548] (webots_ros2_universal_robot) StdoutLine: {'line': b'symbolically linking /home/cjayahansa/ros2N_ws/build/webots_ros2_universal_robot/worlds/.universal_robot.wbproj -> /home/cjayahansa/ros2N_ws/install/webots_ros2_universal_robot/share/webots_ros2_universal_robot/worlds\n'}
[58.157728] (webots_ros2_universal_robot) StdoutLine: {'line': b'symbolically linking /home/cjayahansa/ros2N_ws/build/webots_ros2_universal_robot/worlds/robotic_arms.wbt -> /home/cjayahansa/ros2N_ws/install/webots_ros2_universal_robot/share/webots_ros2_universal_robot/worlds\n'}
[58.157802] (webots_ros2_universal_robot) StdoutLine: {'line': b'symbolically linking /home/cjayahansa/ros2N_ws/build/webots_ros2_universal_robot/worlds/.robotic_arms.wbproj -> /home/cjayahansa/ros2N_ws/install/webots_ros2_universal_robot/share/webots_ros2_universal_robot/worlds\n'}
[58.157854] (webots_ros2_universal_robot) StdoutLine: {'line': b'symbolically linking /home/cjayahansa/ros2N_ws/build/webots_ros2_universal_robot/package.xml -> /home/cjayahansa/ros2N_ws/install/webots_ros2_universal_robot/share/webots_ros2_universal_robot\n'}
[58.157914] (webots_ros2_universal_robot) StdoutLine: {'line': b'creating /home/cjayahansa/ros2N_ws/install/webots_ros2_universal_robot/share/webots_ros2_universal_robot/resource\n'}
[58.158179] (webots_ros2_universal_robot) StdoutLine: {'line': b'symbolically linking /home/cjayahansa/ros2N_ws/build/webots_ros2_universal_robot/resource/ur5e_with_gripper.urdf.xacro -> /home/cjayahansa/ros2N_ws/install/webots_ros2_universal_robot/share/webots_ros2_universal_robot/resource\n'}
[58.158387] (webots_ros2_universal_robot) StdoutLine: {'line': b'symbolically linking /home/cjayahansa/ros2N_ws/build/webots_ros2_universal_robot/resource/ros2_control_config.yaml -> /home/cjayahansa/ros2N_ws/install/webots_ros2_universal_robot/share/webots_ros2_universal_robot/resource\n'}
[58.158446] (webots_ros2_universal_robot) StdoutLine: {'line': b'symbolically linking /home/cjayahansa/ros2N_ws/build/webots_ros2_universal_robot/resource/ur5e_with_gripper.urdf -> /home/cjayahansa/ros2N_ws/install/webots_ros2_universal_robot/share/webots_ros2_universal_robot/resource\n'}
[58.158498] (webots_ros2_universal_robot) StdoutLine: {'line': b'symbolically linking /home/cjayahansa/ros2N_ws/build/webots_ros2_universal_robot/resource/webots_abb_description.urdf -> /home/cjayahansa/ros2N_ws/install/webots_ros2_universal_robot/share/webots_ros2_universal_robot/resource\n'}
[58.158549] (webots_ros2_universal_robot) StdoutLine: {'line': b'symbolically linking /home/cjayahansa/ros2N_ws/build/webots_ros2_universal_robot/resource/moveit_kinematics.yaml -> /home/cjayahansa/ros2N_ws/install/webots_ros2_universal_robot/share/webots_ros2_universal_robot/resource\n'}
[58.158683] (webots_ros2_universal_robot) StdoutLine: {'line': b'symbolically linking /home/cjayahansa/ros2N_ws/build/webots_ros2_universal_robot/resource/ros2_control_abb_config.yaml -> /home/cjayahansa/ros2N_ws/install/webots_ros2_universal_robot/share/webots_ros2_universal_robot/resource\n'}
[58.158791] (webots_ros2_universal_robot) StdoutLine: {'line': b'symbolically linking /home/cjayahansa/ros2N_ws/build/webots_ros2_universal_robot/resource/moveit_ur5e.srdf -> /home/cjayahansa/ros2N_ws/install/webots_ros2_universal_robot/share/webots_ros2_universal_robot/resource\n'}
[58.158850] (webots_ros2_universal_robot) StdoutLine: {'line': b'symbolically linking /home/cjayahansa/ros2N_ws/build/webots_ros2_universal_robot/resource/moveit_movegroup.yaml -> /home/cjayahansa/ros2N_ws/install/webots_ros2_universal_robot/share/webots_ros2_universal_robot/resource\n'}
[58.158980] (webots_ros2_universal_robot) StdoutLine: {'line': b'symbolically linking /home/cjayahansa/ros2N_ws/build/webots_ros2_universal_robot/resource/moveit_visualization.rviz -> /home/cjayahansa/ros2N_ws/install/webots_ros2_universal_robot/share/webots_ros2_universal_robot/resource\n'}
[58.159031] (webots_ros2_universal_robot) StdoutLine: {'line': b'symbolically linking /home/cjayahansa/ros2N_ws/build/webots_ros2_universal_robot/resource/moveit_controllers.yaml -> /home/cjayahansa/ros2N_ws/install/webots_ros2_universal_robot/share/webots_ros2_universal_robot/resource\n'}
[58.159085] (webots_ros2_universal_robot) StdoutLine: {'line': b'creating /home/cjayahansa/ros2N_ws/install/webots_ros2_universal_robot/share/webots_ros2_universal_robot/resource/Universal_Robots_ROS2_Driver\n'}
[58.159138] (webots_ros2_universal_robot) StdoutLine: {'line': b'creating /home/cjayahansa/ros2N_ws/install/webots_ros2_universal_robot/share/webots_ros2_universal_robot/resource/Universal_Robots_ROS2_Driver/ur_description\n'}
[58.159191] (webots_ros2_universal_robot) StdoutLine: {'line': b'creating /home/cjayahansa/ros2N_ws/install/webots_ros2_universal_robot/share/webots_ros2_universal_robot/resource/Universal_Robots_ROS2_Driver/ur_description/config\n'}
[58.159241] (webots_ros2_universal_robot) StdoutLine: {'line': b'symbolically linking /home/cjayahansa/ros2N_ws/build/webots_ros2_universal_robot/resource/Universal_Robots_ROS2_Driver/ur_description/config/initial_positions.yaml -> /home/cjayahansa/ros2N_ws/install/webots_ros2_universal_robot/share/webots_ros2_universal_robot/resource/Universal_Robots_ROS2_Driver/ur_description/config\n'}
[58.159510] (webots_ros2_universal_robot) StdoutLine: {'line': b'creating /home/cjayahansa/ros2N_ws/install/webots_ros2_universal_robot/share/webots_ros2_universal_robot/resource/Universal_Robots_ROS2_Driver/ur_description/config/ur5e\n'}
[58.159567] (webots_ros2_universal_robot) StdoutLine: {'line': b'symbolically linking /home/cjayahansa/ros2N_ws/build/webots_ros2_universal_robot/resource/Universal_Robots_ROS2_Driver/ur_description/config/ur5e/joint_limits.yaml -> /home/cjayahansa/ros2N_ws/install/webots_ros2_universal_robot/share/webots_ros2_universal_robot/resource/Universal_Robots_ROS2_Driver/ur_description/config/ur5e\n'}
[58.159723] (webots_ros2_universal_robot) StdoutLine: {'line': b'symbolically linking /home/cjayahansa/ros2N_ws/build/webots_ros2_universal_robot/resource/Universal_Robots_ROS2_Driver/ur_description/config/ur5e/visual_parameters.yaml -> /home/cjayahansa/ros2N_ws/install/webots_ros2_universal_robot/share/webots_ros2_universal_robot/resource/Universal_Robots_ROS2_Driver/ur_description/config/ur5e\n'}
[58.160142] (webots_ros2_universal_robot) StdoutLine: {'line': b'symbolically linking /home/cjayahansa/ros2N_ws/build/webots_ros2_universal_robot/resource/Universal_Robots_ROS2_Driver/ur_description/config/ur5e/physical_parameters.yaml -> /home/cjayahansa/ros2N_ws/install/webots_ros2_universal_robot/share/webots_ros2_universal_robot/resource/Universal_Robots_ROS2_Driver/ur_description/config/ur5e\n'}
[58.160924] (webots_ros2_universal_robot) StdoutLine: {'line': b'symbolically linking /home/cjayahansa/ros2N_ws/build/webots_ros2_universal_robot/resource/Universal_Robots_ROS2_Driver/ur_description/config/ur5e/default_kinematics.yaml -> /home/cjayahansa/ros2N_ws/install/webots_ros2_universal_robot/share/webots_ros2_universal_robot/resource/Universal_Robots_ROS2_Driver/ur_description/config/ur5e\n'}
[58.161093] (webots_ros2_universal_robot) StdoutLine: {'line': b'creating /home/cjayahansa/ros2N_ws/install/webots_ros2_universal_robot/share/webots_ros2_universal_robot/resource/Universal_Robots_ROS2_Driver/ur_description/urdf\n'}
[58.161180] (webots_ros2_universal_robot) StdoutLine: {'line': b'symbolically linking /home/cjayahansa/ros2N_ws/build/webots_ros2_universal_robot/resource/Universal_Robots_ROS2_Driver/ur_description/urdf/ur_macro.xacro -> /home/cjayahansa/ros2N_ws/install/webots_ros2_universal_robot/share/webots_ros2_universal_robot/resource/Universal_Robots_ROS2_Driver/ur_description/urdf\n'}
[58.161299] (webots_ros2_universal_robot) StdoutLine: {'line': b'symbolically linking /home/cjayahansa/ros2N_ws/build/webots_ros2_universal_robot/resource/Universal_Robots_ROS2_Driver/ur_description/urdf/ur.urdf.xacro -> /home/cjayahansa/ros2N_ws/install/webots_ros2_universal_robot/share/webots_ros2_universal_robot/resource/Universal_Robots_ROS2_Driver/ur_description/urdf\n'}
[58.161355] (webots_ros2_universal_robot) StdoutLine: {'line': b'symbolically linking /home/cjayahansa/ros2N_ws/build/webots_ros2_universal_robot/resource/Universal_Robots_ROS2_Driver/ur_description/urdf/ur.ros2_control.xacro -> /home/cjayahansa/ros2N_ws/install/webots_ros2_universal_robot/share/webots_ros2_universal_robot/resource/Universal_Robots_ROS2_Driver/ur_description/urdf\n'}
[58.161409] (webots_ros2_universal_robot) StdoutLine: {'line': b'creating /home/cjayahansa/ros2N_ws/install/webots_ros2_universal_robot/share/webots_ros2_universal_robot/resource/Universal_Robots_ROS2_Driver/ur_description/urdf/inc\n'}
[58.161458] (webots_ros2_universal_robot) StdoutLine: {'line': b'symbolically linking /home/cjayahansa/ros2N_ws/build/webots_ros2_universal_robot/resource/Universal_Robots_ROS2_Driver/ur_description/urdf/inc/ur_common.xacro -> /home/cjayahansa/ros2N_ws/install/webots_ros2_universal_robot/share/webots_ros2_universal_robot/resource/Universal_Robots_ROS2_Driver/ur_description/urdf/inc\n'}
[58.161507] (webots_ros2_universal_robot) StdoutLine: {'line': b'symbolically linking /home/cjayahansa/ros2N_ws/build/webots_ros2_universal_robot/resource/Universal_Robots_ROS2_Driver/ur_description/urdf/inc/ur_transmissions.xacro -> /home/cjayahansa/ros2N_ws/install/webots_ros2_universal_robot/share/webots_ros2_universal_robot/resource/Universal_Robots_ROS2_Driver/ur_description/urdf/inc\n'}
[58.161577] (webots_ros2_universal_robot) StdoutLine: {'line': b'creating /home/cjayahansa/ros2N_ws/install/webots_ros2_universal_robot/share/webots_ros2_universal_robot/resource/Universal_Robots_ROS2_Driver/ur_description/meshes\n'}
[58.161632] (webots_ros2_universal_robot) StdoutLine: {'line': b'creating /home/cjayahansa/ros2N_ws/install/webots_ros2_universal_robot/share/webots_ros2_universal_robot/resource/Universal_Robots_ROS2_Driver/ur_description/meshes/ur5e\n'}
[58.161683] (webots_ros2_universal_robot) StdoutLine: {'line': b'creating /home/cjayahansa/ros2N_ws/install/webots_ros2_universal_robot/share/webots_ros2_universal_robot/resource/Universal_Robots_ROS2_Driver/ur_description/meshes/ur5e/visual\n'}
[58.161736] (webots_ros2_universal_robot) StdoutLine: {'line': b'symbolically linking /home/cjayahansa/ros2N_ws/build/webots_ros2_universal_robot/resource/Universal_Robots_ROS2_Driver/ur_description/meshes/ur5e/visual/upperarm.dae -> /home/cjayahansa/ros2N_ws/install/webots_ros2_universal_robot/share/webots_ros2_universal_robot/resource/Universal_Robots_ROS2_Driver/ur_description/meshes/ur5e/visual\n'}
[58.161790] (webots_ros2_universal_robot) StdoutLine: {'line': b'symbolically linking /home/cjayahansa/ros2N_ws/build/webots_ros2_universal_robot/resource/Universal_Robots_ROS2_Driver/ur_description/meshes/ur5e/visual/wrist1.dae -> /home/cjayahansa/ros2N_ws/install/webots_ros2_universal_robot/share/webots_ros2_universal_robot/resource/Universal_Robots_ROS2_Driver/ur_description/meshes/ur5e/visual\n'}
[58.161841] (webots_ros2_universal_robot) StdoutLine: {'line': b'symbolically linking /home/cjayahansa/ros2N_ws/build/webots_ros2_universal_robot/resource/Universal_Robots_ROS2_Driver/ur_description/meshes/ur5e/visual/shoulder.dae -> /home/cjayahansa/ros2N_ws/install/webots_ros2_universal_robot/share/webots_ros2_universal_robot/resource/Universal_Robots_ROS2_Driver/ur_description/meshes/ur5e/visual\n'}
[58.161996] (webots_ros2_universal_robot) StdoutLine: {'line': b'symbolically linking /home/cjayahansa/ros2N_ws/build/webots_ros2_universal_robot/resource/Universal_Robots_ROS2_Driver/ur_description/meshes/ur5e/visual/wrist3.dae -> /home/cjayahansa/ros2N_ws/install/webots_ros2_universal_robot/share/webots_ros2_universal_robot/resource/Universal_Robots_ROS2_Driver/ur_description/meshes/ur5e/visual\n'}
[58.162749] (webots_ros2_universal_robot) StdoutLine: {'line': b'symbolically linking /home/cjayahansa/ros2N_ws/build/webots_ros2_universal_robot/resource/Universal_Robots_ROS2_Driver/ur_description/meshes/ur5e/visual/wrist2.dae -> /home/cjayahansa/ros2N_ws/install/webots_ros2_universal_robot/share/webots_ros2_universal_robot/resource/Universal_Robots_ROS2_Driver/ur_description/meshes/ur5e/visual\n'}
[58.162831] (webots_ros2_universal_robot) StdoutLine: {'line': b'symbolically linking /home/cjayahansa/ros2N_ws/build/webots_ros2_universal_robot/resource/Universal_Robots_ROS2_Driver/ur_description/meshes/ur5e/visual/forearm.dae -> /home/cjayahansa/ros2N_ws/install/webots_ros2_universal_robot/share/webots_ros2_universal_robot/resource/Universal_Robots_ROS2_Driver/ur_description/meshes/ur5e/visual\n'}
[58.163368] (webots_ros2_universal_robot) StdoutLine: {'line': b'symbolically linking /home/cjayahansa/ros2N_ws/build/webots_ros2_universal_robot/resource/Universal_Robots_ROS2_Driver/ur_description/meshes/ur5e/visual/base.dae -> /home/cjayahansa/ros2N_ws/install/webots_ros2_universal_robot/share/webots_ros2_universal_robot/resource/Universal_Robots_ROS2_Driver/ur_description/meshes/ur5e/visual\n'}
[58.163585] (webots_ros2_universal_robot) StdoutLine: {'line': b'creating /home/cjayahansa/ros2N_ws/install/webots_ros2_universal_robot/share/webots_ros2_universal_robot/resource/Universal_Robots_ROS2_Driver/ur_description/meshes/ur5e/collision\n'}
[58.163649] (webots_ros2_universal_robot) StdoutLine: {'line': b'symbolically linking /home/cjayahansa/ros2N_ws/build/webots_ros2_universal_robot/resource/Universal_Robots_ROS2_Driver/ur_description/meshes/ur5e/collision/forearm.stl -> /home/cjayahansa/ros2N_ws/install/webots_ros2_universal_robot/share/webots_ros2_universal_robot/resource/Universal_Robots_ROS2_Driver/ur_description/meshes/ur5e/collision\n'}
[58.163759] (webots_ros2_universal_robot) StdoutLine: {'line': b'symbolically linking /home/cjayahansa/ros2N_ws/build/webots_ros2_universal_robot/resource/Universal_Robots_ROS2_Driver/ur_description/meshes/ur5e/collision/wrist2.stl -> /home/cjayahansa/ros2N_ws/install/webots_ros2_universal_robot/share/webots_ros2_universal_robot/resource/Universal_Robots_ROS2_Driver/ur_description/meshes/ur5e/collision\n'}
[58.163816] (webots_ros2_universal_robot) StdoutLine: {'line': b'symbolically linking /home/cjayahansa/ros2N_ws/build/webots_ros2_universal_robot/resource/Universal_Robots_ROS2_Driver/ur_description/meshes/ur5e/collision/base.stl -> /home/cjayahansa/ros2N_ws/install/webots_ros2_universal_robot/share/webots_ros2_universal_robot/resource/Universal_Robots_ROS2_Driver/ur_description/meshes/ur5e/collision\n'}
[58.163867] (webots_ros2_universal_robot) StdoutLine: {'line': b'symbolically linking /home/cjayahansa/ros2N_ws/build/webots_ros2_universal_robot/resource/Universal_Robots_ROS2_Driver/ur_description/meshes/ur5e/collision/shoulder.stl -> /home/cjayahansa/ros2N_ws/install/webots_ros2_universal_robot/share/webots_ros2_universal_robot/resource/Universal_Robots_ROS2_Driver/ur_description/meshes/ur5e/collision\n'}
[58.163931] (webots_ros2_universal_robot) StdoutLine: {'line': b'symbolically linking /home/cjayahansa/ros2N_ws/build/webots_ros2_universal_robot/resource/Universal_Robots_ROS2_Driver/ur_description/meshes/ur5e/collision/wrist1.stl -> /home/cjayahansa/ros2N_ws/install/webots_ros2_universal_robot/share/webots_ros2_universal_robot/resource/Universal_Robots_ROS2_Driver/ur_description/meshes/ur5e/collision\n'}
[58.163981] (webots_ros2_universal_robot) StdoutLine: {'line': b'symbolically linking /home/cjayahansa/ros2N_ws/build/webots_ros2_universal_robot/resource/Universal_Robots_ROS2_Driver/ur_description/meshes/ur5e/collision/upperarm.stl -> /home/cjayahansa/ros2N_ws/install/webots_ros2_universal_robot/share/webots_ros2_universal_robot/resource/Universal_Robots_ROS2_Driver/ur_description/meshes/ur5e/collision\n'}
[58.164035] (webots_ros2_universal_robot) StdoutLine: {'line': b'symbolically linking /home/cjayahansa/ros2N_ws/build/webots_ros2_universal_robot/resource/Universal_Robots_ROS2_Driver/ur_description/meshes/ur5e/collision/wrist3.stl -> /home/cjayahansa/ros2N_ws/install/webots_ros2_universal_robot/share/webots_ros2_universal_robot/resource/Universal_Robots_ROS2_Driver/ur_description/meshes/ur5e/collision\n'}
[58.164085] (webots_ros2_universal_robot) StdoutLine: {'line': b'creating /home/cjayahansa/ros2N_ws/install/webots_ros2_universal_robot/share/webots_ros2_universal_robot/resource/robotiq\n'}
[58.164134] (webots_ros2_universal_robot) StdoutLine: {'line': b'creating /home/cjayahansa/ros2N_ws/install/webots_ros2_universal_robot/share/webots_ros2_universal_robot/resource/robotiq/robotiq_3f_gripper_visualization\n'}
[58.164187] (webots_ros2_universal_robot) StdoutLine: {'line': b'creating /home/cjayahansa/ros2N_ws/install/webots_ros2_universal_robot/share/webots_ros2_universal_robot/resource/robotiq/robotiq_3f_gripper_visualization/cfg\n'}
[58.164234] (webots_ros2_universal_robot) StdoutLine: {'line': b'symbolically linking /home/cjayahansa/ros2N_ws/build/webots_ros2_universal_robot/resource/robotiq/robotiq_3f_gripper_visualization/cfg/robotiq-3f-gripper_finger_articulated_macro.xacro -> /home/cjayahansa/ros2N_ws/install/webots_ros2_universal_robot/share/webots_ros2_universal_robot/resource/robotiq/robotiq_3f_gripper_visualization/cfg\n'}
[58.164427] (webots_ros2_universal_robot) StdoutLine: {'line': b'symbolically linking /home/cjayahansa/ros2N_ws/build/webots_ros2_universal_robot/resource/robotiq/robotiq_3f_gripper_visualization/cfg/robotiq-3f-gripper_articulated_macro.xacro -> /home/cjayahansa/ros2N_ws/install/webots_ros2_universal_robot/share/webots_ros2_universal_robot/resource/robotiq/robotiq_3f_gripper_visualization/cfg\n'}
[58.164512] (webots_ros2_universal_robot) StdoutLine: {'line': b'creating /home/cjayahansa/ros2N_ws/install/webots_ros2_universal_robot/share/webots_ros2_universal_robot/resource/robotiq/robotiq_3f_gripper_visualization/meshes\n'}
[58.164640] (webots_ros2_universal_robot) StdoutLine: {'line': b'creating /home/cjayahansa/ros2N_ws/install/webots_ros2_universal_robot/share/webots_ros2_universal_robot/resource/robotiq/robotiq_3f_gripper_visualization/meshes/robotiq-3f-gripper_articulated\n'}
[58.164694] (webots_ros2_universal_robot) StdoutLine: {'line': b'creating /home/cjayahansa/ros2N_ws/install/webots_ros2_universal_robot/share/webots_ros2_universal_robot/resource/robotiq/robotiq_3f_gripper_visualization/meshes/robotiq-3f-gripper_articulated/visual\n'}
[58.164743] (webots_ros2_universal_robot) StdoutLine: {'line': b'symbolically linking /home/cjayahansa/ros2N_ws/build/webots_ros2_universal_robot/resource/robotiq/robotiq_3f_gripper_visualization/meshes/robotiq-3f-gripper_articulated/visual/link_3.dae -> /home/cjayahansa/ros2N_ws/install/webots_ros2_universal_robot/share/webots_ros2_universal_robot/resource/robotiq/robotiq_3f_gripper_visualization/meshes/robotiq-3f-gripper_articulated/visual\n'}
[58.164793] (webots_ros2_universal_robot) StdoutLine: {'line': b'symbolically linking /home/cjayahansa/ros2N_ws/build/webots_ros2_universal_robot/resource/robotiq/robotiq_3f_gripper_visualization/meshes/robotiq-3f-gripper_articulated/visual/link_1.dae -> /home/cjayahansa/ros2N_ws/install/webots_ros2_universal_robot/share/webots_ros2_universal_robot/resource/robotiq/robotiq_3f_gripper_visualization/meshes/robotiq-3f-gripper_articulated/visual\n'}
[58.164841] (webots_ros2_universal_robot) StdoutLine: {'line': b'symbolically linking /home/cjayahansa/ros2N_ws/build/webots_ros2_universal_robot/resource/robotiq/robotiq_3f_gripper_visualization/meshes/robotiq-3f-gripper_articulated/visual/link_0.dae -> /home/cjayahansa/ros2N_ws/install/webots_ros2_universal_robot/share/webots_ros2_universal_robot/resource/robotiq/robotiq_3f_gripper_visualization/meshes/robotiq-3f-gripper_articulated/visual\n'}
[58.164901] (webots_ros2_universal_robot) StdoutLine: {'line': b'symbolically linking /home/cjayahansa/ros2N_ws/build/webots_ros2_universal_robot/resource/robotiq/robotiq_3f_gripper_visualization/meshes/robotiq-3f-gripper_articulated/visual/palm.dae -> /home/cjayahansa/ros2N_ws/install/webots_ros2_universal_robot/share/webots_ros2_universal_robot/resource/robotiq/robotiq_3f_gripper_visualization/meshes/robotiq-3f-gripper_articulated/visual\n'}
[58.164955] (webots_ros2_universal_robot) StdoutLine: {'line': b'symbolically linking /home/cjayahansa/ros2N_ws/build/webots_ros2_universal_robot/resource/robotiq/robotiq_3f_gripper_visualization/meshes/robotiq-3f-gripper_articulated/visual/link_2.dae -> /home/cjayahansa/ros2N_ws/install/webots_ros2_universal_robot/share/webots_ros2_universal_robot/resource/robotiq/robotiq_3f_gripper_visualization/meshes/robotiq-3f-gripper_articulated/visual\n'}
[58.165007] (webots_ros2_universal_robot) StdoutLine: {'line': b'creating /home/cjayahansa/ros2N_ws/install/webots_ros2_universal_robot/share/webots_ros2_universal_robot/resource/robotiq/robotiq_3f_gripper_visualization/meshes/robotiq-3f-gripper_articulated/collision\n'}
[58.165057] (webots_ros2_universal_robot) StdoutLine: {'line': b'symbolically linking /home/cjayahansa/ros2N_ws/build/webots_ros2_universal_robot/resource/robotiq/robotiq_3f_gripper_visualization/meshes/robotiq-3f-gripper_articulated/collision/link_1.STL -> /home/cjayahansa/ros2N_ws/install/webots_ros2_universal_robot/share/webots_ros2_universal_robot/resource/robotiq/robotiq_3f_gripper_visualization/meshes/robotiq-3f-gripper_articulated/collision\n'}
[58.165108] (webots_ros2_universal_robot) StdoutLine: {'line': b'symbolically linking /home/cjayahansa/ros2N_ws/build/webots_ros2_universal_robot/resource/robotiq/robotiq_3f_gripper_visualization/meshes/robotiq-3f-gripper_articulated/collision/palm.STL -> /home/cjayahansa/ros2N_ws/install/webots_ros2_universal_robot/share/webots_ros2_universal_robot/resource/robotiq/robotiq_3f_gripper_visualization/meshes/robotiq-3f-gripper_articulated/collision\n'}
[58.165169] (webots_ros2_universal_robot) StdoutLine: {'line': b'symbolically linking /home/cjayahansa/ros2N_ws/build/webots_ros2_universal_robot/resource/robotiq/robotiq_3f_gripper_visualization/meshes/robotiq-3f-gripper_articulated/collision/link_3.STL -> /home/cjayahansa/ros2N_ws/install/webots_ros2_universal_robot/share/webots_ros2_universal_robot/resource/robotiq/robotiq_3f_gripper_visualization/meshes/robotiq-3f-gripper_articulated/collision\n'}
[58.165266] (webots_ros2_universal_robot) StdoutLine: {'line': b'symbolically linking /home/cjayahansa/ros2N_ws/build/webots_ros2_universal_robot/resource/robotiq/robotiq_3f_gripper_visualization/meshes/robotiq-3f-gripper_articulated/collision/link_2.STL -> /home/cjayahansa/ros2N_ws/install/webots_ros2_universal_robot/share/webots_ros2_universal_robot/resource/robotiq/robotiq_3f_gripper_visualization/meshes/robotiq-3f-gripper_articulated/collision\n'}
[58.165338] (webots_ros2_universal_robot) StdoutLine: {'line': b'symbolically linking /home/cjayahansa/ros2N_ws/build/webots_ros2_universal_robot/resource/robotiq/robotiq_3f_gripper_visualization/meshes/robotiq-3f-gripper_articulated/collision/link_0.STL -> /home/cjayahansa/ros2N_ws/install/webots_ros2_universal_robot/share/webots_ros2_universal_robot/resource/robotiq/robotiq_3f_gripper_visualization/meshes/robotiq-3f-gripper_articulated/collision\n'}
[58.170391] (webots_ros2_epuck) JobEnded: {'identifier': 'webots_ros2_epuck', 'rc': 0}
[58.172322] (webots_ros2_turtlebot) CommandEnded: {'returncode': 0}
[58.178796] (webots_ros2_turtlebot) JobEnded: {'identifier': 'webots_ros2_turtlebot', 'rc': 0}
[58.180217] (webots_ros2_husarion) CommandEnded: {'returncode': 0}
[58.189833] (webots_ros2_husarion) JobEnded: {'identifier': 'webots_ros2_husarion', 'rc': 0}
[58.190981] (-) TimerEvent: {}
[58.197047] (webots_ros2_tiago) CommandEnded: {'returncode': 0}
[58.208306] (webots_ros2_tiago) JobEnded: {'identifier': 'webots_ros2_tiago', 'rc': 0}
[58.223097] (webots_ros2_universal_robot) CommandEnded: {'returncode': 0}
[58.231109] (webots_ros2_universal_robot) JobEnded: {'identifier': 'webots_ros2_universal_robot', 'rc': 0}
[58.232068] (webots_ros2_tests) JobStarted: {'identifier': 'webots_ros2_tests'}
[58.291085] (-) TimerEvent: {}
[58.391395] (-) TimerEvent: {}
[58.491772] (-) TimerEvent: {}
[58.592196] (-) TimerEvent: {}
[58.692601] (-) TimerEvent: {}
[58.792991] (-) TimerEvent: {}
[58.893336] (-) TimerEvent: {}
[58.982777] (webots_ros2_tests) Command: {'cmd': ['/usr/bin/python3', '-W', 'ignore:setup.py install is deprecated', '-W', 'ignore:easy_install command is deprecated', 'setup.py', 'develop', '--editable', '--build-directory', '/home/cjayahansa/ros2N_ws/build/webots_ros2_tests/build', '--no-deps', 'symlink_data'], 'cwd': '/home/cjayahansa/ros2N_ws/build/webots_ros2_tests', 'env': {'LESSOPEN': '| /usr/bin/lesspipe %s', 'USER': 'cjayahansa', 'XDG_SESSION_TYPE': 'x11', 'SHLVL': '1', 'LD_LIBRARY_PATH': '/home/cjayahansa/ros2N_ws/install/webots_ros2_control/lib:/home/cjayahansa/ros2N_ws/install/webots_ros2_driver/lib:/home/cjayahansa/ros2N_ws/install/webots_ros2_msgs/lib:/opt/ros/humble/opt/rviz_ogre_vendor/lib:/opt/ros/humble/lib/x86_64-linux-gnu:/opt/ros/humble/lib', 'HOME': '/home/cjayahansa', 'OLDPWD': '/home/cjayahansa/ros2N_ws/src', 'DESKTOP_SESSION': 'pop', 'ROS_PYTHON_VERSION': '3', 'GNOME_SHELL_SESSION_MODE': 'pop', 'GTK_MODULES': 'gail:atk-bridge', 'PS1': '\\[\\033[01;36m\\]\\u@\\h\\[\\033[00m\\]:\\[\\033[01;34m\\]\\w\\[\\033[00m\\]$', 'SYSTEMD_EXEC_PID': '1818', 'DBUS_SESSION_BUS_ADDRESS': 'unix:path=/run/user/1000/bus', 'COLORTERM': 'truecolor', 'COLCON_PREFIX_PATH': '/home/cjayahansa/ros2N_ws/install:/home/cjayahansa/ros2_ws/install', 'ROS_DISTRO': 'humble', 'GTK_IM_MODULE': 'ibus', 'LOGNAME': 'cjayahansa', '_': '/usr/bin/colcon', 'ROS_VERSION': '2', 'XDG_SESSION_CLASS': 'user', 'USERNAME': 'cjayahansa', 'TERM': 'xterm-256color', 'GNOME_DESKTOP_SESSION_ID': 'this-is-deprecated', 'ROS_LOCALHOST_ONLY': '1', 'WINDOWPATH': '2', 'PATH': '/opt/ros/humble/bin:/home/cjayahansa/.local/bin:/usr/local/sbin:/usr/local/bin:/usr/sbin:/usr/bin:/sbin:/bin:/usr/games:/usr/local/games:/snap/bin', 'SESSION_MANAGER': 'local/pop-os:@/tmp/.ICE-unix/1790,unix/pop-os:/tmp/.ICE-unix/1790', 'XDG_MENU_PREFIX': 'gnome-', 'GNOME_TERMINAL_SCREEN': '/org/gnome/Terminal/screen/69401945_8890_4a44_bef3_4bbc698c193c', 'XDG_RUNTIME_DIR': '/run/user/1000', 'DISPLAY': ':1', 'LANG': 'en_US.UTF-8', 'XDG_CURRENT_DESKTOP': 'pop:GNOME', 'XMODIFIERS': '@im=ibus', 'XDG_SESSION_DESKTOP': 'pop', 'XAUTHORITY': '/run/user/1000/gdm/Xauthority', 'LS_COLORS': 'rs=0:di=01;34:ln=01;36:mh=00:pi=40;33:so=01;35:do=01;35:bd=40;33;01:cd=40;33;01:or=40;31;01:mi=00:su=37;41:sg=30;43:ca=30;41:tw=30;42:ow=34;42:st=37;44:ex=01;32:*.tar=01;31:*.tgz=01;31:*.arc=01;31:*.arj=01;31:*.taz=01;31:*.lha=01;31:*.lz4=01;31:*.lzh=01;31:*.lzma=01;31:*.tlz=01;31:*.txz=01;31:*.tzo=01;31:*.t7z=01;31:*.zip=01;31:*.z=01;31:*.dz=01;31:*.gz=01;31:*.lrz=01;31:*.lz=01;31:*.lzo=01;31:*.xz=01;31:*.zst=01;31:*.tzst=01;31:*.bz2=01;31:*.bz=01;31:*.tbz=01;31:*.tbz2=01;31:*.tz=01;31:*.deb=01;31:*.rpm=01;31:*.jar=01;31:*.war=01;31:*.ear=01;31:*.sar=01;31:*.rar=01;31:*.alz=01;31:*.ace=01;31:*.zoo=01;31:*.cpio=01;31:*.7z=01;31:*.rz=01;31:*.cab=01;31:*.wim=01;31:*.swm=01;31:*.dwm=01;31:*.esd=01;31:*.jpg=01;35:*.jpeg=01;35:*.mjpg=01;35:*.mjpeg=01;35:*.gif=01;35:*.bmp=01;35:*.pbm=01;35:*.pgm=01;35:*.ppm=01;35:*.tga=01;35:*.xbm=01;35:*.xpm=01;35:*.tif=01;35:*.tiff=01;35:*.png=01;35:*.svg=01;35:*.svgz=01;35:*.mng=01;35:*.pcx=01;35:*.mov=01;35:*.mpg=01;35:*.mpeg=01;35:*.m2v=01;35:*.mkv=01;35:*.webm=01;35:*.webp=01;35:*.ogm=01;35:*.mp4=01;35:*.m4v=01;35:*.mp4v=01;35:*.vob=01;35:*.qt=01;35:*.nuv=01;35:*.wmv=01;35:*.asf=01;35:*.rm=01;35:*.rmvb=01;35:*.flc=01;35:*.avi=01;35:*.fli=01;35:*.flv=01;35:*.gl=01;35:*.dl=01;35:*.xcf=01;35:*.xwd=01;35:*.yuv=01;35:*.cgm=01;35:*.emf=01;35:*.ogv=01;35:*.ogx=01;35:*.aac=00;36:*.au=00;36:*.flac=00;36:*.m4a=00;36:*.mid=00;36:*.midi=00;36:*.mka=00;36:*.mp3=00;36:*.mpc=00;36:*.ogg=00;36:*.ra=00;36:*.wav=00;36:*.oga=00;36:*.opus=00;36:*.spx=00;36:*.xspf=00;36:', 'GNOME_TERMINAL_SERVICE': ':1.119', 'SSH_AGENT_LAUNCHER': 'gnome-keyring', 'SSH_AUTH_SOCK': '/run/user/1000/keyring/ssh', 'ROS_DOMAIN_ID': '7', 'AMENT_PREFIX_PATH': '/home/cjayahansa/ros2N_ws/install/webots_ros2_universal_robot:/home/cjayahansa/ros2N_ws/install/webots_ros2_turtlebot:/home/cjayahansa/ros2N_ws/install/webots_ros2_tiago:/home/cjayahansa/ros2N_ws/install/webots_ros2_husarion:/home/cjayahansa/ros2N_ws/install/webots_ros2_epuck:/home/cjayahansa/ros2N_ws/install/webots_ros2_tesla:/home/cjayahansa/ros2N_ws/install/webots_ros2_mavic:/home/cjayahansa/ros2N_ws/install/webots_ros2_importer:/home/cjayahansa/ros2N_ws/install/webots_ros2:/home/cjayahansa/ros2N_ws/install/webots_ros2_tests:/home/cjayahansa/ros2N_ws/install/webots_ros2_crazyflie:/home/cjayahansa/ros2N_ws/install/webots_ros2_control:/home/cjayahansa/ros2N_ws/install/webots_ros2_driver:/home/cjayahansa/ros2N_ws/install/webots_ros2_msgs:/home/cjayahansa/ros2_ws/install/my_first_package:/opt/ros/humble', 'SHELL': '/bin/bash', 'QT_ACCESSIBILITY': '1', 'GDMSESSION': 'pop', 'LESSCLOSE': '/usr/bin/lesspipe %s %s', 'GPG_AGENT_INFO': '/run/user/1000/gnupg/S.gpg-agent:0:1', 'QT_IM_MODULE': 'ibus', 'PWD': '/home/cjayahansa/ros2N_ws/build/webots_ros2_tests', 'LC_ALL': 'en_US.UTF-8', 'XDG_CONFIG_DIRS': '/etc/xdg/xdg-pop:/etc/xdg', 'XDG_DATA_DIRS': '/usr/share/pop:/usr/share/gnome:/home/cjayahansa/.local/share/flatpak/exports/share:/var/lib/flatpak/exports/share:/usr/local/share/:/usr/share/', 'PYTHONPATH': '/home/cjayahansa/ros2N_ws/build/webots_ros2_tests/prefix_override:/usr/lib/python3/dist-packages/colcon_core/task/python/colcon_distutils_commands:/home/cjayahansa/ros2N_ws/install/webots_ros2_tests/lib/python3.10/site-packages:/home/cjayahansa/ros2N_ws/build/webots_ros2_universal_robot:/home/cjayahansa/ros2N_ws/install/webots_ros2_universal_robot/lib/python3.10/site-packages:/home/cjayahansa/ros2N_ws/build/webots_ros2_turtlebot:/home/cjayahansa/ros2N_ws/install/webots_ros2_turtlebot/lib/python3.10/site-packages:/home/cjayahansa/ros2N_ws/build/webots_ros2_tiago:/home/cjayahansa/ros2N_ws/install/webots_ros2_tiago/lib/python3.10/site-packages:/home/cjayahansa/ros2N_ws/build/webots_ros2_husarion:/home/cjayahansa/ros2N_ws/install/webots_ros2_husarion/lib/python3.10/site-packages:/home/cjayahansa/ros2N_ws/build/webots_ros2_epuck:/home/cjayahansa/ros2N_ws/install/webots_ros2_epuck/lib/python3.10/site-packages:/home/cjayahansa/ros2N_ws/build/webots_ros2_tesla:/home/cjayahansa/ros2N_ws/install/webots_ros2_tesla/lib/python3.10/site-packages:/home/cjayahansa/ros2N_ws/build/webots_ros2_mavic:/home/cjayahansa/ros2N_ws/install/webots_ros2_mavic/lib/python3.10/site-packages:/home/cjayahansa/ros2N_ws/build/webots_ros2_importer:/home/cjayahansa/ros2N_ws/install/webots_ros2_importer/lib/python3.10/site-packages:/home/cjayahansa/ros2N_ws/install/webots_ros2/lib/python3.10/site-packages:/home/cjayahansa/ros2N_ws/install/webots_ros2_tests/lib/python3.10/site-packages:/home/cjayahansa/ros2N_ws/install/webots_ros2_crazyflie/lib/python3.10/site-packages:/home/cjayahansa/ros2N_ws/install/webots_ros2_driver/local/lib/python3.10/dist-packages:/home/cjayahansa/ros2N_ws/install/webots_ros2_msgs/local/lib/python3.10/dist-packages:/home/cjayahansa/ros2_ws/install/my_first_package/lib/python3.10/site-packages:/opt/ros/humble/lib/python3.10/site-packages:/opt/ros/humble/local/lib/python3.10/dist-packages', 'COLCON': '1', 'VTE_VERSION': '6800', 'CMAKE_PREFIX_PATH': '/home/cjayahansa/ros2N_ws/install/webots_ros2_control:/home/cjayahansa/ros2N_ws/install/webots_ros2_driver:/home/cjayahansa/ros2N_ws/install/webots_ros2_msgs'}, 'shell': False}
[58.993491] (-) TimerEvent: {}
[59.093871] (-) TimerEvent: {}
[59.194230] (-) TimerEvent: {}
[59.253088] (webots_ros2_tests) StdoutLine: {'line': b'running develop\n'}
[59.294345] (-) TimerEvent: {}
[59.394662] (-) TimerEvent: {}
[59.447600] (webots_ros2_tests) StdoutLine: {'line': b'running egg_info\n'}
[59.447893] (webots_ros2_tests) StdoutLine: {'line': b'creating webots_ros2_tests.egg-info\n'}
[59.448060] (webots_ros2_tests) StdoutLine: {'line': b'writing webots_ros2_tests.egg-info/PKG-INFO\n'}
[59.448305] (webots_ros2_tests) StdoutLine: {'line': b'writing dependency_links to webots_ros2_tests.egg-info/dependency_links.txt\n'}
[59.448445] (webots_ros2_tests) StdoutLine: {'line': b'writing requirements to webots_ros2_tests.egg-info/requires.txt\n'}
[59.448492] (webots_ros2_tests) StdoutLine: {'line': b'writing top-level names to webots_ros2_tests.egg-info/top_level.txt\n'}
[59.448535] (webots_ros2_tests) StdoutLine: {'line': b"writing manifest file 'webots_ros2_tests.egg-info/SOURCES.txt'\n"}
[59.449892] (webots_ros2_tests) StdoutLine: {'line': b"reading manifest file 'webots_ros2_tests.egg-info/SOURCES.txt'\n"}
[59.450417] (webots_ros2_tests) StdoutLine: {'line': b"writing manifest file 'webots_ros2_tests.egg-info/SOURCES.txt'\n"}
[59.451900] (webots_ros2_tests) StdoutLine: {'line': b'running build_ext\n'}
[59.452077] (webots_ros2_tests) StdoutLine: {'line': b'Creating /home/cjayahansa/ros2N_ws/install/webots_ros2_tests/lib/python3.10/site-packages/webots-ros2-tests.egg-link (link to .)\n'}
[59.452717] (webots_ros2_tests) StdoutLine: {'line': b'\n'}
[59.452813] (webots_ros2_tests) StdoutLine: {'line': b'Installed /home/cjayahansa/ros2N_ws/build/webots_ros2_tests\n'}
[59.452885] (webots_ros2_tests) StdoutLine: {'line': b'running symlink_data\n'}
[59.452982] (webots_ros2_tests) StdoutLine: {'line': b'creating /home/cjayahansa/ros2N_ws/install/webots_ros2_tests/share/ament_index\n'}
[59.453048] (webots_ros2_tests) StdoutLine: {'line': b'creating /home/cjayahansa/ros2N_ws/install/webots_ros2_tests/share/ament_index/resource_index\n'}
[59.453124] (webots_ros2_tests) StdoutLine: {'line': b'creating /home/cjayahansa/ros2N_ws/install/webots_ros2_tests/share/ament_index/resource_index/packages\n'}
[59.453215] (webots_ros2_tests) StdoutLine: {'line': b'symbolically linking /home/cjayahansa/ros2N_ws/build/webots_ros2_tests/resource/webots_ros2_tests -> /home/cjayahansa/ros2N_ws/install/webots_ros2_tests/share/ament_index/resource_index/packages\n'}
[59.453282] (webots_ros2_tests) StdoutLine: {'line': b'symbolically linking /home/cjayahansa/ros2N_ws/build/webots_ros2_tests/package.xml -> /home/cjayahansa/ros2N_ws/install/webots_ros2_tests/share/webots_ros2_tests\n'}
[59.453385] (webots_ros2_tests) StdoutLine: {'line': b'creating /home/cjayahansa/ros2N_ws/install/webots_ros2_tests/share/webots_ros2_tests/worlds\n'}
[59.453443] (webots_ros2_tests) StdoutLine: {'line': b'symbolically linking /home/cjayahansa/ros2N_ws/build/webots_ros2_tests/worlds/driver_test.wbt -> /home/cjayahansa/ros2N_ws/install/webots_ros2_tests/share/webots_ros2_tests/worlds\n'}
[59.453526] (webots_ros2_tests) StdoutLine: {'line': b'symbolically linking /home/cjayahansa/ros2N_ws/build/webots_ros2_tests/worlds/.driver_test.wbproj -> /home/cjayahansa/ros2N_ws/install/webots_ros2_tests/share/webots_ros2_tests/worlds\n'}
[59.453571] (webots_ros2_tests) StdoutLine: {'line': b'creating /home/cjayahansa/ros2N_ws/install/webots_ros2_tests/share/webots_ros2_tests/resource\n'}
[59.453613] (webots_ros2_tests) StdoutLine: {'line': b'symbolically linking /home/cjayahansa/ros2N_ws/build/webots_ros2_tests/resource/driver_test.urdf -> /home/cjayahansa/ros2N_ws/install/webots_ros2_tests/share/webots_ros2_tests/resource\n'}
[59.494801] (-) TimerEvent: {}
[59.499613] (webots_ros2_tests) CommandEnded: {'returncode': 0}
[59.507192] (webots_ros2_tests) JobEnded: {'identifier': 'webots_ros2_tests', 'rc': 0}
[59.507841] (webots_ros2) JobStarted: {'identifier': 'webots_ros2'}
[59.594913] (-) TimerEvent: {}
[59.695193] (-) TimerEvent: {}
[59.795501] (-) TimerEvent: {}
[59.895843] (-) TimerEvent: {}
[59.996248] (-) TimerEvent: {}
[60.096585] (-) TimerEvent: {}
[60.196999] (-) TimerEvent: {}
[60.244309] (webots_ros2) Command: {'cmd': ['/usr/bin/python3', '-W', 'ignore:setup.py install is deprecated', '-W', 'ignore:easy_install command is deprecated', 'setup.py', 'develop', '--editable', '--build-directory', '/home/cjayahansa/ros2N_ws/build/webots_ros2/build', '--no-deps', 'symlink_data'], 'cwd': '/home/cjayahansa/ros2N_ws/build/webots_ros2', 'env': {'LESSOPEN': '| /usr/bin/lesspipe %s', 'USER': 'cjayahansa', 'XDG_SESSION_TYPE': 'x11', 'SHLVL': '1', 'LD_LIBRARY_PATH': '/home/cjayahansa/ros2N_ws/install/webots_ros2_control/lib:/home/cjayahansa/ros2N_ws/install/webots_ros2_driver/lib:/home/cjayahansa/ros2N_ws/install/webots_ros2_msgs/lib:/opt/ros/humble/opt/rviz_ogre_vendor/lib:/opt/ros/humble/lib/x86_64-linux-gnu:/opt/ros/humble/lib', 'HOME': '/home/cjayahansa', 'OLDPWD': '/home/cjayahansa/ros2N_ws/src', 'DESKTOP_SESSION': 'pop', 'ROS_PYTHON_VERSION': '3', 'GNOME_SHELL_SESSION_MODE': 'pop', 'GTK_MODULES': 'gail:atk-bridge', 'PS1': '\\[\\033[01;36m\\]\\u@\\h\\[\\033[00m\\]:\\[\\033[01;34m\\]\\w\\[\\033[00m\\]$', 'SYSTEMD_EXEC_PID': '1818', 'DBUS_SESSION_BUS_ADDRESS': 'unix:path=/run/user/1000/bus', 'COLORTERM': 'truecolor', 'COLCON_PREFIX_PATH': '/home/cjayahansa/ros2N_ws/install:/home/cjayahansa/ros2_ws/install', 'ROS_DISTRO': 'humble', 'GTK_IM_MODULE': 'ibus', 'LOGNAME': 'cjayahansa', '_': '/usr/bin/colcon', 'ROS_VERSION': '2', 'XDG_SESSION_CLASS': 'user', 'USERNAME': 'cjayahansa', 'TERM': 'xterm-256color', 'GNOME_DESKTOP_SESSION_ID': 'this-is-deprecated', 'ROS_LOCALHOST_ONLY': '1', 'WINDOWPATH': '2', 'PATH': '/opt/ros/humble/bin:/home/cjayahansa/.local/bin:/usr/local/sbin:/usr/local/bin:/usr/sbin:/usr/bin:/sbin:/bin:/usr/games:/usr/local/games:/snap/bin', 'SESSION_MANAGER': 'local/pop-os:@/tmp/.ICE-unix/1790,unix/pop-os:/tmp/.ICE-unix/1790', 'XDG_MENU_PREFIX': 'gnome-', 'GNOME_TERMINAL_SCREEN': '/org/gnome/Terminal/screen/69401945_8890_4a44_bef3_4bbc698c193c', 'XDG_RUNTIME_DIR': '/run/user/1000', 'DISPLAY': ':1', 'LANG': 'en_US.UTF-8', 'XDG_CURRENT_DESKTOP': 'pop:GNOME', 'XMODIFIERS': '@im=ibus', 'XDG_SESSION_DESKTOP': 'pop', 'XAUTHORITY': '/run/user/1000/gdm/Xauthority', 'LS_COLORS': 'rs=0:di=01;34:ln=01;36:mh=00:pi=40;33:so=01;35:do=01;35:bd=40;33;01:cd=40;33;01:or=40;31;01:mi=00:su=37;41:sg=30;43:ca=30;41:tw=30;42:ow=34;42:st=37;44:ex=01;32:*.tar=01;31:*.tgz=01;31:*.arc=01;31:*.arj=01;31:*.taz=01;31:*.lha=01;31:*.lz4=01;31:*.lzh=01;31:*.lzma=01;31:*.tlz=01;31:*.txz=01;31:*.tzo=01;31:*.t7z=01;31:*.zip=01;31:*.z=01;31:*.dz=01;31:*.gz=01;31:*.lrz=01;31:*.lz=01;31:*.lzo=01;31:*.xz=01;31:*.zst=01;31:*.tzst=01;31:*.bz2=01;31:*.bz=01;31:*.tbz=01;31:*.tbz2=01;31:*.tz=01;31:*.deb=01;31:*.rpm=01;31:*.jar=01;31:*.war=01;31:*.ear=01;31:*.sar=01;31:*.rar=01;31:*.alz=01;31:*.ace=01;31:*.zoo=01;31:*.cpio=01;31:*.7z=01;31:*.rz=01;31:*.cab=01;31:*.wim=01;31:*.swm=01;31:*.dwm=01;31:*.esd=01;31:*.jpg=01;35:*.jpeg=01;35:*.mjpg=01;35:*.mjpeg=01;35:*.gif=01;35:*.bmp=01;35:*.pbm=01;35:*.pgm=01;35:*.ppm=01;35:*.tga=01;35:*.xbm=01;35:*.xpm=01;35:*.tif=01;35:*.tiff=01;35:*.png=01;35:*.svg=01;35:*.svgz=01;35:*.mng=01;35:*.pcx=01;35:*.mov=01;35:*.mpg=01;35:*.mpeg=01;35:*.m2v=01;35:*.mkv=01;35:*.webm=01;35:*.webp=01;35:*.ogm=01;35:*.mp4=01;35:*.m4v=01;35:*.mp4v=01;35:*.vob=01;35:*.qt=01;35:*.nuv=01;35:*.wmv=01;35:*.asf=01;35:*.rm=01;35:*.rmvb=01;35:*.flc=01;35:*.avi=01;35:*.fli=01;35:*.flv=01;35:*.gl=01;35:*.dl=01;35:*.xcf=01;35:*.xwd=01;35:*.yuv=01;35:*.cgm=01;35:*.emf=01;35:*.ogv=01;35:*.ogx=01;35:*.aac=00;36:*.au=00;36:*.flac=00;36:*.m4a=00;36:*.mid=00;36:*.midi=00;36:*.mka=00;36:*.mp3=00;36:*.mpc=00;36:*.ogg=00;36:*.ra=00;36:*.wav=00;36:*.oga=00;36:*.opus=00;36:*.spx=00;36:*.xspf=00;36:', 'GNOME_TERMINAL_SERVICE': ':1.119', 'SSH_AGENT_LAUNCHER': 'gnome-keyring', 'SSH_AUTH_SOCK': '/run/user/1000/keyring/ssh', 'ROS_DOMAIN_ID': '7', 'AMENT_PREFIX_PATH': '/home/cjayahansa/ros2N_ws/install/webots_ros2_tests:/home/cjayahansa/ros2N_ws/install/webots_ros2_universal_robot:/home/cjayahansa/ros2N_ws/install/webots_ros2_turtlebot:/home/cjayahansa/ros2N_ws/install/webots_ros2_tiago:/home/cjayahansa/ros2N_ws/install/webots_ros2_husarion:/home/cjayahansa/ros2N_ws/install/webots_ros2_epuck:/home/cjayahansa/ros2N_ws/install/webots_ros2_tesla:/home/cjayahansa/ros2N_ws/install/webots_ros2_mavic:/home/cjayahansa/ros2N_ws/install/webots_ros2_crazyflie:/home/cjayahansa/ros2N_ws/install/webots_ros2_importer:/home/cjayahansa/ros2N_ws/install/webots_ros2:/home/cjayahansa/ros2N_ws/install/webots_ros2_control:/home/cjayahansa/ros2N_ws/install/webots_ros2_driver:/home/cjayahansa/ros2N_ws/install/webots_ros2_msgs:/home/cjayahansa/ros2_ws/install/my_first_package:/opt/ros/humble', 'SHELL': '/bin/bash', 'QT_ACCESSIBILITY': '1', 'GDMSESSION': 'pop', 'LESSCLOSE': '/usr/bin/lesspipe %s %s', 'GPG_AGENT_INFO': '/run/user/1000/gnupg/S.gpg-agent:0:1', 'QT_IM_MODULE': 'ibus', 'PWD': '/home/cjayahansa/ros2N_ws/build/webots_ros2', 'LC_ALL': 'en_US.UTF-8', 'XDG_CONFIG_DIRS': '/etc/xdg/xdg-pop:/etc/xdg', 'XDG_DATA_DIRS': '/usr/share/pop:/usr/share/gnome:/home/cjayahansa/.local/share/flatpak/exports/share:/var/lib/flatpak/exports/share:/usr/local/share/:/usr/share/', 'PYTHONPATH': '/home/cjayahansa/ros2N_ws/build/webots_ros2/prefix_override:/usr/lib/python3/dist-packages/colcon_core/task/python/colcon_distutils_commands:/home/cjayahansa/ros2N_ws/install/webots_ros2/lib/python3.10/site-packages:/home/cjayahansa/ros2N_ws/build/webots_ros2_tests:/home/cjayahansa/ros2N_ws/install/webots_ros2_tests/lib/python3.10/site-packages:/home/cjayahansa/ros2N_ws/build/webots_ros2_universal_robot:/home/cjayahansa/ros2N_ws/install/webots_ros2_universal_robot/lib/python3.10/site-packages:/home/cjayahansa/ros2N_ws/build/webots_ros2_turtlebot:/home/cjayahansa/ros2N_ws/install/webots_ros2_turtlebot/lib/python3.10/site-packages:/home/cjayahansa/ros2N_ws/build/webots_ros2_tiago:/home/cjayahansa/ros2N_ws/install/webots_ros2_tiago/lib/python3.10/site-packages:/home/cjayahansa/ros2N_ws/build/webots_ros2_husarion:/home/cjayahansa/ros2N_ws/install/webots_ros2_husarion/lib/python3.10/site-packages:/home/cjayahansa/ros2N_ws/build/webots_ros2_epuck:/home/cjayahansa/ros2N_ws/install/webots_ros2_epuck/lib/python3.10/site-packages:/home/cjayahansa/ros2N_ws/build/webots_ros2_tesla:/home/cjayahansa/ros2N_ws/install/webots_ros2_tesla/lib/python3.10/site-packages:/home/cjayahansa/ros2N_ws/build/webots_ros2_mavic:/home/cjayahansa/ros2N_ws/install/webots_ros2_mavic/lib/python3.10/site-packages:/home/cjayahansa/ros2N_ws/build/webots_ros2_crazyflie:/home/cjayahansa/ros2N_ws/install/webots_ros2_crazyflie/lib/python3.10/site-packages:/home/cjayahansa/ros2N_ws/build/webots_ros2_importer:/home/cjayahansa/ros2N_ws/install/webots_ros2_importer/lib/python3.10/site-packages:/home/cjayahansa/ros2N_ws/install/webots_ros2/lib/python3.10/site-packages:/home/cjayahansa/ros2N_ws/install/webots_ros2_driver/local/lib/python3.10/dist-packages:/home/cjayahansa/ros2N_ws/install/webots_ros2_msgs/local/lib/python3.10/dist-packages:/home/cjayahansa/ros2_ws/install/my_first_package/lib/python3.10/site-packages:/opt/ros/humble/lib/python3.10/site-packages:/opt/ros/humble/local/lib/python3.10/dist-packages', 'COLCON': '1', 'VTE_VERSION': '6800', 'CMAKE_PREFIX_PATH': '/home/cjayahansa/ros2N_ws/install/webots_ros2_control:/home/cjayahansa/ros2N_ws/install/webots_ros2_driver:/home/cjayahansa/ros2N_ws/install/webots_ros2_msgs'}, 'shell': False}
[60.297124] (-) TimerEvent: {}
[60.397458] (-) TimerEvent: {}
[60.497774] (-) TimerEvent: {}
[60.516655] (webots_ros2) StdoutLine: {'line': b'running develop\n'}
[60.597922] (-) TimerEvent: {}
[60.698272] (-) TimerEvent: {}
[60.713855] (webots_ros2) StdoutLine: {'line': b'running egg_info\n'}
[60.714112] (webots_ros2) StdoutLine: {'line': b'creating webots_ros2.egg-info\n'}
[60.714320] (webots_ros2) StdoutLine: {'line': b'writing webots_ros2.egg-info/PKG-INFO\n'}
[60.714453] (webots_ros2) StdoutLine: {'line': b'writing dependency_links to webots_ros2.egg-info/dependency_links.txt\n'}
[60.714659] (webots_ros2) StdoutLine: {'line': b'writing requirements to webots_ros2.egg-info/requires.txt\n'}
[60.714799] (webots_ros2) StdoutLine: {'line': b'writing top-level names to webots_ros2.egg-info/top_level.txt\n'}
[60.714916] (webots_ros2) StdoutLine: {'line': b"writing manifest file 'webots_ros2.egg-info/SOURCES.txt'\n"}
[60.716279] (webots_ros2) StdoutLine: {'line': b"reading manifest file 'webots_ros2.egg-info/SOURCES.txt'\n"}
[60.716740] (webots_ros2) StdoutLine: {'line': b"writing manifest file 'webots_ros2.egg-info/SOURCES.txt'\n"}
[60.718340] (webots_ros2) StdoutLine: {'line': b'running build_ext\n'}
[60.718542] (webots_ros2) StdoutLine: {'line': b'Creating /home/cjayahansa/ros2N_ws/install/webots_ros2/lib/python3.10/site-packages/webots-ros2.egg-link (link to .)\n'}
[60.719125] (webots_ros2) StdoutLine: {'line': b'\n'}
[60.719215] (webots_ros2) StdoutLine: {'line': b'Installed /home/cjayahansa/ros2N_ws/build/webots_ros2\n'}
[60.719335] (webots_ros2) StdoutLine: {'line': b'running symlink_data\n'}
[60.719410] (webots_ros2) StdoutLine: {'line': b'symbolically linking /home/cjayahansa/ros2N_ws/build/webots_ros2/package.xml -> /home/cjayahansa/ros2N_ws/install/webots_ros2/share/webots_ros2\n'}
[60.719485] (webots_ros2) StdoutLine: {'line': b'creating /home/cjayahansa/ros2N_ws/install/webots_ros2/share/ament_index\n'}
[60.719542] (webots_ros2) StdoutLine: {'line': b'creating /home/cjayahansa/ros2N_ws/install/webots_ros2/share/ament_index/resource_index\n'}
[60.719633] (webots_ros2) StdoutLine: {'line': b'creating /home/cjayahansa/ros2N_ws/install/webots_ros2/share/ament_index/resource_index/packages\n'}
[60.719679] (webots_ros2) StdoutLine: {'line': b'symbolically linking /home/cjayahansa/ros2N_ws/build/webots_ros2/resource/webots_ros2 -> /home/cjayahansa/ros2N_ws/install/webots_ros2/share/ament_index/resource_index/packages\n'}
[60.758358] (webots_ros2) CommandEnded: {'returncode': 0}
[60.766688] (webots_ros2) JobEnded: {'identifier': 'webots_ros2', 'rc': 0}
[60.767708] (-) EventReactorShutdown: {}
