[0.138s] DEBUG:colcon:Command line arguments: ['/usr/bin/colcon', 'build', '--symlink-install']
[0.138s] DEBUG:colcon:Parsed command line arguments: Namespace(log_base=None, log_level=None, verb_name='build', build_base='build', install_base='install', merge_install=False, symlink_install=True, test_result_base=None, continue_on_error=False, executor='parallel', parallel_workers=12, event_handlers=None, ignore_user_meta=False, metas=['./colcon.meta'], base_paths=['.'], packages_ignore=None, packages_ignore_regex=None, paths=None, packages_up_to=None, packages_up_to_regex=None, packages_above=None, packages_above_and_dependencies=None, packages_above_depth=None, packages_select_by_dep=None, packages_skip_by_dep=None, packages_skip_up_to=None, packages_select_build_failed=False, packages_skip_build_finished=False, packages_select_test_failures=False, packages_skip_test_passed=False, packages_select=None, packages_skip=None, packages_select_regex=None, packages_skip_regex=None, packages_start=None, packages_end=None, allow_overriding=[], cmake_args=None, cmake_target=None, cmake_target_skip_unavailable=False, cmake_clean_cache=False, cmake_clean_first=False, cmake_force_configure=False, ament_cmake_args=None, catkin_cmake_args=None, catkin_skip_building_tests=False, mixin_files=None, mixin=None, verb_parser=<colcon_mixin.mixin.mixin_argument.MixinArgumentDecorator object at 0x7651d5e854e0>, verb_extension=<colcon_core.verb.build.BuildVerb object at 0x7651d5e84fd0>, main=<bound method BuildVerb.main of <colcon_core.verb.build.BuildVerb object at 0x7651d5e84fd0>>, mixin_verb=('build',))
[0.317s] Level 1:colcon.colcon_core.package_discovery:discover_packages(colcon_meta) check parameters
[0.318s] Level 1:colcon.colcon_core.package_discovery:discover_packages(recursive) check parameters
[0.318s] Level 1:colcon.colcon_core.package_discovery:discover_packages(ignore) check parameters
[0.318s] Level 1:colcon.colcon_core.package_discovery:discover_packages(path) check parameters
[0.318s] Level 1:colcon.colcon_core.package_discovery:discover_packages(colcon_meta) discover
[0.318s] Level 1:colcon.colcon_core.package_discovery:discover_packages(recursive) discover
[0.318s] INFO:colcon.colcon_core.package_discovery:Crawling recursively for packages in '/home/cjayahansa/ros2N_ws'
[0.318s] Level 1:colcon.colcon_core.package_identification:_identify(.) by extensions ['ignore', 'ignore_ament_install']
[0.318s] Level 1:colcon.colcon_core.package_identification:_identify(.) by extension 'ignore'
[0.318s] Level 1:colcon.colcon_core.package_identification:_identify(.) by extension 'ignore_ament_install'
[0.318s] Level 1:colcon.colcon_core.package_identification:_identify(.) by extensions ['colcon_pkg']
[0.318s] Level 1:colcon.colcon_core.package_identification:_identify(.) by extension 'colcon_pkg'
[0.318s] Level 1:colcon.colcon_core.package_identification:_identify(.) by extensions ['colcon_meta']
[0.318s] Level 1:colcon.colcon_core.package_identification:_identify(.) by extension 'colcon_meta'
[0.318s] Level 1:colcon.colcon_core.package_identification:_identify(.) by extensions ['ros']
[0.318s] Level 1:colcon.colcon_core.package_identification:_identify(.) by extension 'ros'
[0.338s] Level 1:colcon.colcon_core.package_identification:_identify(.) by extensions ['cmake', 'python']
[0.338s] Level 1:colcon.colcon_core.package_identification:_identify(.) by extension 'cmake'
[0.338s] Level 1:colcon.colcon_core.package_identification:_identify(.) by extension 'python'
[0.338s] Level 1:colcon.colcon_core.package_identification:_identify(.) by extensions ['python_setup_py']
[0.338s] Level 1:colcon.colcon_core.package_identification:_identify(.) by extension 'python_setup_py'
[0.339s] Level 1:colcon.colcon_core.package_identification:_identify(build) by extensions ['ignore', 'ignore_ament_install']
[0.339s] Level 1:colcon.colcon_core.package_identification:_identify(build) by extension 'ignore'
[0.339s] Level 1:colcon.colcon_core.package_identification:_identify(build) ignored
[0.339s] Level 1:colcon.colcon_core.package_identification:_identify(install) by extensions ['ignore', 'ignore_ament_install']
[0.339s] Level 1:colcon.colcon_core.package_identification:_identify(install) by extension 'ignore'
[0.339s] Level 1:colcon.colcon_core.package_identification:_identify(install) ignored
[0.339s] Level 1:colcon.colcon_core.package_identification:_identify(log) by extensions ['ignore', 'ignore_ament_install']
[0.339s] Level 1:colcon.colcon_core.package_identification:_identify(log) by extension 'ignore'
[0.339s] Level 1:colcon.colcon_core.package_identification:_identify(log) ignored
[0.339s] Level 1:colcon.colcon_core.package_identification:_identify(src) by extensions ['ignore', 'ignore_ament_install']
[0.339s] Level 1:colcon.colcon_core.package_identification:_identify(src) by extension 'ignore'
[0.339s] Level 1:colcon.colcon_core.package_identification:_identify(src) by extension 'ignore_ament_install'
[0.339s] Level 1:colcon.colcon_core.package_identification:_identify(src) by extensions ['colcon_pkg']
[0.339s] Level 1:colcon.colcon_core.package_identification:_identify(src) by extension 'colcon_pkg'
[0.339s] Level 1:colcon.colcon_core.package_identification:_identify(src) by extensions ['colcon_meta']
[0.339s] Level 1:colcon.colcon_core.package_identification:_identify(src) by extension 'colcon_meta'
[0.339s] Level 1:colcon.colcon_core.package_identification:_identify(src) by extensions ['ros']
[0.339s] Level 1:colcon.colcon_core.package_identification:_identify(src) by extension 'ros'
[0.339s] Level 1:colcon.colcon_core.package_identification:_identify(src) by extensions ['cmake', 'python']
[0.339s] Level 1:colcon.colcon_core.package_identification:_identify(src) by extension 'cmake'
[0.339s] Level 1:colcon.colcon_core.package_identification:_identify(src) by extension 'python'
[0.340s] Level 1:colcon.colcon_core.package_identification:_identify(src) by extensions ['python_setup_py']
[0.340s] Level 1:colcon.colcon_core.package_identification:_identify(src) by extension 'python_setup_py'
[0.340s] Level 1:colcon.colcon_core.package_identification:_identify(src/webots_ros2) by extensions ['ignore', 'ignore_ament_install']
[0.340s] Level 1:colcon.colcon_core.package_identification:_identify(src/webots_ros2) by extension 'ignore'
[0.340s] Level 1:colcon.colcon_core.package_identification:_identify(src/webots_ros2) by extension 'ignore_ament_install'
[0.340s] Level 1:colcon.colcon_core.package_identification:_identify(src/webots_ros2) by extensions ['colcon_pkg']
[0.340s] Level 1:colcon.colcon_core.package_identification:_identify(src/webots_ros2) by extension 'colcon_pkg'
[0.340s] Level 1:colcon.colcon_core.package_identification:_identify(src/webots_ros2) by extensions ['colcon_meta']
[0.340s] Level 1:colcon.colcon_core.package_identification:_identify(src/webots_ros2) by extension 'colcon_meta'
[0.340s] Level 1:colcon.colcon_core.package_identification:_identify(src/webots_ros2) by extensions ['ros']
[0.340s] Level 1:colcon.colcon_core.package_identification:_identify(src/webots_ros2) by extension 'ros'
[0.340s] Level 1:colcon.colcon_core.package_identification:_identify(src/webots_ros2) by extensions ['cmake', 'python']
[0.340s] Level 1:colcon.colcon_core.package_identification:_identify(src/webots_ros2) by extension 'cmake'
[0.340s] Level 1:colcon.colcon_core.package_identification:_identify(src/webots_ros2) by extension 'python'
[0.340s] Level 1:colcon.colcon_core.package_identification:_identify(src/webots_ros2) by extensions ['python_setup_py']
[0.340s] Level 1:colcon.colcon_core.package_identification:_identify(src/webots_ros2) by extension 'python_setup_py'
[0.340s] Level 1:colcon.colcon_core.package_identification:_identify(src/webots_ros2/docker) by extensions ['ignore', 'ignore_ament_install']
[0.340s] Level 1:colcon.colcon_core.package_identification:_identify(src/webots_ros2/docker) by extension 'ignore'
[0.340s] Level 1:colcon.colcon_core.package_identification:_identify(src/webots_ros2/docker) by extension 'ignore_ament_install'
[0.340s] Level 1:colcon.colcon_core.package_identification:_identify(src/webots_ros2/docker) by extensions ['colcon_pkg']
[0.340s] Level 1:colcon.colcon_core.package_identification:_identify(src/webots_ros2/docker) by extension 'colcon_pkg'
[0.340s] Level 1:colcon.colcon_core.package_identification:_identify(src/webots_ros2/docker) by extensions ['colcon_meta']
[0.340s] Level 1:colcon.colcon_core.package_identification:_identify(src/webots_ros2/docker) by extension 'colcon_meta'
[0.340s] Level 1:colcon.colcon_core.package_identification:_identify(src/webots_ros2/docker) by extensions ['ros']
[0.340s] Level 1:colcon.colcon_core.package_identification:_identify(src/webots_ros2/docker) by extension 'ros'
[0.341s] Level 1:colcon.colcon_core.package_identification:_identify(src/webots_ros2/docker) by extensions ['cmake', 'python']
[0.341s] Level 1:colcon.colcon_core.package_identification:_identify(src/webots_ros2/docker) by extension 'cmake'
[0.341s] Level 1:colcon.colcon_core.package_identification:_identify(src/webots_ros2/docker) by extension 'python'
[0.341s] Level 1:colcon.colcon_core.package_identification:_identify(src/webots_ros2/docker) by extensions ['python_setup_py']
[0.341s] Level 1:colcon.colcon_core.package_identification:_identify(src/webots_ros2/docker) by extension 'python_setup_py'
[0.341s] Level 1:colcon.colcon_core.package_identification:_identify(src/webots_ros2/images) by extensions ['ignore', 'ignore_ament_install']
[0.341s] Level 1:colcon.colcon_core.package_identification:_identify(src/webots_ros2/images) by extension 'ignore'
[0.341s] Level 1:colcon.colcon_core.package_identification:_identify(src/webots_ros2/images) by extension 'ignore_ament_install'
[0.341s] Level 1:colcon.colcon_core.package_identification:_identify(src/webots_ros2/images) by extensions ['colcon_pkg']
[0.341s] Level 1:colcon.colcon_core.package_identification:_identify(src/webots_ros2/images) by extension 'colcon_pkg'
[0.341s] Level 1:colcon.colcon_core.package_identification:_identify(src/webots_ros2/images) by extensions ['colcon_meta']
[0.341s] Level 1:colcon.colcon_core.package_identification:_identify(src/webots_ros2/images) by extension 'colcon_meta'
[0.341s] Level 1:colcon.colcon_core.package_identification:_identify(src/webots_ros2/images) by extensions ['ros']
[0.341s] Level 1:colcon.colcon_core.package_identification:_identify(src/webots_ros2/images) by extension 'ros'
[0.341s] Level 1:colcon.colcon_core.package_identification:_identify(src/webots_ros2/images) by extensions ['cmake', 'python']
[0.341s] Level 1:colcon.colcon_core.package_identification:_identify(src/webots_ros2/images) by extension 'cmake'
[0.341s] Level 1:colcon.colcon_core.package_identification:_identify(src/webots_ros2/images) by extension 'python'
[0.341s] Level 1:colcon.colcon_core.package_identification:_identify(src/webots_ros2/images) by extensions ['python_setup_py']
[0.341s] Level 1:colcon.colcon_core.package_identification:_identify(src/webots_ros2/images) by extension 'python_setup_py'
[0.341s] Level 1:colcon.colcon_core.package_identification:_identify(src/webots_ros2/scripts) by extensions ['ignore', 'ignore_ament_install']
[0.341s] Level 1:colcon.colcon_core.package_identification:_identify(src/webots_ros2/scripts) by extension 'ignore'
[0.341s] Level 1:colcon.colcon_core.package_identification:_identify(src/webots_ros2/scripts) by extension 'ignore_ament_install'
[0.341s] Level 1:colcon.colcon_core.package_identification:_identify(src/webots_ros2/scripts) by extensions ['colcon_pkg']
[0.341s] Level 1:colcon.colcon_core.package_identification:_identify(src/webots_ros2/scripts) by extension 'colcon_pkg'
[0.341s] Level 1:colcon.colcon_core.package_identification:_identify(src/webots_ros2/scripts) by extensions ['colcon_meta']
[0.341s] Level 1:colcon.colcon_core.package_identification:_identify(src/webots_ros2/scripts) by extension 'colcon_meta'
[0.342s] Level 1:colcon.colcon_core.package_identification:_identify(src/webots_ros2/scripts) by extensions ['ros']
[0.342s] Level 1:colcon.colcon_core.package_identification:_identify(src/webots_ros2/scripts) by extension 'ros'
[0.342s] Level 1:colcon.colcon_core.package_identification:_identify(src/webots_ros2/scripts) by extensions ['cmake', 'python']
[0.342s] Level 1:colcon.colcon_core.package_identification:_identify(src/webots_ros2/scripts) by extension 'cmake'
[0.342s] Level 1:colcon.colcon_core.package_identification:_identify(src/webots_ros2/scripts) by extension 'python'
[0.342s] Level 1:colcon.colcon_core.package_identification:_identify(src/webots_ros2/scripts) by extensions ['python_setup_py']
[0.342s] Level 1:colcon.colcon_core.package_identification:_identify(src/webots_ros2/scripts) by extension 'python_setup_py'
[0.342s] Level 1:colcon.colcon_core.package_identification:_identify(src/webots_ros2/tests) by extensions ['ignore', 'ignore_ament_install']
[0.342s] Level 1:colcon.colcon_core.package_identification:_identify(src/webots_ros2/tests) by extension 'ignore'
[0.342s] Level 1:colcon.colcon_core.package_identification:_identify(src/webots_ros2/tests) by extension 'ignore_ament_install'
[0.342s] Level 1:colcon.colcon_core.package_identification:_identify(src/webots_ros2/tests) by extensions ['colcon_pkg']
[0.342s] Level 1:colcon.colcon_core.package_identification:_identify(src/webots_ros2/tests) by extension 'colcon_pkg'
[0.342s] Level 1:colcon.colcon_core.package_identification:_identify(src/webots_ros2/tests) by extensions ['colcon_meta']
[0.342s] Level 1:colcon.colcon_core.package_identification:_identify(src/webots_ros2/tests) by extension 'colcon_meta'
[0.342s] Level 1:colcon.colcon_core.package_identification:_identify(src/webots_ros2/tests) by extensions ['ros']
[0.342s] Level 1:colcon.colcon_core.package_identification:_identify(src/webots_ros2/tests) by extension 'ros'
[0.342s] Level 1:colcon.colcon_core.package_identification:_identify(src/webots_ros2/tests) by extensions ['cmake', 'python']
[0.342s] Level 1:colcon.colcon_core.package_identification:_identify(src/webots_ros2/tests) by extension 'cmake'
[0.342s] Level 1:colcon.colcon_core.package_identification:_identify(src/webots_ros2/tests) by extension 'python'
[0.342s] Level 1:colcon.colcon_core.package_identification:_identify(src/webots_ros2/tests) by extensions ['python_setup_py']
[0.342s] Level 1:colcon.colcon_core.package_identification:_identify(src/webots_ros2/tests) by extension 'python_setup_py'
[0.342s] Level 1:colcon.colcon_core.package_identification:_identify(src/webots_ros2/tests/sources) by extensions ['ignore', 'ignore_ament_install']
[0.342s] Level 1:colcon.colcon_core.package_identification:_identify(src/webots_ros2/tests/sources) by extension 'ignore'
[0.342s] Level 1:colcon.colcon_core.package_identification:_identify(src/webots_ros2/tests/sources) by extension 'ignore_ament_install'
[0.342s] Level 1:colcon.colcon_core.package_identification:_identify(src/webots_ros2/tests/sources) by extensions ['colcon_pkg']
[0.342s] Level 1:colcon.colcon_core.package_identification:_identify(src/webots_ros2/tests/sources) by extension 'colcon_pkg'
[0.343s] Level 1:colcon.colcon_core.package_identification:_identify(src/webots_ros2/tests/sources) by extensions ['colcon_meta']
[0.343s] Level 1:colcon.colcon_core.package_identification:_identify(src/webots_ros2/tests/sources) by extension 'colcon_meta'
[0.343s] Level 1:colcon.colcon_core.package_identification:_identify(src/webots_ros2/tests/sources) by extensions ['ros']
[0.343s] Level 1:colcon.colcon_core.package_identification:_identify(src/webots_ros2/tests/sources) by extension 'ros'
[0.343s] Level 1:colcon.colcon_core.package_identification:_identify(src/webots_ros2/tests/sources) by extensions ['cmake', 'python']
[0.343s] Level 1:colcon.colcon_core.package_identification:_identify(src/webots_ros2/tests/sources) by extension 'cmake'
[0.343s] Level 1:colcon.colcon_core.package_identification:_identify(src/webots_ros2/tests/sources) by extension 'python'
[0.343s] Level 1:colcon.colcon_core.package_identification:_identify(src/webots_ros2/tests/sources) by extensions ['python_setup_py']
[0.343s] Level 1:colcon.colcon_core.package_identification:_identify(src/webots_ros2/tests/sources) by extension 'python_setup_py'
[0.343s] Level 1:colcon.colcon_core.package_identification:_identify(src/webots_ros2/webots_ros2) by extensions ['ignore', 'ignore_ament_install']
[0.343s] Level 1:colcon.colcon_core.package_identification:_identify(src/webots_ros2/webots_ros2) by extension 'ignore'
[0.343s] Level 1:colcon.colcon_core.package_identification:_identify(src/webots_ros2/webots_ros2) by extension 'ignore_ament_install'
[0.343s] Level 1:colcon.colcon_core.package_identification:_identify(src/webots_ros2/webots_ros2) by extensions ['colcon_pkg']
[0.343s] Level 1:colcon.colcon_core.package_identification:_identify(src/webots_ros2/webots_ros2) by extension 'colcon_pkg'
[0.343s] Level 1:colcon.colcon_core.package_identification:_identify(src/webots_ros2/webots_ros2) by extensions ['colcon_meta']
[0.343s] Level 1:colcon.colcon_core.package_identification:_identify(src/webots_ros2/webots_ros2) by extension 'colcon_meta'
[0.343s] Level 1:colcon.colcon_core.package_identification:_identify(src/webots_ros2/webots_ros2) by extensions ['ros']
[0.343s] Level 1:colcon.colcon_core.package_identification:_identify(src/webots_ros2/webots_ros2) by extension 'ros'
[0.345s] DEBUG:colcon.colcon_core.package_identification:Package 'src/webots_ros2/webots_ros2' with type 'ros.ament_python' and name 'webots_ros2'
[0.345s] Level 1:colcon.colcon_core.package_identification:_identify(src/webots_ros2/webots_ros2_control) by extensions ['ignore', 'ignore_ament_install']
[0.346s] Level 1:colcon.colcon_core.package_identification:_identify(src/webots_ros2/webots_ros2_control) by extension 'ignore'
[0.346s] Level 1:colcon.colcon_core.package_identification:_identify(src/webots_ros2/webots_ros2_control) by extension 'ignore_ament_install'
[0.346s] Level 1:colcon.colcon_core.package_identification:_identify(src/webots_ros2/webots_ros2_control) by extensions ['colcon_pkg']
[0.346s] Level 1:colcon.colcon_core.package_identification:_identify(src/webots_ros2/webots_ros2_control) by extension 'colcon_pkg'
[0.346s] Level 1:colcon.colcon_core.package_identification:_identify(src/webots_ros2/webots_ros2_control) by extensions ['colcon_meta']
[0.346s] Level 1:colcon.colcon_core.package_identification:_identify(src/webots_ros2/webots_ros2_control) by extension 'colcon_meta'
[0.346s] Level 1:colcon.colcon_core.package_identification:_identify(src/webots_ros2/webots_ros2_control) by extensions ['ros']
[0.346s] Level 1:colcon.colcon_core.package_identification:_identify(src/webots_ros2/webots_ros2_control) by extension 'ros'
[0.347s] DEBUG:colcon.colcon_core.package_identification:Package 'src/webots_ros2/webots_ros2_control' with type 'ros.ament_cmake' and name 'webots_ros2_control'
[0.347s] Level 1:colcon.colcon_core.package_identification:_identify(src/webots_ros2/webots_ros2_crazyflie) by extensions ['ignore', 'ignore_ament_install']
[0.347s] Level 1:colcon.colcon_core.package_identification:_identify(src/webots_ros2/webots_ros2_crazyflie) by extension 'ignore'
[0.347s] Level 1:colcon.colcon_core.package_identification:_identify(src/webots_ros2/webots_ros2_crazyflie) by extension 'ignore_ament_install'
[0.347s] Level 1:colcon.colcon_core.package_identification:_identify(src/webots_ros2/webots_ros2_crazyflie) by extensions ['colcon_pkg']
[0.347s] Level 1:colcon.colcon_core.package_identification:_identify(src/webots_ros2/webots_ros2_crazyflie) by extension 'colcon_pkg'
[0.347s] Level 1:colcon.colcon_core.package_identification:_identify(src/webots_ros2/webots_ros2_crazyflie) by extensions ['colcon_meta']
[0.347s] Level 1:colcon.colcon_core.package_identification:_identify(src/webots_ros2/webots_ros2_crazyflie) by extension 'colcon_meta'
[0.347s] Level 1:colcon.colcon_core.package_identification:_identify(src/webots_ros2/webots_ros2_crazyflie) by extensions ['ros']
[0.347s] Level 1:colcon.colcon_core.package_identification:_identify(src/webots_ros2/webots_ros2_crazyflie) by extension 'ros'
[0.347s] DEBUG:colcon.colcon_core.package_identification:Package 'src/webots_ros2/webots_ros2_crazyflie' with type 'ros.ament_python' and name 'webots_ros2_crazyflie'
[0.347s] Level 1:colcon.colcon_core.package_identification:_identify(src/webots_ros2/webots_ros2_driver) by extensions ['ignore', 'ignore_ament_install']
[0.348s] Level 1:colcon.colcon_core.package_identification:_identify(src/webots_ros2/webots_ros2_driver) by extension 'ignore'
[0.348s] Level 1:colcon.colcon_core.package_identification:_identify(src/webots_ros2/webots_ros2_driver) by extension 'ignore_ament_install'
[0.348s] Level 1:colcon.colcon_core.package_identification:_identify(src/webots_ros2/webots_ros2_driver) by extensions ['colcon_pkg']
[0.348s] Level 1:colcon.colcon_core.package_identification:_identify(src/webots_ros2/webots_ros2_driver) by extension 'colcon_pkg'
[0.348s] Level 1:colcon.colcon_core.package_identification:_identify(src/webots_ros2/webots_ros2_driver) by extensions ['colcon_meta']
[0.348s] Level 1:colcon.colcon_core.package_identification:_identify(src/webots_ros2/webots_ros2_driver) by extension 'colcon_meta'
[0.348s] Level 1:colcon.colcon_core.package_identification:_identify(src/webots_ros2/webots_ros2_driver) by extensions ['ros']
[0.348s] Level 1:colcon.colcon_core.package_identification:_identify(src/webots_ros2/webots_ros2_driver) by extension 'ros'
[0.349s] DEBUG:colcon.colcon_core.package_identification:Package 'src/webots_ros2/webots_ros2_driver' with type 'ros.ament_cmake' and name 'webots_ros2_driver'
[0.349s] Level 1:colcon.colcon_core.package_identification:_identify(src/webots_ros2/webots_ros2_epuck) by extensions ['ignore', 'ignore_ament_install']
[0.349s] Level 1:colcon.colcon_core.package_identification:_identify(src/webots_ros2/webots_ros2_epuck) by extension 'ignore'
[0.349s] Level 1:colcon.colcon_core.package_identification:_identify(src/webots_ros2/webots_ros2_epuck) by extension 'ignore_ament_install'
[0.349s] Level 1:colcon.colcon_core.package_identification:_identify(src/webots_ros2/webots_ros2_epuck) by extensions ['colcon_pkg']
[0.349s] Level 1:colcon.colcon_core.package_identification:_identify(src/webots_ros2/webots_ros2_epuck) by extension 'colcon_pkg'
[0.349s] Level 1:colcon.colcon_core.package_identification:_identify(src/webots_ros2/webots_ros2_epuck) by extensions ['colcon_meta']
[0.349s] Level 1:colcon.colcon_core.package_identification:_identify(src/webots_ros2/webots_ros2_epuck) by extension 'colcon_meta'
[0.349s] Level 1:colcon.colcon_core.package_identification:_identify(src/webots_ros2/webots_ros2_epuck) by extensions ['ros']
[0.349s] Level 1:colcon.colcon_core.package_identification:_identify(src/webots_ros2/webots_ros2_epuck) by extension 'ros'
[0.350s] DEBUG:colcon.colcon_core.package_identification:Package 'src/webots_ros2/webots_ros2_epuck' with type 'ros.ament_python' and name 'webots_ros2_epuck'
[0.350s] Level 1:colcon.colcon_core.package_identification:_identify(src/webots_ros2/webots_ros2_husarion) by extensions ['ignore', 'ignore_ament_install']
[0.350s] Level 1:colcon.colcon_core.package_identification:_identify(src/webots_ros2/webots_ros2_husarion) by extension 'ignore'
[0.350s] Level 1:colcon.colcon_core.package_identification:_identify(src/webots_ros2/webots_ros2_husarion) by extension 'ignore_ament_install'
[0.350s] Level 1:colcon.colcon_core.package_identification:_identify(src/webots_ros2/webots_ros2_husarion) by extensions ['colcon_pkg']
[0.350s] Level 1:colcon.colcon_core.package_identification:_identify(src/webots_ros2/webots_ros2_husarion) by extension 'colcon_pkg'
[0.350s] Level 1:colcon.colcon_core.package_identification:_identify(src/webots_ros2/webots_ros2_husarion) by extensions ['colcon_meta']
[0.350s] Level 1:colcon.colcon_core.package_identification:_identify(src/webots_ros2/webots_ros2_husarion) by extension 'colcon_meta'
[0.350s] Level 1:colcon.colcon_core.package_identification:_identify(src/webots_ros2/webots_ros2_husarion) by extensions ['ros']
[0.350s] Level 1:colcon.colcon_core.package_identification:_identify(src/webots_ros2/webots_ros2_husarion) by extension 'ros'
[0.351s] DEBUG:colcon.colcon_core.package_identification:Package 'src/webots_ros2/webots_ros2_husarion' with type 'ros.ament_python' and name 'webots_ros2_husarion'
[0.351s] Level 1:colcon.colcon_core.package_identification:_identify(src/webots_ros2/webots_ros2_importer) by extensions ['ignore', 'ignore_ament_install']
[0.351s] Level 1:colcon.colcon_core.package_identification:_identify(src/webots_ros2/webots_ros2_importer) by extension 'ignore'
[0.351s] Level 1:colcon.colcon_core.package_identification:_identify(src/webots_ros2/webots_ros2_importer) by extension 'ignore_ament_install'
[0.351s] Level 1:colcon.colcon_core.package_identification:_identify(src/webots_ros2/webots_ros2_importer) by extensions ['colcon_pkg']
[0.351s] Level 1:colcon.colcon_core.package_identification:_identify(src/webots_ros2/webots_ros2_importer) by extension 'colcon_pkg'
[0.351s] Level 1:colcon.colcon_core.package_identification:_identify(src/webots_ros2/webots_ros2_importer) by extensions ['colcon_meta']
[0.351s] Level 1:colcon.colcon_core.package_identification:_identify(src/webots_ros2/webots_ros2_importer) by extension 'colcon_meta'
[0.351s] Level 1:colcon.colcon_core.package_identification:_identify(src/webots_ros2/webots_ros2_importer) by extensions ['ros']
[0.351s] Level 1:colcon.colcon_core.package_identification:_identify(src/webots_ros2/webots_ros2_importer) by extension 'ros'
[0.352s] DEBUG:colcon.colcon_core.package_identification:Package 'src/webots_ros2/webots_ros2_importer' with type 'ros.ament_python' and name 'webots_ros2_importer'
[0.352s] Level 1:colcon.colcon_core.package_identification:_identify(src/webots_ros2/webots_ros2_mavic) by extensions ['ignore', 'ignore_ament_install']
[0.352s] Level 1:colcon.colcon_core.package_identification:_identify(src/webots_ros2/webots_ros2_mavic) by extension 'ignore'
[0.352s] Level 1:colcon.colcon_core.package_identification:_identify(src/webots_ros2/webots_ros2_mavic) by extension 'ignore_ament_install'
[0.352s] Level 1:colcon.colcon_core.package_identification:_identify(src/webots_ros2/webots_ros2_mavic) by extensions ['colcon_pkg']
[0.352s] Level 1:colcon.colcon_core.package_identification:_identify(src/webots_ros2/webots_ros2_mavic) by extension 'colcon_pkg'
[0.352s] Level 1:colcon.colcon_core.package_identification:_identify(src/webots_ros2/webots_ros2_mavic) by extensions ['colcon_meta']
[0.352s] Level 1:colcon.colcon_core.package_identification:_identify(src/webots_ros2/webots_ros2_mavic) by extension 'colcon_meta'
[0.352s] Level 1:colcon.colcon_core.package_identification:_identify(src/webots_ros2/webots_ros2_mavic) by extensions ['ros']
[0.352s] Level 1:colcon.colcon_core.package_identification:_identify(src/webots_ros2/webots_ros2_mavic) by extension 'ros'
[0.352s] DEBUG:colcon.colcon_core.package_identification:Package 'src/webots_ros2/webots_ros2_mavic' with type 'ros.ament_python' and name 'webots_ros2_mavic'
[0.353s] Level 1:colcon.colcon_core.package_identification:_identify(src/webots_ros2/webots_ros2_msgs) by extensions ['ignore', 'ignore_ament_install']
[0.353s] Level 1:colcon.colcon_core.package_identification:_identify(src/webots_ros2/webots_ros2_msgs) by extension 'ignore'
[0.353s] Level 1:colcon.colcon_core.package_identification:_identify(src/webots_ros2/webots_ros2_msgs) by extension 'ignore_ament_install'
[0.353s] Level 1:colcon.colcon_core.package_identification:_identify(src/webots_ros2/webots_ros2_msgs) by extensions ['colcon_pkg']
[0.353s] Level 1:colcon.colcon_core.package_identification:_identify(src/webots_ros2/webots_ros2_msgs) by extension 'colcon_pkg'
[0.353s] Level 1:colcon.colcon_core.package_identification:_identify(src/webots_ros2/webots_ros2_msgs) by extensions ['colcon_meta']
[0.353s] Level 1:colcon.colcon_core.package_identification:_identify(src/webots_ros2/webots_ros2_msgs) by extension 'colcon_meta'
[0.353s] Level 1:colcon.colcon_core.package_identification:_identify(src/webots_ros2/webots_ros2_msgs) by extensions ['ros']
[0.353s] Level 1:colcon.colcon_core.package_identification:_identify(src/webots_ros2/webots_ros2_msgs) by extension 'ros'
[0.353s] DEBUG:colcon.colcon_core.package_identification:Package 'src/webots_ros2/webots_ros2_msgs' with type 'ros.ament_cmake' and name 'webots_ros2_msgs'
[0.353s] Level 1:colcon.colcon_core.package_identification:_identify(src/webots_ros2/webots_ros2_tesla) by extensions ['ignore', 'ignore_ament_install']
[0.354s] Level 1:colcon.colcon_core.package_identification:_identify(src/webots_ros2/webots_ros2_tesla) by extension 'ignore'
[0.354s] Level 1:colcon.colcon_core.package_identification:_identify(src/webots_ros2/webots_ros2_tesla) by extension 'ignore_ament_install'
[0.354s] Level 1:colcon.colcon_core.package_identification:_identify(src/webots_ros2/webots_ros2_tesla) by extensions ['colcon_pkg']
[0.354s] Level 1:colcon.colcon_core.package_identification:_identify(src/webots_ros2/webots_ros2_tesla) by extension 'colcon_pkg'
[0.354s] Level 1:colcon.colcon_core.package_identification:_identify(src/webots_ros2/webots_ros2_tesla) by extensions ['colcon_meta']
[0.354s] Level 1:colcon.colcon_core.package_identification:_identify(src/webots_ros2/webots_ros2_tesla) by extension 'colcon_meta'
[0.354s] Level 1:colcon.colcon_core.package_identification:_identify(src/webots_ros2/webots_ros2_tesla) by extensions ['ros']
[0.354s] Level 1:colcon.colcon_core.package_identification:_identify(src/webots_ros2/webots_ros2_tesla) by extension 'ros'
[0.354s] DEBUG:colcon.colcon_core.package_identification:Package 'src/webots_ros2/webots_ros2_tesla' with type 'ros.ament_python' and name 'webots_ros2_tesla'
[0.354s] Level 1:colcon.colcon_core.package_identification:_identify(src/webots_ros2/webots_ros2_tests) by extensions ['ignore', 'ignore_ament_install']
[0.354s] Level 1:colcon.colcon_core.package_identification:_identify(src/webots_ros2/webots_ros2_tests) by extension 'ignore'
[0.354s] Level 1:colcon.colcon_core.package_identification:_identify(src/webots_ros2/webots_ros2_tests) by extension 'ignore_ament_install'
[0.354s] Level 1:colcon.colcon_core.package_identification:_identify(src/webots_ros2/webots_ros2_tests) by extensions ['colcon_pkg']
[0.354s] Level 1:colcon.colcon_core.package_identification:_identify(src/webots_ros2/webots_ros2_tests) by extension 'colcon_pkg'
[0.355s] Level 1:colcon.colcon_core.package_identification:_identify(src/webots_ros2/webots_ros2_tests) by extensions ['colcon_meta']
[0.355s] Level 1:colcon.colcon_core.package_identification:_identify(src/webots_ros2/webots_ros2_tests) by extension 'colcon_meta'
[0.355s] Level 1:colcon.colcon_core.package_identification:_identify(src/webots_ros2/webots_ros2_tests) by extensions ['ros']
[0.355s] Level 1:colcon.colcon_core.package_identification:_identify(src/webots_ros2/webots_ros2_tests) by extension 'ros'
[0.355s] DEBUG:colcon.colcon_core.package_identification:Package 'src/webots_ros2/webots_ros2_tests' with type 'ros.ament_python' and name 'webots_ros2_tests'
[0.355s] Level 1:colcon.colcon_core.package_identification:_identify(src/webots_ros2/webots_ros2_tiago) by extensions ['ignore', 'ignore_ament_install']
[0.355s] Level 1:colcon.colcon_core.package_identification:_identify(src/webots_ros2/webots_ros2_tiago) by extension 'ignore'
[0.355s] Level 1:colcon.colcon_core.package_identification:_identify(src/webots_ros2/webots_ros2_tiago) by extension 'ignore_ament_install'
[0.355s] Level 1:colcon.colcon_core.package_identification:_identify(src/webots_ros2/webots_ros2_tiago) by extensions ['colcon_pkg']
[0.355s] Level 1:colcon.colcon_core.package_identification:_identify(src/webots_ros2/webots_ros2_tiago) by extension 'colcon_pkg'
[0.355s] Level 1:colcon.colcon_core.package_identification:_identify(src/webots_ros2/webots_ros2_tiago) by extensions ['colcon_meta']
[0.355s] Level 1:colcon.colcon_core.package_identification:_identify(src/webots_ros2/webots_ros2_tiago) by extension 'colcon_meta'
[0.356s] Level 1:colcon.colcon_core.package_identification:_identify(src/webots_ros2/webots_ros2_tiago) by extensions ['ros']
[0.356s] Level 1:colcon.colcon_core.package_identification:_identify(src/webots_ros2/webots_ros2_tiago) by extension 'ros'
[0.356s] DEBUG:colcon.colcon_core.package_identification:Package 'src/webots_ros2/webots_ros2_tiago' with type 'ros.ament_python' and name 'webots_ros2_tiago'
[0.356s] Level 1:colcon.colcon_core.package_identification:_identify(src/webots_ros2/webots_ros2_turtlebot) by extensions ['ignore', 'ignore_ament_install']
[0.356s] Level 1:colcon.colcon_core.package_identification:_identify(src/webots_ros2/webots_ros2_turtlebot) by extension 'ignore'
[0.356s] Level 1:colcon.colcon_core.package_identification:_identify(src/webots_ros2/webots_ros2_turtlebot) by extension 'ignore_ament_install'
[0.356s] Level 1:colcon.colcon_core.package_identification:_identify(src/webots_ros2/webots_ros2_turtlebot) by extensions ['colcon_pkg']
[0.356s] Level 1:colcon.colcon_core.package_identification:_identify(src/webots_ros2/webots_ros2_turtlebot) by extension 'colcon_pkg'
[0.356s] Level 1:colcon.colcon_core.package_identification:_identify(src/webots_ros2/webots_ros2_turtlebot) by extensions ['colcon_meta']
[0.356s] Level 1:colcon.colcon_core.package_identification:_identify(src/webots_ros2/webots_ros2_turtlebot) by extension 'colcon_meta'
[0.356s] Level 1:colcon.colcon_core.package_identification:_identify(src/webots_ros2/webots_ros2_turtlebot) by extensions ['ros']
[0.356s] Level 1:colcon.colcon_core.package_identification:_identify(src/webots_ros2/webots_ros2_turtlebot) by extension 'ros'
[0.357s] DEBUG:colcon.colcon_core.package_identification:Package 'src/webots_ros2/webots_ros2_turtlebot' with type 'ros.ament_python' and name 'webots_ros2_turtlebot'
[0.357s] Level 1:colcon.colcon_core.package_identification:_identify(src/webots_ros2/webots_ros2_universal_robot) by extensions ['ignore', 'ignore_ament_install']
[0.357s] Level 1:colcon.colcon_core.package_identification:_identify(src/webots_ros2/webots_ros2_universal_robot) by extension 'ignore'
[0.357s] Level 1:colcon.colcon_core.package_identification:_identify(src/webots_ros2/webots_ros2_universal_robot) by extension 'ignore_ament_install'
[0.357s] Level 1:colcon.colcon_core.package_identification:_identify(src/webots_ros2/webots_ros2_universal_robot) by extensions ['colcon_pkg']
[0.357s] Level 1:colcon.colcon_core.package_identification:_identify(src/webots_ros2/webots_ros2_universal_robot) by extension 'colcon_pkg'
[0.357s] Level 1:colcon.colcon_core.package_identification:_identify(src/webots_ros2/webots_ros2_universal_robot) by extensions ['colcon_meta']
[0.357s] Level 1:colcon.colcon_core.package_identification:_identify(src/webots_ros2/webots_ros2_universal_robot) by extension 'colcon_meta'
[0.357s] Level 1:colcon.colcon_core.package_identification:_identify(src/webots_ros2/webots_ros2_universal_robot) by extensions ['ros']
[0.357s] Level 1:colcon.colcon_core.package_identification:_identify(src/webots_ros2/webots_ros2_universal_robot) by extension 'ros'
[0.358s] DEBUG:colcon.colcon_core.package_identification:Package 'src/webots_ros2/webots_ros2_universal_robot' with type 'ros.ament_python' and name 'webots_ros2_universal_robot'
[0.358s] Level 1:colcon.colcon_core.package_discovery:discover_packages(recursive) using defaults
[0.358s] Level 1:colcon.colcon_core.package_discovery:discover_packages(ignore) discover
[0.358s] Level 1:colcon.colcon_core.package_discovery:discover_packages(ignore) using defaults
[0.358s] Level 1:colcon.colcon_core.package_discovery:discover_packages(path) discover
[0.358s] Level 1:colcon.colcon_core.package_discovery:discover_packages(path) using defaults
[0.385s] Level 1:colcon.colcon_core.package_discovery:discover_packages(prefix_path) check parameters
[0.385s] Level 1:colcon.colcon_core.package_discovery:discover_packages(prefix_path) discover
[0.386s] WARNING:colcon.colcon_ros.prefix_path.ament:The path '/home/cjayahansa/ros2N_ws/install/webots_ros2' in the environment variable AMENT_PREFIX_PATH doesn't exist
[0.387s] WARNING:colcon.colcon_ros.prefix_path.ament:The path '/home/cjayahansa/ros2N_ws/install/webots_ros2_universal_robot' in the environment variable AMENT_PREFIX_PATH doesn't exist
[0.387s] WARNING:colcon.colcon_ros.prefix_path.ament:The path '/home/cjayahansa/ros2N_ws/install/webots_ros2_turtlebot' in the environment variable AMENT_PREFIX_PATH doesn't exist
[0.387s] WARNING:colcon.colcon_ros.prefix_path.ament:The path '/home/cjayahansa/ros2N_ws/install/webots_ros2_tiago' in the environment variable AMENT_PREFIX_PATH doesn't exist
[0.387s] WARNING:colcon.colcon_ros.prefix_path.ament:The path '/home/cjayahansa/ros2N_ws/install/webots_ros2_tests' in the environment variable AMENT_PREFIX_PATH doesn't exist
[0.387s] WARNING:colcon.colcon_ros.prefix_path.ament:The path '/home/cjayahansa/ros2N_ws/install/webots_ros2_tesla' in the environment variable AMENT_PREFIX_PATH doesn't exist
[0.387s] WARNING:colcon.colcon_ros.prefix_path.ament:The path '/home/cjayahansa/ros2N_ws/install/webots_ros2_mavic' in the environment variable AMENT_PREFIX_PATH doesn't exist
[0.387s] WARNING:colcon.colcon_ros.prefix_path.ament:The path '/home/cjayahansa/ros2N_ws/install/webots_ros2_husarion' in the environment variable AMENT_PREFIX_PATH doesn't exist
[0.387s] WARNING:colcon.colcon_ros.prefix_path.ament:The path '/home/cjayahansa/ros2N_ws/install/webots_ros2_epuck' in the environment variable AMENT_PREFIX_PATH doesn't exist
[0.387s] WARNING:colcon.colcon_ros.prefix_path.ament:The path '/home/cjayahansa/ros2N_ws/install/webots_ros2_crazyflie' in the environment variable AMENT_PREFIX_PATH doesn't exist
[0.387s] WARNING:colcon.colcon_ros.prefix_path.ament:The path '/home/cjayahansa/ros2N_ws/install/webots_ros2_control' in the environment variable AMENT_PREFIX_PATH doesn't exist
[0.387s] WARNING:colcon.colcon_ros.prefix_path.ament:The path '/home/cjayahansa/ros2N_ws/install/webots_ros2_driver' in the environment variable AMENT_PREFIX_PATH doesn't exist
[0.387s] WARNING:colcon.colcon_ros.prefix_path.ament:The path '/home/cjayahansa/ros2N_ws/install/webots_ros2_msgs' in the environment variable AMENT_PREFIX_PATH doesn't exist
[0.387s] WARNING:colcon.colcon_ros.prefix_path.ament:The path '/home/cjayahansa/ros2N_ws/install/webots_ros2_importer' in the environment variable AMENT_PREFIX_PATH doesn't exist
[0.387s] WARNING:colcon.colcon_ros.prefix_path.catkin:The path '/home/cjayahansa/ros2N_ws/install/webots_ros2_control' in the environment variable CMAKE_PREFIX_PATH doesn't exist
[0.387s] WARNING:colcon.colcon_ros.prefix_path.catkin:The path '/home/cjayahansa/ros2N_ws/install/webots_ros2_driver' in the environment variable CMAKE_PREFIX_PATH doesn't exist
[0.387s] WARNING:colcon.colcon_ros.prefix_path.catkin:The path '/home/cjayahansa/ros2N_ws/install/webots_ros2_msgs' in the environment variable CMAKE_PREFIX_PATH doesn't exist
[0.388s] DEBUG:colcon.colcon_installed_package_information.package_discovery:Found 0 installed packages in /home/cjayahansa/ros2N_ws/install
[0.388s] DEBUG:colcon.colcon_installed_package_information.package_discovery:Found 1 installed packages in /home/cjayahansa/ros2_ws/install
[0.389s] DEBUG:colcon.colcon_installed_package_information.package_discovery:Found 329 installed packages in /opt/ros/humble
[0.391s] Level 1:colcon.colcon_core.package_discovery:discover_packages(prefix_path) using defaults
[0.466s] Level 5:colcon.colcon_core.verb:set package 'webots_ros2_importer' build argument 'cmake_args' from command line to 'None'
[0.466s] Level 5:colcon.colcon_core.verb:set package 'webots_ros2_importer' build argument 'cmake_target' from command line to 'None'
[0.466s] Level 5:colcon.colcon_core.verb:set package 'webots_ros2_importer' build argument 'cmake_target_skip_unavailable' from command line to 'False'
[0.466s] Level 5:colcon.colcon_core.verb:set package 'webots_ros2_importer' build argument 'cmake_clean_cache' from command line to 'False'
[0.466s] Level 5:colcon.colcon_core.verb:set package 'webots_ros2_importer' build argument 'cmake_clean_first' from command line to 'False'
[0.467s] Level 5:colcon.colcon_core.verb:set package 'webots_ros2_importer' build argument 'cmake_force_configure' from command line to 'False'
[0.467s] Level 5:colcon.colcon_core.verb:set package 'webots_ros2_importer' build argument 'ament_cmake_args' from command line to 'None'
[0.467s] Level 5:colcon.colcon_core.verb:set package 'webots_ros2_importer' build argument 'catkin_cmake_args' from command line to 'None'
[0.467s] Level 5:colcon.colcon_core.verb:set package 'webots_ros2_importer' build argument 'catkin_skip_building_tests' from command line to 'False'
[0.467s] DEBUG:colcon.colcon_core.verb:Building package 'webots_ros2_importer' with the following arguments: {'ament_cmake_args': None, 'build_base': '/home/cjayahansa/ros2N_ws/build/webots_ros2_importer', 'catkin_cmake_args': None, 'catkin_skip_building_tests': False, 'cmake_args': None, 'cmake_clean_cache': False, 'cmake_clean_first': False, 'cmake_force_configure': False, 'cmake_target': None, 'cmake_target_skip_unavailable': False, 'install_base': '/home/cjayahansa/ros2N_ws/install/webots_ros2_importer', 'merge_install': False, 'path': '/home/cjayahansa/ros2N_ws/src/webots_ros2/webots_ros2_importer', 'symlink_install': True, 'test_result_base': None}
[0.467s] Level 5:colcon.colcon_core.verb:set package 'webots_ros2_msgs' build argument 'cmake_args' from command line to 'None'
[0.467s] Level 5:colcon.colcon_core.verb:set package 'webots_ros2_msgs' build argument 'cmake_target' from command line to 'None'
[0.467s] Level 5:colcon.colcon_core.verb:set package 'webots_ros2_msgs' build argument 'cmake_target_skip_unavailable' from command line to 'False'
[0.467s] Level 5:colcon.colcon_core.verb:set package 'webots_ros2_msgs' build argument 'cmake_clean_cache' from command line to 'False'
[0.467s] Level 5:colcon.colcon_core.verb:set package 'webots_ros2_msgs' build argument 'cmake_clean_first' from command line to 'False'
[0.467s] Level 5:colcon.colcon_core.verb:set package 'webots_ros2_msgs' build argument 'cmake_force_configure' from command line to 'False'
[0.467s] Level 5:colcon.colcon_core.verb:set package 'webots_ros2_msgs' build argument 'ament_cmake_args' from command line to 'None'
[0.467s] Level 5:colcon.colcon_core.verb:set package 'webots_ros2_msgs' build argument 'catkin_cmake_args' from command line to 'None'
[0.467s] Level 5:colcon.colcon_core.verb:set package 'webots_ros2_msgs' build argument 'catkin_skip_building_tests' from command line to 'False'
[0.467s] DEBUG:colcon.colcon_core.verb:Building package 'webots_ros2_msgs' with the following arguments: {'ament_cmake_args': None, 'build_base': '/home/cjayahansa/ros2N_ws/build/webots_ros2_msgs', 'catkin_cmake_args': None, 'catkin_skip_building_tests': False, 'cmake_args': None, 'cmake_clean_cache': False, 'cmake_clean_first': False, 'cmake_force_configure': False, 'cmake_target': None, 'cmake_target_skip_unavailable': False, 'install_base': '/home/cjayahansa/ros2N_ws/install/webots_ros2_msgs', 'merge_install': False, 'path': '/home/cjayahansa/ros2N_ws/src/webots_ros2/webots_ros2_msgs', 'symlink_install': True, 'test_result_base': None}
[0.467s] Level 5:colcon.colcon_core.verb:set package 'webots_ros2_driver' build argument 'cmake_args' from command line to 'None'
[0.467s] Level 5:colcon.colcon_core.verb:set package 'webots_ros2_driver' build argument 'cmake_target' from command line to 'None'
[0.467s] Level 5:colcon.colcon_core.verb:set package 'webots_ros2_driver' build argument 'cmake_target_skip_unavailable' from command line to 'False'
[0.467s] Level 5:colcon.colcon_core.verb:set package 'webots_ros2_driver' build argument 'cmake_clean_cache' from command line to 'False'
[0.467s] Level 5:colcon.colcon_core.verb:set package 'webots_ros2_driver' build argument 'cmake_clean_first' from command line to 'False'
[0.467s] Level 5:colcon.colcon_core.verb:set package 'webots_ros2_driver' build argument 'cmake_force_configure' from command line to 'False'
[0.467s] Level 5:colcon.colcon_core.verb:set package 'webots_ros2_driver' build argument 'ament_cmake_args' from command line to 'None'
[0.467s] Level 5:colcon.colcon_core.verb:set package 'webots_ros2_driver' build argument 'catkin_cmake_args' from command line to 'None'
[0.467s] Level 5:colcon.colcon_core.verb:set package 'webots_ros2_driver' build argument 'catkin_skip_building_tests' from command line to 'False'
[0.468s] DEBUG:colcon.colcon_core.verb:Building package 'webots_ros2_driver' with the following arguments: {'ament_cmake_args': None, 'build_base': '/home/cjayahansa/ros2N_ws/build/webots_ros2_driver', 'catkin_cmake_args': None, 'catkin_skip_building_tests': False, 'cmake_args': None, 'cmake_clean_cache': False, 'cmake_clean_first': False, 'cmake_force_configure': False, 'cmake_target': None, 'cmake_target_skip_unavailable': False, 'install_base': '/home/cjayahansa/ros2N_ws/install/webots_ros2_driver', 'merge_install': False, 'path': '/home/cjayahansa/ros2N_ws/src/webots_ros2/webots_ros2_driver', 'symlink_install': True, 'test_result_base': None}
[0.468s] Level 5:colcon.colcon_core.verb:set package 'webots_ros2_control' build argument 'cmake_args' from command line to 'None'
[0.468s] Level 5:colcon.colcon_core.verb:set package 'webots_ros2_control' build argument 'cmake_target' from command line to 'None'
[0.468s] Level 5:colcon.colcon_core.verb:set package 'webots_ros2_control' build argument 'cmake_target_skip_unavailable' from command line to 'False'
[0.468s] Level 5:colcon.colcon_core.verb:set package 'webots_ros2_control' build argument 'cmake_clean_cache' from command line to 'False'
[0.468s] Level 5:colcon.colcon_core.verb:set package 'webots_ros2_control' build argument 'cmake_clean_first' from command line to 'False'
[0.468s] Level 5:colcon.colcon_core.verb:set package 'webots_ros2_control' build argument 'cmake_force_configure' from command line to 'False'
[0.468s] Level 5:colcon.colcon_core.verb:set package 'webots_ros2_control' build argument 'ament_cmake_args' from command line to 'None'
[0.468s] Level 5:colcon.colcon_core.verb:set package 'webots_ros2_control' build argument 'catkin_cmake_args' from command line to 'None'
[0.468s] Level 5:colcon.colcon_core.verb:set package 'webots_ros2_control' build argument 'catkin_skip_building_tests' from command line to 'False'
[0.468s] DEBUG:colcon.colcon_core.verb:Building package 'webots_ros2_control' with the following arguments: {'ament_cmake_args': None, 'build_base': '/home/cjayahansa/ros2N_ws/build/webots_ros2_control', 'catkin_cmake_args': None, 'catkin_skip_building_tests': False, 'cmake_args': None, 'cmake_clean_cache': False, 'cmake_clean_first': False, 'cmake_force_configure': False, 'cmake_target': None, 'cmake_target_skip_unavailable': False, 'install_base': '/home/cjayahansa/ros2N_ws/install/webots_ros2_control', 'merge_install': False, 'path': '/home/cjayahansa/ros2N_ws/src/webots_ros2/webots_ros2_control', 'symlink_install': True, 'test_result_base': None}
[0.468s] Level 5:colcon.colcon_core.verb:set package 'webots_ros2_crazyflie' build argument 'cmake_args' from command line to 'None'
[0.468s] Level 5:colcon.colcon_core.verb:set package 'webots_ros2_crazyflie' build argument 'cmake_target' from command line to 'None'
[0.468s] Level 5:colcon.colcon_core.verb:set package 'webots_ros2_crazyflie' build argument 'cmake_target_skip_unavailable' from command line to 'False'
[0.468s] Level 5:colcon.colcon_core.verb:set package 'webots_ros2_crazyflie' build argument 'cmake_clean_cache' from command line to 'False'
[0.468s] Level 5:colcon.colcon_core.verb:set package 'webots_ros2_crazyflie' build argument 'cmake_clean_first' from command line to 'False'
[0.468s] Level 5:colcon.colcon_core.verb:set package 'webots_ros2_crazyflie' build argument 'cmake_force_configure' from command line to 'False'
[0.468s] Level 5:colcon.colcon_core.verb:set package 'webots_ros2_crazyflie' build argument 'ament_cmake_args' from command line to 'None'
[0.468s] Level 5:colcon.colcon_core.verb:set package 'webots_ros2_crazyflie' build argument 'catkin_cmake_args' from command line to 'None'
[0.468s] Level 5:colcon.colcon_core.verb:set package 'webots_ros2_crazyflie' build argument 'catkin_skip_building_tests' from command line to 'False'
[0.468s] DEBUG:colcon.colcon_core.verb:Building package 'webots_ros2_crazyflie' with the following arguments: {'ament_cmake_args': None, 'build_base': '/home/cjayahansa/ros2N_ws/build/webots_ros2_crazyflie', 'catkin_cmake_args': None, 'catkin_skip_building_tests': False, 'cmake_args': None, 'cmake_clean_cache': False, 'cmake_clean_first': False, 'cmake_force_configure': False, 'cmake_target': None, 'cmake_target_skip_unavailable': False, 'install_base': '/home/cjayahansa/ros2N_ws/install/webots_ros2_crazyflie', 'merge_install': False, 'path': '/home/cjayahansa/ros2N_ws/src/webots_ros2/webots_ros2_crazyflie', 'symlink_install': True, 'test_result_base': None}
[0.469s] Level 5:colcon.colcon_core.verb:set package 'webots_ros2_mavic' build argument 'cmake_args' from command line to 'None'
[0.469s] Level 5:colcon.colcon_core.verb:set package 'webots_ros2_mavic' build argument 'cmake_target' from command line to 'None'
[0.469s] Level 5:colcon.colcon_core.verb:set package 'webots_ros2_mavic' build argument 'cmake_target_skip_unavailable' from command line to 'False'
[0.469s] Level 5:colcon.colcon_core.verb:set package 'webots_ros2_mavic' build argument 'cmake_clean_cache' from command line to 'False'
[0.469s] Level 5:colcon.colcon_core.verb:set package 'webots_ros2_mavic' build argument 'cmake_clean_first' from command line to 'False'
[0.469s] Level 5:colcon.colcon_core.verb:set package 'webots_ros2_mavic' build argument 'cmake_force_configure' from command line to 'False'
[0.469s] Level 5:colcon.colcon_core.verb:set package 'webots_ros2_mavic' build argument 'ament_cmake_args' from command line to 'None'
[0.469s] Level 5:colcon.colcon_core.verb:set package 'webots_ros2_mavic' build argument 'catkin_cmake_args' from command line to 'None'
[0.469s] Level 5:colcon.colcon_core.verb:set package 'webots_ros2_mavic' build argument 'catkin_skip_building_tests' from command line to 'False'
[0.469s] DEBUG:colcon.colcon_core.verb:Building package 'webots_ros2_mavic' with the following arguments: {'ament_cmake_args': None, 'build_base': '/home/cjayahansa/ros2N_ws/build/webots_ros2_mavic', 'catkin_cmake_args': None, 'catkin_skip_building_tests': False, 'cmake_args': None, 'cmake_clean_cache': False, 'cmake_clean_first': False, 'cmake_force_configure': False, 'cmake_target': None, 'cmake_target_skip_unavailable': False, 'install_base': '/home/cjayahansa/ros2N_ws/install/webots_ros2_mavic', 'merge_install': False, 'path': '/home/cjayahansa/ros2N_ws/src/webots_ros2/webots_ros2_mavic', 'symlink_install': True, 'test_result_base': None}
[0.469s] Level 5:colcon.colcon_core.verb:set package 'webots_ros2_tesla' build argument 'cmake_args' from command line to 'None'
[0.469s] Level 5:colcon.colcon_core.verb:set package 'webots_ros2_tesla' build argument 'cmake_target' from command line to 'None'
[0.469s] Level 5:colcon.colcon_core.verb:set package 'webots_ros2_tesla' build argument 'cmake_target_skip_unavailable' from command line to 'False'
[0.469s] Level 5:colcon.colcon_core.verb:set package 'webots_ros2_tesla' build argument 'cmake_clean_cache' from command line to 'False'
[0.469s] Level 5:colcon.colcon_core.verb:set package 'webots_ros2_tesla' build argument 'cmake_clean_first' from command line to 'False'
[0.469s] Level 5:colcon.colcon_core.verb:set package 'webots_ros2_tesla' build argument 'cmake_force_configure' from command line to 'False'
[0.469s] Level 5:colcon.colcon_core.verb:set package 'webots_ros2_tesla' build argument 'ament_cmake_args' from command line to 'None'
[0.469s] Level 5:colcon.colcon_core.verb:set package 'webots_ros2_tesla' build argument 'catkin_cmake_args' from command line to 'None'
[0.469s] Level 5:colcon.colcon_core.verb:set package 'webots_ros2_tesla' build argument 'catkin_skip_building_tests' from command line to 'False'
[0.469s] DEBUG:colcon.colcon_core.verb:Building package 'webots_ros2_tesla' with the following arguments: {'ament_cmake_args': None, 'build_base': '/home/cjayahansa/ros2N_ws/build/webots_ros2_tesla', 'catkin_cmake_args': None, 'catkin_skip_building_tests': False, 'cmake_args': None, 'cmake_clean_cache': False, 'cmake_clean_first': False, 'cmake_force_configure': False, 'cmake_target': None, 'cmake_target_skip_unavailable': False, 'install_base': '/home/cjayahansa/ros2N_ws/install/webots_ros2_tesla', 'merge_install': False, 'path': '/home/cjayahansa/ros2N_ws/src/webots_ros2/webots_ros2_tesla', 'symlink_install': True, 'test_result_base': None}
[0.469s] Level 5:colcon.colcon_core.verb:set package 'webots_ros2_epuck' build argument 'cmake_args' from command line to 'None'
[0.470s] Level 5:colcon.colcon_core.verb:set package 'webots_ros2_epuck' build argument 'cmake_target' from command line to 'None'
[0.470s] Level 5:colcon.colcon_core.verb:set package 'webots_ros2_epuck' build argument 'cmake_target_skip_unavailable' from command line to 'False'
[0.470s] Level 5:colcon.colcon_core.verb:set package 'webots_ros2_epuck' build argument 'cmake_clean_cache' from command line to 'False'
[0.470s] Level 5:colcon.colcon_core.verb:set package 'webots_ros2_epuck' build argument 'cmake_clean_first' from command line to 'False'
[0.470s] Level 5:colcon.colcon_core.verb:set package 'webots_ros2_epuck' build argument 'cmake_force_configure' from command line to 'False'
[0.470s] Level 5:colcon.colcon_core.verb:set package 'webots_ros2_epuck' build argument 'ament_cmake_args' from command line to 'None'
[0.470s] Level 5:colcon.colcon_core.verb:set package 'webots_ros2_epuck' build argument 'catkin_cmake_args' from command line to 'None'
[0.470s] Level 5:colcon.colcon_core.verb:set package 'webots_ros2_epuck' build argument 'catkin_skip_building_tests' from command line to 'False'
[0.470s] DEBUG:colcon.colcon_core.verb:Building package 'webots_ros2_epuck' with the following arguments: {'ament_cmake_args': None, 'build_base': '/home/cjayahansa/ros2N_ws/build/webots_ros2_epuck', 'catkin_cmake_args': None, 'catkin_skip_building_tests': False, 'cmake_args': None, 'cmake_clean_cache': False, 'cmake_clean_first': False, 'cmake_force_configure': False, 'cmake_target': None, 'cmake_target_skip_unavailable': False, 'install_base': '/home/cjayahansa/ros2N_ws/install/webots_ros2_epuck', 'merge_install': False, 'path': '/home/cjayahansa/ros2N_ws/src/webots_ros2/webots_ros2_epuck', 'symlink_install': True, 'test_result_base': None}
[0.470s] Level 5:colcon.colcon_core.verb:set package 'webots_ros2_husarion' build argument 'cmake_args' from command line to 'None'
[0.470s] Level 5:colcon.colcon_core.verb:set package 'webots_ros2_husarion' build argument 'cmake_target' from command line to 'None'
[0.470s] Level 5:colcon.colcon_core.verb:set package 'webots_ros2_husarion' build argument 'cmake_target_skip_unavailable' from command line to 'False'
[0.470s] Level 5:colcon.colcon_core.verb:set package 'webots_ros2_husarion' build argument 'cmake_clean_cache' from command line to 'False'
[0.470s] Level 5:colcon.colcon_core.verb:set package 'webots_ros2_husarion' build argument 'cmake_clean_first' from command line to 'False'
[0.470s] Level 5:colcon.colcon_core.verb:set package 'webots_ros2_husarion' build argument 'cmake_force_configure' from command line to 'False'
[0.470s] Level 5:colcon.colcon_core.verb:set package 'webots_ros2_husarion' build argument 'ament_cmake_args' from command line to 'None'
[0.470s] Level 5:colcon.colcon_core.verb:set package 'webots_ros2_husarion' build argument 'catkin_cmake_args' from command line to 'None'
[0.470s] Level 5:colcon.colcon_core.verb:set package 'webots_ros2_husarion' build argument 'catkin_skip_building_tests' from command line to 'False'
[0.470s] DEBUG:colcon.colcon_core.verb:Building package 'webots_ros2_husarion' with the following arguments: {'ament_cmake_args': None, 'build_base': '/home/cjayahansa/ros2N_ws/build/webots_ros2_husarion', 'catkin_cmake_args': None, 'catkin_skip_building_tests': False, 'cmake_args': None, 'cmake_clean_cache': False, 'cmake_clean_first': False, 'cmake_force_configure': False, 'cmake_target': None, 'cmake_target_skip_unavailable': False, 'install_base': '/home/cjayahansa/ros2N_ws/install/webots_ros2_husarion', 'merge_install': False, 'path': '/home/cjayahansa/ros2N_ws/src/webots_ros2/webots_ros2_husarion', 'symlink_install': True, 'test_result_base': None}
[0.470s] Level 5:colcon.colcon_core.verb:set package 'webots_ros2_tiago' build argument 'cmake_args' from command line to 'None'
[0.470s] Level 5:colcon.colcon_core.verb:set package 'webots_ros2_tiago' build argument 'cmake_target' from command line to 'None'
[0.470s] Level 5:colcon.colcon_core.verb:set package 'webots_ros2_tiago' build argument 'cmake_target_skip_unavailable' from command line to 'False'
[0.470s] Level 5:colcon.colcon_core.verb:set package 'webots_ros2_tiago' build argument 'cmake_clean_cache' from command line to 'False'
[0.470s] Level 5:colcon.colcon_core.verb:set package 'webots_ros2_tiago' build argument 'cmake_clean_first' from command line to 'False'
[0.470s] Level 5:colcon.colcon_core.verb:set package 'webots_ros2_tiago' build argument 'cmake_force_configure' from command line to 'False'
[0.470s] Level 5:colcon.colcon_core.verb:set package 'webots_ros2_tiago' build argument 'ament_cmake_args' from command line to 'None'
[0.470s] Level 5:colcon.colcon_core.verb:set package 'webots_ros2_tiago' build argument 'catkin_cmake_args' from command line to 'None'
[0.470s] Level 5:colcon.colcon_core.verb:set package 'webots_ros2_tiago' build argument 'catkin_skip_building_tests' from command line to 'False'
[0.471s] DEBUG:colcon.colcon_core.verb:Building package 'webots_ros2_tiago' with the following arguments: {'ament_cmake_args': None, 'build_base': '/home/cjayahansa/ros2N_ws/build/webots_ros2_tiago', 'catkin_cmake_args': None, 'catkin_skip_building_tests': False, 'cmake_args': None, 'cmake_clean_cache': False, 'cmake_clean_first': False, 'cmake_force_configure': False, 'cmake_target': None, 'cmake_target_skip_unavailable': False, 'install_base': '/home/cjayahansa/ros2N_ws/install/webots_ros2_tiago', 'merge_install': False, 'path': '/home/cjayahansa/ros2N_ws/src/webots_ros2/webots_ros2_tiago', 'symlink_install': True, 'test_result_base': None}
[0.471s] Level 5:colcon.colcon_core.verb:set package 'webots_ros2_turtlebot' build argument 'cmake_args' from command line to 'None'
[0.471s] Level 5:colcon.colcon_core.verb:set package 'webots_ros2_turtlebot' build argument 'cmake_target' from command line to 'None'
[0.471s] Level 5:colcon.colcon_core.verb:set package 'webots_ros2_turtlebot' build argument 'cmake_target_skip_unavailable' from command line to 'False'
[0.471s] Level 5:colcon.colcon_core.verb:set package 'webots_ros2_turtlebot' build argument 'cmake_clean_cache' from command line to 'False'
[0.471s] Level 5:colcon.colcon_core.verb:set package 'webots_ros2_turtlebot' build argument 'cmake_clean_first' from command line to 'False'
[0.471s] Level 5:colcon.colcon_core.verb:set package 'webots_ros2_turtlebot' build argument 'cmake_force_configure' from command line to 'False'
[0.471s] Level 5:colcon.colcon_core.verb:set package 'webots_ros2_turtlebot' build argument 'ament_cmake_args' from command line to 'None'
[0.471s] Level 5:colcon.colcon_core.verb:set package 'webots_ros2_turtlebot' build argument 'catkin_cmake_args' from command line to 'None'
[0.471s] Level 5:colcon.colcon_core.verb:set package 'webots_ros2_turtlebot' build argument 'catkin_skip_building_tests' from command line to 'False'
[0.471s] DEBUG:colcon.colcon_core.verb:Building package 'webots_ros2_turtlebot' with the following arguments: {'ament_cmake_args': None, 'build_base': '/home/cjayahansa/ros2N_ws/build/webots_ros2_turtlebot', 'catkin_cmake_args': None, 'catkin_skip_building_tests': False, 'cmake_args': None, 'cmake_clean_cache': False, 'cmake_clean_first': False, 'cmake_force_configure': False, 'cmake_target': None, 'cmake_target_skip_unavailable': False, 'install_base': '/home/cjayahansa/ros2N_ws/install/webots_ros2_turtlebot', 'merge_install': False, 'path': '/home/cjayahansa/ros2N_ws/src/webots_ros2/webots_ros2_turtlebot', 'symlink_install': True, 'test_result_base': None}
[0.471s] Level 5:colcon.colcon_core.verb:set package 'webots_ros2_universal_robot' build argument 'cmake_args' from command line to 'None'
[0.471s] Level 5:colcon.colcon_core.verb:set package 'webots_ros2_universal_robot' build argument 'cmake_target' from command line to 'None'
[0.471s] Level 5:colcon.colcon_core.verb:set package 'webots_ros2_universal_robot' build argument 'cmake_target_skip_unavailable' from command line to 'False'
[0.471s] Level 5:colcon.colcon_core.verb:set package 'webots_ros2_universal_robot' build argument 'cmake_clean_cache' from command line to 'False'
[0.471s] Level 5:colcon.colcon_core.verb:set package 'webots_ros2_universal_robot' build argument 'cmake_clean_first' from command line to 'False'
[0.471s] Level 5:colcon.colcon_core.verb:set package 'webots_ros2_universal_robot' build argument 'cmake_force_configure' from command line to 'False'
[0.471s] Level 5:colcon.colcon_core.verb:set package 'webots_ros2_universal_robot' build argument 'ament_cmake_args' from command line to 'None'
[0.471s] Level 5:colcon.colcon_core.verb:set package 'webots_ros2_universal_robot' build argument 'catkin_cmake_args' from command line to 'None'
[0.471s] Level 5:colcon.colcon_core.verb:set package 'webots_ros2_universal_robot' build argument 'catkin_skip_building_tests' from command line to 'False'
[0.471s] DEBUG:colcon.colcon_core.verb:Building package 'webots_ros2_universal_robot' with the following arguments: {'ament_cmake_args': None, 'build_base': '/home/cjayahansa/ros2N_ws/build/webots_ros2_universal_robot', 'catkin_cmake_args': None, 'catkin_skip_building_tests': False, 'cmake_args': None, 'cmake_clean_cache': False, 'cmake_clean_first': False, 'cmake_force_configure': False, 'cmake_target': None, 'cmake_target_skip_unavailable': False, 'install_base': '/home/cjayahansa/ros2N_ws/install/webots_ros2_universal_robot', 'merge_install': False, 'path': '/home/cjayahansa/ros2N_ws/src/webots_ros2/webots_ros2_universal_robot', 'symlink_install': True, 'test_result_base': None}
[0.472s] Level 5:colcon.colcon_core.verb:set package 'webots_ros2_tests' build argument 'cmake_args' from command line to 'None'
[0.472s] Level 5:colcon.colcon_core.verb:set package 'webots_ros2_tests' build argument 'cmake_target' from command line to 'None'
[0.472s] Level 5:colcon.colcon_core.verb:set package 'webots_ros2_tests' build argument 'cmake_target_skip_unavailable' from command line to 'False'
[0.472s] Level 5:colcon.colcon_core.verb:set package 'webots_ros2_tests' build argument 'cmake_clean_cache' from command line to 'False'
[0.472s] Level 5:colcon.colcon_core.verb:set package 'webots_ros2_tests' build argument 'cmake_clean_first' from command line to 'False'
[0.472s] Level 5:colcon.colcon_core.verb:set package 'webots_ros2_tests' build argument 'cmake_force_configure' from command line to 'False'
[0.472s] Level 5:colcon.colcon_core.verb:set package 'webots_ros2_tests' build argument 'ament_cmake_args' from command line to 'None'
[0.472s] Level 5:colcon.colcon_core.verb:set package 'webots_ros2_tests' build argument 'catkin_cmake_args' from command line to 'None'
[0.472s] Level 5:colcon.colcon_core.verb:set package 'webots_ros2_tests' build argument 'catkin_skip_building_tests' from command line to 'False'
[0.472s] DEBUG:colcon.colcon_core.verb:Building package 'webots_ros2_tests' with the following arguments: {'ament_cmake_args': None, 'build_base': '/home/cjayahansa/ros2N_ws/build/webots_ros2_tests', 'catkin_cmake_args': None, 'catkin_skip_building_tests': False, 'cmake_args': None, 'cmake_clean_cache': False, 'cmake_clean_first': False, 'cmake_force_configure': False, 'cmake_target': None, 'cmake_target_skip_unavailable': False, 'install_base': '/home/cjayahansa/ros2N_ws/install/webots_ros2_tests', 'merge_install': False, 'path': '/home/cjayahansa/ros2N_ws/src/webots_ros2/webots_ros2_tests', 'symlink_install': True, 'test_result_base': None}
[0.472s] Level 5:colcon.colcon_core.verb:set package 'webots_ros2' build argument 'cmake_args' from command line to 'None'
[0.472s] Level 5:colcon.colcon_core.verb:set package 'webots_ros2' build argument 'cmake_target' from command line to 'None'
[0.472s] Level 5:colcon.colcon_core.verb:set package 'webots_ros2' build argument 'cmake_target_skip_unavailable' from command line to 'False'
[0.472s] Level 5:colcon.colcon_core.verb:set package 'webots_ros2' build argument 'cmake_clean_cache' from command line to 'False'
[0.472s] Level 5:colcon.colcon_core.verb:set package 'webots_ros2' build argument 'cmake_clean_first' from command line to 'False'
[0.472s] Level 5:colcon.colcon_core.verb:set package 'webots_ros2' build argument 'cmake_force_configure' from command line to 'False'
[0.472s] Level 5:colcon.colcon_core.verb:set package 'webots_ros2' build argument 'ament_cmake_args' from command line to 'None'
[0.472s] Level 5:colcon.colcon_core.verb:set package 'webots_ros2' build argument 'catkin_cmake_args' from command line to 'None'
[0.472s] Level 5:colcon.colcon_core.verb:set package 'webots_ros2' build argument 'catkin_skip_building_tests' from command line to 'False'
[0.472s] DEBUG:colcon.colcon_core.verb:Building package 'webots_ros2' with the following arguments: {'ament_cmake_args': None, 'build_base': '/home/cjayahansa/ros2N_ws/build/webots_ros2', 'catkin_cmake_args': None, 'catkin_skip_building_tests': False, 'cmake_args': None, 'cmake_clean_cache': False, 'cmake_clean_first': False, 'cmake_force_configure': False, 'cmake_target': None, 'cmake_target_skip_unavailable': False, 'install_base': '/home/cjayahansa/ros2N_ws/install/webots_ros2', 'merge_install': False, 'path': '/home/cjayahansa/ros2N_ws/src/webots_ros2/webots_ros2', 'symlink_install': True, 'test_result_base': None}
[0.472s] INFO:colcon.colcon_core.executor:Executing jobs using 'parallel' executor
[0.473s] DEBUG:colcon.colcon_parallel_executor.executor.parallel:run_until_complete
[0.474s] INFO:colcon.colcon_ros.task.ament_python.build:Building ROS package in '/home/cjayahansa/ros2N_ws/src/webots_ros2/webots_ros2_importer' with build type 'ament_python'
[0.474s] Level 1:colcon.colcon_core.shell:create_environment_hook('webots_ros2_importer', 'ament_prefix_path')
[0.478s] INFO:colcon.colcon_core.plugin_system:Skipping extension 'colcon_core.shell.bat': Not used on non-Windows systems
[0.478s] INFO:colcon.colcon_core.shell:Creating environment hook '/home/cjayahansa/ros2N_ws/install/webots_ros2_importer/share/webots_ros2_importer/hook/ament_prefix_path.ps1'
[0.478s] INFO:colcon.colcon_core.shell:Creating environment descriptor '/home/cjayahansa/ros2N_ws/install/webots_ros2_importer/share/webots_ros2_importer/hook/ament_prefix_path.dsv'
[0.479s] INFO:colcon.colcon_core.shell:Creating environment hook '/home/cjayahansa/ros2N_ws/install/webots_ros2_importer/share/webots_ros2_importer/hook/ament_prefix_path.sh'
[0.479s] INFO:colcon.colcon_core.shell:Skip shell extension 'powershell' for command environment: Not usable outside of PowerShell
[0.479s] DEBUG:colcon.colcon_core.shell:Skip shell extension 'dsv' for command environment
[0.483s] INFO:colcon.colcon_ros.task.ament_cmake.build:Building ROS package in '/home/cjayahansa/ros2N_ws/src/webots_ros2/webots_ros2_msgs' with build type 'ament_cmake'
[0.483s] INFO:colcon.colcon_cmake.task.cmake.build:Building CMake package in '/home/cjayahansa/ros2N_ws/src/webots_ros2/webots_ros2_msgs'
[0.484s] INFO:colcon.colcon_core.shell:Skip shell extension 'powershell' for command environment: Not usable outside of PowerShell
[0.484s] DEBUG:colcon.colcon_core.shell:Skip shell extension 'dsv' for command environment
[0.744s] INFO:colcon.colcon_core.task.python.build:Building Python package in '/home/cjayahansa/ros2N_ws/src/webots_ros2/webots_ros2_importer'
[0.744s] INFO:colcon.colcon_core.shell:Skip shell extension 'powershell' for command environment: Not usable outside of PowerShell
[0.744s] DEBUG:colcon.colcon_core.shell:Skip shell extension 'dsv' for command environment
[0.752s] DEBUG:colcon.colcon_core.event_handler.log_command:Invoking command in '/home/cjayahansa/ros2N_ws/build/webots_ros2_msgs': CMAKE_PREFIX_PATH=${CMAKE_PREFIX_PATH}:/home/cjayahansa/ros2N_ws/install/webots_ros2:/home/cjayahansa/ros2N_ws/install/webots_ros2_universal_robot:/home/cjayahansa/ros2N_ws/install/webots_ros2_turtlebot:/home/cjayahansa/ros2N_ws/install/webots_ros2_tiago:/home/cjayahansa/ros2N_ws/install/webots_ros2_tests:/home/cjayahansa/ros2N_ws/install/webots_ros2_tesla:/home/cjayahansa/ros2N_ws/install/webots_ros2_mavic:/home/cjayahansa/ros2N_ws/install/webots_ros2_husarion:/home/cjayahansa/ros2N_ws/install/webots_ros2_epuck:/home/cjayahansa/ros2N_ws/install/webots_ros2_crazyflie:/home/cjayahansa/ros2N_ws/install/webots_ros2_importer:/home/cjayahansa/ros2_ws/install/my_first_package:/opt/ros/humble PS1=\[\033[01;36m\]\u@\h\[\033[00m\]:\[\033[01;34m\]\w\[\033[00m\]$ /usr/bin/cmake /home/cjayahansa/ros2N_ws/src/webots_ros2/webots_ros2_msgs -DAMENT_CMAKE_SYMLINK_INSTALL=1 -DCMAKE_INSTALL_PREFIX=/home/cjayahansa/ros2N_ws/install/webots_ros2_msgs
[1.126s] DEBUG:colcon.colcon_core.event_handler.log_command:Invoking command in '/home/cjayahansa/ros2N_ws/build/webots_ros2_importer': PS1=\[\033[01;36m\]\u@\h\[\033[00m\]:\[\033[01;34m\]\w\[\033[00m\]$ PYTHONPATH=/home/cjayahansa/ros2N_ws/build/webots_ros2_importer/prefix_override:/usr/lib/python3/dist-packages/colcon_core/task/python/colcon_distutils_commands:/home/cjayahansa/ros2N_ws/install/webots_ros2_importer/lib/python3.10/site-packages:${PYTHONPATH} /usr/bin/python3 -W ignore:setup.py install is deprecated -W ignore:easy_install command is deprecated setup.py develop --editable --build-directory /home/cjayahansa/ros2N_ws/build/webots_ros2_importer/build --no-deps symlink_data
[1.593s] Level 1:colcon.colcon_core.shell:create_environment_hook('webots_ros2_importer', 'pythonpath_develop')
[1.594s] INFO:colcon.colcon_core.shell:Creating environment hook '/home/cjayahansa/ros2N_ws/build/webots_ros2_importer/share/webots_ros2_importer/hook/pythonpath_develop.ps1'
[1.595s] DEBUG:colcon.colcon_core.event_handler.log_command:Invoked command in '/home/cjayahansa/ros2N_ws/build/webots_ros2_importer' returned '0': PS1=\[\033[01;36m\]\u@\h\[\033[00m\]:\[\033[01;34m\]\w\[\033[00m\]$ PYTHONPATH=/home/cjayahansa/ros2N_ws/build/webots_ros2_importer/prefix_override:/usr/lib/python3/dist-packages/colcon_core/task/python/colcon_distutils_commands:/home/cjayahansa/ros2N_ws/install/webots_ros2_importer/lib/python3.10/site-packages:${PYTHONPATH} /usr/bin/python3 -W ignore:setup.py install is deprecated -W ignore:easy_install command is deprecated setup.py develop --editable --build-directory /home/cjayahansa/ros2N_ws/build/webots_ros2_importer/build --no-deps symlink_data
[1.595s] INFO:colcon.colcon_core.shell:Creating environment descriptor '/home/cjayahansa/ros2N_ws/build/webots_ros2_importer/share/webots_ros2_importer/hook/pythonpath_develop.dsv'
[1.595s] INFO:colcon.colcon_core.shell:Creating environment hook '/home/cjayahansa/ros2N_ws/build/webots_ros2_importer/share/webots_ros2_importer/hook/pythonpath_develop.sh'
[1.600s] Level 1:colcon.colcon_core.environment:checking '/home/cjayahansa/ros2N_ws/install/webots_ros2_importer' for CMake module files
[1.600s] Level 1:colcon.colcon_core.environment:checking '/home/cjayahansa/ros2N_ws/install/webots_ros2_importer' for CMake config files
[1.601s] Level 1:colcon.colcon_core.environment:checking '/home/cjayahansa/ros2N_ws/install/webots_ros2_importer/lib'
[1.601s] Level 1:colcon.colcon_core.environment:checking '/home/cjayahansa/ros2N_ws/install/webots_ros2_importer/bin'
[1.601s] Level 1:colcon.colcon_core.environment:checking '/home/cjayahansa/ros2N_ws/install/webots_ros2_importer/lib/pkgconfig/webots_ros2_importer.pc'
[1.601s] Level 1:colcon.colcon_core.environment:checking '/home/cjayahansa/ros2N_ws/install/webots_ros2_importer/lib/python3.10/site-packages'
[1.601s] Level 1:colcon.colcon_core.shell:create_environment_hook('webots_ros2_importer', 'pythonpath')
[1.601s] INFO:colcon.colcon_core.shell:Creating environment hook '/home/cjayahansa/ros2N_ws/install/webots_ros2_importer/share/webots_ros2_importer/hook/pythonpath.ps1'
[1.602s] INFO:colcon.colcon_core.shell:Creating environment descriptor '/home/cjayahansa/ros2N_ws/install/webots_ros2_importer/share/webots_ros2_importer/hook/pythonpath.dsv'
[1.602s] INFO:colcon.colcon_core.shell:Creating environment hook '/home/cjayahansa/ros2N_ws/install/webots_ros2_importer/share/webots_ros2_importer/hook/pythonpath.sh'
[1.602s] Level 1:colcon.colcon_core.environment:checking '/home/cjayahansa/ros2N_ws/install/webots_ros2_importer/bin'
[1.603s] Level 1:colcon.colcon_core.environment:create_environment_scripts_only(webots_ros2_importer)
[1.603s] INFO:colcon.colcon_core.shell:Creating package script '/home/cjayahansa/ros2N_ws/install/webots_ros2_importer/share/webots_ros2_importer/package.ps1'
[1.604s] INFO:colcon.colcon_core.shell:Creating package descriptor '/home/cjayahansa/ros2N_ws/install/webots_ros2_importer/share/webots_ros2_importer/package.dsv'
[1.604s] INFO:colcon.colcon_core.shell:Creating package script '/home/cjayahansa/ros2N_ws/install/webots_ros2_importer/share/webots_ros2_importer/package.sh'
[1.605s] INFO:colcon.colcon_core.shell:Creating package script '/home/cjayahansa/ros2N_ws/install/webots_ros2_importer/share/webots_ros2_importer/package.bash'
[1.605s] INFO:colcon.colcon_core.shell:Creating package script '/home/cjayahansa/ros2N_ws/install/webots_ros2_importer/share/webots_ros2_importer/package.zsh'
[1.606s] Level 1:colcon.colcon_core.environment:create_file_with_runtime_dependencies(/home/cjayahansa/ros2N_ws/install/webots_ros2_importer/share/colcon-core/packages/webots_ros2_importer)
[2.670s] DEBUG:colcon.colcon_core.event_handler.log_command:Invoked command in '/home/cjayahansa/ros2N_ws/build/webots_ros2_msgs' returned '0': CMAKE_PREFIX_PATH=${CMAKE_PREFIX_PATH}:/home/cjayahansa/ros2N_ws/install/webots_ros2:/home/cjayahansa/ros2N_ws/install/webots_ros2_universal_robot:/home/cjayahansa/ros2N_ws/install/webots_ros2_turtlebot:/home/cjayahansa/ros2N_ws/install/webots_ros2_tiago:/home/cjayahansa/ros2N_ws/install/webots_ros2_tests:/home/cjayahansa/ros2N_ws/install/webots_ros2_tesla:/home/cjayahansa/ros2N_ws/install/webots_ros2_mavic:/home/cjayahansa/ros2N_ws/install/webots_ros2_husarion:/home/cjayahansa/ros2N_ws/install/webots_ros2_epuck:/home/cjayahansa/ros2N_ws/install/webots_ros2_crazyflie:/home/cjayahansa/ros2N_ws/install/webots_ros2_importer:/home/cjayahansa/ros2_ws/install/my_first_package:/opt/ros/humble PS1=\[\033[01;36m\]\u@\h\[\033[00m\]:\[\033[01;34m\]\w\[\033[00m\]$ /usr/bin/cmake /home/cjayahansa/ros2N_ws/src/webots_ros2/webots_ros2_msgs -DAMENT_CMAKE_SYMLINK_INSTALL=1 -DCMAKE_INSTALL_PREFIX=/home/cjayahansa/ros2N_ws/install/webots_ros2_msgs
[2.673s] DEBUG:colcon.colcon_core.event_handler.log_command:Invoking command in '/home/cjayahansa/ros2N_ws/build/webots_ros2_msgs': CMAKE_PREFIX_PATH=${CMAKE_PREFIX_PATH}:/home/cjayahansa/ros2N_ws/install/webots_ros2:/home/cjayahansa/ros2N_ws/install/webots_ros2_universal_robot:/home/cjayahansa/ros2N_ws/install/webots_ros2_turtlebot:/home/cjayahansa/ros2N_ws/install/webots_ros2_tiago:/home/cjayahansa/ros2N_ws/install/webots_ros2_tests:/home/cjayahansa/ros2N_ws/install/webots_ros2_tesla:/home/cjayahansa/ros2N_ws/install/webots_ros2_mavic:/home/cjayahansa/ros2N_ws/install/webots_ros2_husarion:/home/cjayahansa/ros2N_ws/install/webots_ros2_epuck:/home/cjayahansa/ros2N_ws/install/webots_ros2_crazyflie:/home/cjayahansa/ros2N_ws/install/webots_ros2_importer:/home/cjayahansa/ros2_ws/install/my_first_package:/opt/ros/humble PS1=\[\033[01;36m\]\u@\h\[\033[00m\]:\[\033[01;34m\]\w\[\033[00m\]$ /usr/bin/cmake --build /home/cjayahansa/ros2N_ws/build/webots_ros2_msgs -- -j12 -l12
[9.049s] DEBUG:colcon.colcon_core.event_handler.log_command:Invoked command in '/home/cjayahansa/ros2N_ws/build/webots_ros2_msgs' returned '0': CMAKE_PREFIX_PATH=${CMAKE_PREFIX_PATH}:/home/cjayahansa/ros2N_ws/install/webots_ros2:/home/cjayahansa/ros2N_ws/install/webots_ros2_universal_robot:/home/cjayahansa/ros2N_ws/install/webots_ros2_turtlebot:/home/cjayahansa/ros2N_ws/install/webots_ros2_tiago:/home/cjayahansa/ros2N_ws/install/webots_ros2_tests:/home/cjayahansa/ros2N_ws/install/webots_ros2_tesla:/home/cjayahansa/ros2N_ws/install/webots_ros2_mavic:/home/cjayahansa/ros2N_ws/install/webots_ros2_husarion:/home/cjayahansa/ros2N_ws/install/webots_ros2_epuck:/home/cjayahansa/ros2N_ws/install/webots_ros2_crazyflie:/home/cjayahansa/ros2N_ws/install/webots_ros2_importer:/home/cjayahansa/ros2_ws/install/my_first_package:/opt/ros/humble PS1=\[\033[01;36m\]\u@\h\[\033[00m\]:\[\033[01;34m\]\w\[\033[00m\]$ /usr/bin/cmake --build /home/cjayahansa/ros2N_ws/build/webots_ros2_msgs -- -j12 -l12
[9.060s] DEBUG:colcon.colcon_core.event_handler.log_command:Invoking command in '/home/cjayahansa/ros2N_ws/build/webots_ros2_msgs': CMAKE_PREFIX_PATH=${CMAKE_PREFIX_PATH}:/home/cjayahansa/ros2N_ws/install/webots_ros2:/home/cjayahansa/ros2N_ws/install/webots_ros2_universal_robot:/home/cjayahansa/ros2N_ws/install/webots_ros2_turtlebot:/home/cjayahansa/ros2N_ws/install/webots_ros2_tiago:/home/cjayahansa/ros2N_ws/install/webots_ros2_tests:/home/cjayahansa/ros2N_ws/install/webots_ros2_tesla:/home/cjayahansa/ros2N_ws/install/webots_ros2_mavic:/home/cjayahansa/ros2N_ws/install/webots_ros2_husarion:/home/cjayahansa/ros2N_ws/install/webots_ros2_epuck:/home/cjayahansa/ros2N_ws/install/webots_ros2_crazyflie:/home/cjayahansa/ros2N_ws/install/webots_ros2_importer:/home/cjayahansa/ros2_ws/install/my_first_package:/opt/ros/humble PS1=\[\033[01;36m\]\u@\h\[\033[00m\]:\[\033[01;34m\]\w\[\033[00m\]$ /usr/bin/cmake --install /home/cjayahansa/ros2N_ws/build/webots_ros2_msgs
[11.603s] Level 1:colcon.colcon_core.environment:create_environment_scripts_only(webots_ros2_msgs)
[11.603s] DEBUG:colcon.colcon_core.event_handler.log_command:Invoked command in '/home/cjayahansa/ros2N_ws/build/webots_ros2_msgs' returned '0': CMAKE_PREFIX_PATH=${CMAKE_PREFIX_PATH}:/home/cjayahansa/ros2N_ws/install/webots_ros2:/home/cjayahansa/ros2N_ws/install/webots_ros2_universal_robot:/home/cjayahansa/ros2N_ws/install/webots_ros2_turtlebot:/home/cjayahansa/ros2N_ws/install/webots_ros2_tiago:/home/cjayahansa/ros2N_ws/install/webots_ros2_tests:/home/cjayahansa/ros2N_ws/install/webots_ros2_tesla:/home/cjayahansa/ros2N_ws/install/webots_ros2_mavic:/home/cjayahansa/ros2N_ws/install/webots_ros2_husarion:/home/cjayahansa/ros2N_ws/install/webots_ros2_epuck:/home/cjayahansa/ros2N_ws/install/webots_ros2_crazyflie:/home/cjayahansa/ros2N_ws/install/webots_ros2_importer:/home/cjayahansa/ros2_ws/install/my_first_package:/opt/ros/humble PS1=\[\033[01;36m\]\u@\h\[\033[00m\]:\[\033[01;34m\]\w\[\033[00m\]$ /usr/bin/cmake --install /home/cjayahansa/ros2N_ws/build/webots_ros2_msgs
[11.604s] Level 1:colcon.colcon_core.environment:checking '/home/cjayahansa/ros2N_ws/install/webots_ros2_msgs' for CMake module files
[11.604s] Level 1:colcon.colcon_core.environment:checking '/home/cjayahansa/ros2N_ws/install/webots_ros2_msgs' for CMake config files
[11.605s] Level 1:colcon.colcon_core.shell:create_environment_hook('webots_ros2_msgs', 'cmake_prefix_path')
[11.605s] INFO:colcon.colcon_core.shell:Creating environment hook '/home/cjayahansa/ros2N_ws/install/webots_ros2_msgs/share/webots_ros2_msgs/hook/cmake_prefix_path.ps1'
[11.606s] INFO:colcon.colcon_core.shell:Creating environment descriptor '/home/cjayahansa/ros2N_ws/install/webots_ros2_msgs/share/webots_ros2_msgs/hook/cmake_prefix_path.dsv'
[11.606s] INFO:colcon.colcon_core.shell:Creating environment hook '/home/cjayahansa/ros2N_ws/install/webots_ros2_msgs/share/webots_ros2_msgs/hook/cmake_prefix_path.sh'
[11.606s] Level 1:colcon.colcon_core.environment:checking '/home/cjayahansa/ros2N_ws/install/webots_ros2_msgs/lib'
[11.606s] Level 1:colcon.colcon_core.shell:create_environment_hook('webots_ros2_msgs', 'ld_library_path_lib')
[11.607s] INFO:colcon.colcon_core.shell:Creating environment hook '/home/cjayahansa/ros2N_ws/install/webots_ros2_msgs/share/webots_ros2_msgs/hook/ld_library_path_lib.ps1'
[11.607s] INFO:colcon.colcon_core.shell:Creating environment descriptor '/home/cjayahansa/ros2N_ws/install/webots_ros2_msgs/share/webots_ros2_msgs/hook/ld_library_path_lib.dsv'
[11.607s] INFO:colcon.colcon_core.shell:Creating environment hook '/home/cjayahansa/ros2N_ws/install/webots_ros2_msgs/share/webots_ros2_msgs/hook/ld_library_path_lib.sh'
[11.607s] Level 1:colcon.colcon_core.environment:checking '/home/cjayahansa/ros2N_ws/install/webots_ros2_msgs/bin'
[11.607s] Level 1:colcon.colcon_core.environment:checking '/home/cjayahansa/ros2N_ws/install/webots_ros2_msgs/lib/pkgconfig/webots_ros2_msgs.pc'
[11.608s] Level 1:colcon.colcon_core.environment:checking '/home/cjayahansa/ros2N_ws/install/webots_ros2_msgs/lib/python3.10/site-packages'
[11.608s] Level 1:colcon.colcon_core.environment:checking '/home/cjayahansa/ros2N_ws/install/webots_ros2_msgs/bin'
[11.608s] INFO:colcon.colcon_core.shell:Creating package script '/home/cjayahansa/ros2N_ws/install/webots_ros2_msgs/share/webots_ros2_msgs/package.ps1'
[11.608s] INFO:colcon.colcon_core.shell:Creating package descriptor '/home/cjayahansa/ros2N_ws/install/webots_ros2_msgs/share/webots_ros2_msgs/package.dsv'
[11.609s] INFO:colcon.colcon_core.shell:Creating package script '/home/cjayahansa/ros2N_ws/install/webots_ros2_msgs/share/webots_ros2_msgs/package.sh'
[11.609s] INFO:colcon.colcon_core.shell:Creating package script '/home/cjayahansa/ros2N_ws/install/webots_ros2_msgs/share/webots_ros2_msgs/package.bash'
[11.609s] INFO:colcon.colcon_core.shell:Creating package script '/home/cjayahansa/ros2N_ws/install/webots_ros2_msgs/share/webots_ros2_msgs/package.zsh'
[11.610s] Level 1:colcon.colcon_core.environment:create_file_with_runtime_dependencies(/home/cjayahansa/ros2N_ws/install/webots_ros2_msgs/share/colcon-core/packages/webots_ros2_msgs)
[11.610s] Level 1:colcon.colcon_core.environment:create_environment_scripts_only(webots_ros2_msgs)
[11.610s] Level 1:colcon.colcon_core.environment:checking '/home/cjayahansa/ros2N_ws/install/webots_ros2_msgs' for CMake module files
[11.611s] Level 1:colcon.colcon_core.environment:checking '/home/cjayahansa/ros2N_ws/install/webots_ros2_msgs' for CMake config files
[11.611s] Level 1:colcon.colcon_core.shell:create_environment_hook('webots_ros2_msgs', 'cmake_prefix_path')
[11.611s] INFO:colcon.colcon_core.shell:Creating environment hook '/home/cjayahansa/ros2N_ws/install/webots_ros2_msgs/share/webots_ros2_msgs/hook/cmake_prefix_path.ps1'
[11.612s] INFO:colcon.colcon_core.shell:Creating environment descriptor '/home/cjayahansa/ros2N_ws/install/webots_ros2_msgs/share/webots_ros2_msgs/hook/cmake_prefix_path.dsv'
[11.612s] INFO:colcon.colcon_core.shell:Creating environment hook '/home/cjayahansa/ros2N_ws/install/webots_ros2_msgs/share/webots_ros2_msgs/hook/cmake_prefix_path.sh'
[11.612s] Level 1:colcon.colcon_core.environment:checking '/home/cjayahansa/ros2N_ws/install/webots_ros2_msgs/lib'
[11.613s] Level 1:colcon.colcon_core.shell:create_environment_hook('webots_ros2_msgs', 'ld_library_path_lib')
[11.613s] INFO:colcon.colcon_core.shell:Creating environment hook '/home/cjayahansa/ros2N_ws/install/webots_ros2_msgs/share/webots_ros2_msgs/hook/ld_library_path_lib.ps1'
[11.613s] INFO:colcon.colcon_core.shell:Creating environment descriptor '/home/cjayahansa/ros2N_ws/install/webots_ros2_msgs/share/webots_ros2_msgs/hook/ld_library_path_lib.dsv'
[11.613s] INFO:colcon.colcon_core.shell:Creating environment hook '/home/cjayahansa/ros2N_ws/install/webots_ros2_msgs/share/webots_ros2_msgs/hook/ld_library_path_lib.sh'
[11.614s] Level 1:colcon.colcon_core.environment:checking '/home/cjayahansa/ros2N_ws/install/webots_ros2_msgs/bin'
[11.614s] Level 1:colcon.colcon_core.environment:checking '/home/cjayahansa/ros2N_ws/install/webots_ros2_msgs/lib/pkgconfig/webots_ros2_msgs.pc'
[11.614s] Level 1:colcon.colcon_core.environment:checking '/home/cjayahansa/ros2N_ws/install/webots_ros2_msgs/lib/python3.10/site-packages'
[11.614s] Level 1:colcon.colcon_core.environment:checking '/home/cjayahansa/ros2N_ws/install/webots_ros2_msgs/bin'
[11.614s] INFO:colcon.colcon_core.shell:Creating package script '/home/cjayahansa/ros2N_ws/install/webots_ros2_msgs/share/webots_ros2_msgs/package.ps1'
[11.615s] INFO:colcon.colcon_core.shell:Creating package descriptor '/home/cjayahansa/ros2N_ws/install/webots_ros2_msgs/share/webots_ros2_msgs/package.dsv'
[11.615s] INFO:colcon.colcon_core.shell:Creating package script '/home/cjayahansa/ros2N_ws/install/webots_ros2_msgs/share/webots_ros2_msgs/package.sh'
[11.616s] INFO:colcon.colcon_core.shell:Creating package script '/home/cjayahansa/ros2N_ws/install/webots_ros2_msgs/share/webots_ros2_msgs/package.bash'
[11.616s] INFO:colcon.colcon_core.shell:Creating package script '/home/cjayahansa/ros2N_ws/install/webots_ros2_msgs/share/webots_ros2_msgs/package.zsh'
[11.616s] Level 1:colcon.colcon_core.environment:create_file_with_runtime_dependencies(/home/cjayahansa/ros2N_ws/install/webots_ros2_msgs/share/colcon-core/packages/webots_ros2_msgs)
[11.617s] INFO:colcon.colcon_ros.task.ament_cmake.build:Building ROS package in '/home/cjayahansa/ros2N_ws/src/webots_ros2/webots_ros2_driver' with build type 'ament_cmake'
[11.617s] INFO:colcon.colcon_cmake.task.cmake.build:Building CMake package in '/home/cjayahansa/ros2N_ws/src/webots_ros2/webots_ros2_driver'
[11.617s] INFO:colcon.colcon_core.shell:Skip shell extension 'powershell' for command environment: Not usable outside of PowerShell
[11.617s] DEBUG:colcon.colcon_core.shell:Skip shell extension 'dsv' for command environment
[11.630s] DEBUG:colcon.colcon_core.event_handler.log_command:Invoking command in '/home/cjayahansa/ros2N_ws/build/webots_ros2_driver': AMENT_PREFIX_PATH=/home/cjayahansa/ros2N_ws/install/webots_ros2_importer:/home/cjayahansa/ros2N_ws/install/webots_ros2:/home/cjayahansa/ros2N_ws/install/webots_ros2_universal_robot:/home/cjayahansa/ros2N_ws/install/webots_ros2_turtlebot:/home/cjayahansa/ros2N_ws/install/webots_ros2_tiago:/home/cjayahansa/ros2N_ws/install/webots_ros2_tests:/home/cjayahansa/ros2N_ws/install/webots_ros2_tesla:/home/cjayahansa/ros2N_ws/install/webots_ros2_mavic:/home/cjayahansa/ros2N_ws/install/webots_ros2_husarion:/home/cjayahansa/ros2N_ws/install/webots_ros2_epuck:/home/cjayahansa/ros2N_ws/install/webots_ros2_crazyflie:/home/cjayahansa/ros2N_ws/install/webots_ros2_control:/home/cjayahansa/ros2N_ws/install/webots_ros2_driver:/home/cjayahansa/ros2N_ws/install/webots_ros2_msgs:/home/cjayahansa/ros2_ws/install/my_first_package:/opt/ros/humble CMAKE_PREFIX_PATH=/home/cjayahansa/ros2N_ws/install/webots_ros2_msgs:/home/cjayahansa/ros2N_ws/install/webots_ros2_control:/home/cjayahansa/ros2N_ws/install/webots_ros2_driver:/home/cjayahansa/ros2N_ws/install/webots_ros2:/home/cjayahansa/ros2N_ws/install/webots_ros2_universal_robot:/home/cjayahansa/ros2N_ws/install/webots_ros2_turtlebot:/home/cjayahansa/ros2N_ws/install/webots_ros2_tiago:/home/cjayahansa/ros2N_ws/install/webots_ros2_tests:/home/cjayahansa/ros2N_ws/install/webots_ros2_tesla:/home/cjayahansa/ros2N_ws/install/webots_ros2_mavic:/home/cjayahansa/ros2N_ws/install/webots_ros2_husarion:/home/cjayahansa/ros2N_ws/install/webots_ros2_epuck:/home/cjayahansa/ros2N_ws/install/webots_ros2_crazyflie:/home/cjayahansa/ros2N_ws/install/webots_ros2_importer:/home/cjayahansa/ros2_ws/install/my_first_package:/opt/ros/humble LD_LIBRARY_PATH=/home/cjayahansa/ros2N_ws/install/webots_ros2_msgs/lib:/home/cjayahansa/ros2N_ws/install/webots_ros2_control/lib:/home/cjayahansa/ros2N_ws/install/webots_ros2_driver/lib:/opt/ros/humble/opt/rviz_ogre_vendor/lib:/opt/ros/humble/lib/x86_64-linux-gnu:/opt/ros/humble/lib PS1=\[\033[01;36m\]\u@\h\[\033[00m\]:\[\033[01;34m\]\w\[\033[00m\]$ PYTHONPATH=/home/cjayahansa/ros2N_ws/build/webots_ros2_importer:/home/cjayahansa/ros2N_ws/install/webots_ros2_importer/lib/python3.10/site-packages:/home/cjayahansa/ros2N_ws/install/webots_ros2/lib/python3.10/site-packages:/home/cjayahansa/ros2N_ws/install/webots_ros2_universal_robot/lib/python3.10/site-packages:/home/cjayahansa/ros2N_ws/install/webots_ros2_turtlebot/lib/python3.10/site-packages:/home/cjayahansa/ros2N_ws/install/webots_ros2_tiago/lib/python3.10/site-packages:/home/cjayahansa/ros2N_ws/install/webots_ros2_tests/lib/python3.10/site-packages:/home/cjayahansa/ros2N_ws/install/webots_ros2_tesla/lib/python3.10/site-packages:/home/cjayahansa/ros2N_ws/install/webots_ros2_mavic/lib/python3.10/site-packages:/home/cjayahansa/ros2N_ws/install/webots_ros2_husarion/lib/python3.10/site-packages:/home/cjayahansa/ros2N_ws/install/webots_ros2_epuck/lib/python3.10/site-packages:/home/cjayahansa/ros2N_ws/install/webots_ros2_crazyflie/lib/python3.10/site-packages:/home/cjayahansa/ros2N_ws/install/webots_ros2_driver/local/lib/python3.10/dist-packages:/home/cjayahansa/ros2N_ws/install/webots_ros2_msgs/local/lib/python3.10/dist-packages:/home/cjayahansa/ros2_ws/install/my_first_package/lib/python3.10/site-packages:/opt/ros/humble/lib/python3.10/site-packages:/opt/ros/humble/local/lib/python3.10/dist-packages /usr/bin/cmake /home/cjayahansa/ros2N_ws/src/webots_ros2/webots_ros2_driver -DAMENT_CMAKE_SYMLINK_INSTALL=1 -DCMAKE_INSTALL_PREFIX=/home/cjayahansa/ros2N_ws/install/webots_ros2_driver
[13.409s] DEBUG:colcon.colcon_core.event_handler.log_command:Invoked command in '/home/cjayahansa/ros2N_ws/build/webots_ros2_driver' returned '0': AMENT_PREFIX_PATH=/home/cjayahansa/ros2N_ws/install/webots_ros2_importer:/home/cjayahansa/ros2N_ws/install/webots_ros2:/home/cjayahansa/ros2N_ws/install/webots_ros2_universal_robot:/home/cjayahansa/ros2N_ws/install/webots_ros2_turtlebot:/home/cjayahansa/ros2N_ws/install/webots_ros2_tiago:/home/cjayahansa/ros2N_ws/install/webots_ros2_tests:/home/cjayahansa/ros2N_ws/install/webots_ros2_tesla:/home/cjayahansa/ros2N_ws/install/webots_ros2_mavic:/home/cjayahansa/ros2N_ws/install/webots_ros2_husarion:/home/cjayahansa/ros2N_ws/install/webots_ros2_epuck:/home/cjayahansa/ros2N_ws/install/webots_ros2_crazyflie:/home/cjayahansa/ros2N_ws/install/webots_ros2_control:/home/cjayahansa/ros2N_ws/install/webots_ros2_driver:/home/cjayahansa/ros2N_ws/install/webots_ros2_msgs:/home/cjayahansa/ros2_ws/install/my_first_package:/opt/ros/humble CMAKE_PREFIX_PATH=/home/cjayahansa/ros2N_ws/install/webots_ros2_msgs:/home/cjayahansa/ros2N_ws/install/webots_ros2_control:/home/cjayahansa/ros2N_ws/install/webots_ros2_driver:/home/cjayahansa/ros2N_ws/install/webots_ros2:/home/cjayahansa/ros2N_ws/install/webots_ros2_universal_robot:/home/cjayahansa/ros2N_ws/install/webots_ros2_turtlebot:/home/cjayahansa/ros2N_ws/install/webots_ros2_tiago:/home/cjayahansa/ros2N_ws/install/webots_ros2_tests:/home/cjayahansa/ros2N_ws/install/webots_ros2_tesla:/home/cjayahansa/ros2N_ws/install/webots_ros2_mavic:/home/cjayahansa/ros2N_ws/install/webots_ros2_husarion:/home/cjayahansa/ros2N_ws/install/webots_ros2_epuck:/home/cjayahansa/ros2N_ws/install/webots_ros2_crazyflie:/home/cjayahansa/ros2N_ws/install/webots_ros2_importer:/home/cjayahansa/ros2_ws/install/my_first_package:/opt/ros/humble LD_LIBRARY_PATH=/home/cjayahansa/ros2N_ws/install/webots_ros2_msgs/lib:/home/cjayahansa/ros2N_ws/install/webots_ros2_control/lib:/home/cjayahansa/ros2N_ws/install/webots_ros2_driver/lib:/opt/ros/humble/opt/rviz_ogre_vendor/lib:/opt/ros/humble/lib/x86_64-linux-gnu:/opt/ros/humble/lib PS1=\[\033[01;36m\]\u@\h\[\033[00m\]:\[\033[01;34m\]\w\[\033[00m\]$ PYTHONPATH=/home/cjayahansa/ros2N_ws/build/webots_ros2_importer:/home/cjayahansa/ros2N_ws/install/webots_ros2_importer/lib/python3.10/site-packages:/home/cjayahansa/ros2N_ws/install/webots_ros2/lib/python3.10/site-packages:/home/cjayahansa/ros2N_ws/install/webots_ros2_universal_robot/lib/python3.10/site-packages:/home/cjayahansa/ros2N_ws/install/webots_ros2_turtlebot/lib/python3.10/site-packages:/home/cjayahansa/ros2N_ws/install/webots_ros2_tiago/lib/python3.10/site-packages:/home/cjayahansa/ros2N_ws/install/webots_ros2_tests/lib/python3.10/site-packages:/home/cjayahansa/ros2N_ws/install/webots_ros2_tesla/lib/python3.10/site-packages:/home/cjayahansa/ros2N_ws/install/webots_ros2_mavic/lib/python3.10/site-packages:/home/cjayahansa/ros2N_ws/install/webots_ros2_husarion/lib/python3.10/site-packages:/home/cjayahansa/ros2N_ws/install/webots_ros2_epuck/lib/python3.10/site-packages:/home/cjayahansa/ros2N_ws/install/webots_ros2_crazyflie/lib/python3.10/site-packages:/home/cjayahansa/ros2N_ws/install/webots_ros2_driver/local/lib/python3.10/dist-packages:/home/cjayahansa/ros2N_ws/install/webots_ros2_msgs/local/lib/python3.10/dist-packages:/home/cjayahansa/ros2_ws/install/my_first_package/lib/python3.10/site-packages:/opt/ros/humble/lib/python3.10/site-packages:/opt/ros/humble/local/lib/python3.10/dist-packages /usr/bin/cmake /home/cjayahansa/ros2N_ws/src/webots_ros2/webots_ros2_driver -DAMENT_CMAKE_SYMLINK_INSTALL=1 -DCMAKE_INSTALL_PREFIX=/home/cjayahansa/ros2N_ws/install/webots_ros2_driver
[13.411s] DEBUG:colcon.colcon_core.event_handler.log_command:Invoking command in '/home/cjayahansa/ros2N_ws/build/webots_ros2_driver': AMENT_PREFIX_PATH=/home/cjayahansa/ros2N_ws/install/webots_ros2_importer:/home/cjayahansa/ros2N_ws/install/webots_ros2:/home/cjayahansa/ros2N_ws/install/webots_ros2_universal_robot:/home/cjayahansa/ros2N_ws/install/webots_ros2_turtlebot:/home/cjayahansa/ros2N_ws/install/webots_ros2_tiago:/home/cjayahansa/ros2N_ws/install/webots_ros2_tests:/home/cjayahansa/ros2N_ws/install/webots_ros2_tesla:/home/cjayahansa/ros2N_ws/install/webots_ros2_mavic:/home/cjayahansa/ros2N_ws/install/webots_ros2_husarion:/home/cjayahansa/ros2N_ws/install/webots_ros2_epuck:/home/cjayahansa/ros2N_ws/install/webots_ros2_crazyflie:/home/cjayahansa/ros2N_ws/install/webots_ros2_control:/home/cjayahansa/ros2N_ws/install/webots_ros2_driver:/home/cjayahansa/ros2N_ws/install/webots_ros2_msgs:/home/cjayahansa/ros2_ws/install/my_first_package:/opt/ros/humble CMAKE_PREFIX_PATH=/home/cjayahansa/ros2N_ws/install/webots_ros2_msgs:/home/cjayahansa/ros2N_ws/install/webots_ros2_control:/home/cjayahansa/ros2N_ws/install/webots_ros2_driver:/home/cjayahansa/ros2N_ws/install/webots_ros2:/home/cjayahansa/ros2N_ws/install/webots_ros2_universal_robot:/home/cjayahansa/ros2N_ws/install/webots_ros2_turtlebot:/home/cjayahansa/ros2N_ws/install/webots_ros2_tiago:/home/cjayahansa/ros2N_ws/install/webots_ros2_tests:/home/cjayahansa/ros2N_ws/install/webots_ros2_tesla:/home/cjayahansa/ros2N_ws/install/webots_ros2_mavic:/home/cjayahansa/ros2N_ws/install/webots_ros2_husarion:/home/cjayahansa/ros2N_ws/install/webots_ros2_epuck:/home/cjayahansa/ros2N_ws/install/webots_ros2_crazyflie:/home/cjayahansa/ros2N_ws/install/webots_ros2_importer:/home/cjayahansa/ros2_ws/install/my_first_package:/opt/ros/humble LD_LIBRARY_PATH=/home/cjayahansa/ros2N_ws/install/webots_ros2_msgs/lib:/home/cjayahansa/ros2N_ws/install/webots_ros2_control/lib:/home/cjayahansa/ros2N_ws/install/webots_ros2_driver/lib:/opt/ros/humble/opt/rviz_ogre_vendor/lib:/opt/ros/humble/lib/x86_64-linux-gnu:/opt/ros/humble/lib PS1=\[\033[01;36m\]\u@\h\[\033[00m\]:\[\033[01;34m\]\w\[\033[00m\]$ PYTHONPATH=/home/cjayahansa/ros2N_ws/build/webots_ros2_importer:/home/cjayahansa/ros2N_ws/install/webots_ros2_importer/lib/python3.10/site-packages:/home/cjayahansa/ros2N_ws/install/webots_ros2/lib/python3.10/site-packages:/home/cjayahansa/ros2N_ws/install/webots_ros2_universal_robot/lib/python3.10/site-packages:/home/cjayahansa/ros2N_ws/install/webots_ros2_turtlebot/lib/python3.10/site-packages:/home/cjayahansa/ros2N_ws/install/webots_ros2_tiago/lib/python3.10/site-packages:/home/cjayahansa/ros2N_ws/install/webots_ros2_tests/lib/python3.10/site-packages:/home/cjayahansa/ros2N_ws/install/webots_ros2_tesla/lib/python3.10/site-packages:/home/cjayahansa/ros2N_ws/install/webots_ros2_mavic/lib/python3.10/site-packages:/home/cjayahansa/ros2N_ws/install/webots_ros2_husarion/lib/python3.10/site-packages:/home/cjayahansa/ros2N_ws/install/webots_ros2_epuck/lib/python3.10/site-packages:/home/cjayahansa/ros2N_ws/install/webots_ros2_crazyflie/lib/python3.10/site-packages:/home/cjayahansa/ros2N_ws/install/webots_ros2_driver/local/lib/python3.10/dist-packages:/home/cjayahansa/ros2N_ws/install/webots_ros2_msgs/local/lib/python3.10/dist-packages:/home/cjayahansa/ros2_ws/install/my_first_package/lib/python3.10/site-packages:/opt/ros/humble/lib/python3.10/site-packages:/opt/ros/humble/local/lib/python3.10/dist-packages /usr/bin/cmake --build /home/cjayahansa/ros2N_ws/build/webots_ros2_driver -- -j12 -l12
[45.224s] DEBUG:colcon.colcon_core.event_handler.log_command:Invoked command in '/home/cjayahansa/ros2N_ws/build/webots_ros2_driver' returned '0': AMENT_PREFIX_PATH=/home/cjayahansa/ros2N_ws/install/webots_ros2_importer:/home/cjayahansa/ros2N_ws/install/webots_ros2:/home/cjayahansa/ros2N_ws/install/webots_ros2_universal_robot:/home/cjayahansa/ros2N_ws/install/webots_ros2_turtlebot:/home/cjayahansa/ros2N_ws/install/webots_ros2_tiago:/home/cjayahansa/ros2N_ws/install/webots_ros2_tests:/home/cjayahansa/ros2N_ws/install/webots_ros2_tesla:/home/cjayahansa/ros2N_ws/install/webots_ros2_mavic:/home/cjayahansa/ros2N_ws/install/webots_ros2_husarion:/home/cjayahansa/ros2N_ws/install/webots_ros2_epuck:/home/cjayahansa/ros2N_ws/install/webots_ros2_crazyflie:/home/cjayahansa/ros2N_ws/install/webots_ros2_control:/home/cjayahansa/ros2N_ws/install/webots_ros2_driver:/home/cjayahansa/ros2N_ws/install/webots_ros2_msgs:/home/cjayahansa/ros2_ws/install/my_first_package:/opt/ros/humble CMAKE_PREFIX_PATH=/home/cjayahansa/ros2N_ws/install/webots_ros2_msgs:/home/cjayahansa/ros2N_ws/install/webots_ros2_control:/home/cjayahansa/ros2N_ws/install/webots_ros2_driver:/home/cjayahansa/ros2N_ws/install/webots_ros2:/home/cjayahansa/ros2N_ws/install/webots_ros2_universal_robot:/home/cjayahansa/ros2N_ws/install/webots_ros2_turtlebot:/home/cjayahansa/ros2N_ws/install/webots_ros2_tiago:/home/cjayahansa/ros2N_ws/install/webots_ros2_tests:/home/cjayahansa/ros2N_ws/install/webots_ros2_tesla:/home/cjayahansa/ros2N_ws/install/webots_ros2_mavic:/home/cjayahansa/ros2N_ws/install/webots_ros2_husarion:/home/cjayahansa/ros2N_ws/install/webots_ros2_epuck:/home/cjayahansa/ros2N_ws/install/webots_ros2_crazyflie:/home/cjayahansa/ros2N_ws/install/webots_ros2_importer:/home/cjayahansa/ros2_ws/install/my_first_package:/opt/ros/humble LD_LIBRARY_PATH=/home/cjayahansa/ros2N_ws/install/webots_ros2_msgs/lib:/home/cjayahansa/ros2N_ws/install/webots_ros2_control/lib:/home/cjayahansa/ros2N_ws/install/webots_ros2_driver/lib:/opt/ros/humble/opt/rviz_ogre_vendor/lib:/opt/ros/humble/lib/x86_64-linux-gnu:/opt/ros/humble/lib PS1=\[\033[01;36m\]\u@\h\[\033[00m\]:\[\033[01;34m\]\w\[\033[00m\]$ PYTHONPATH=/home/cjayahansa/ros2N_ws/build/webots_ros2_importer:/home/cjayahansa/ros2N_ws/install/webots_ros2_importer/lib/python3.10/site-packages:/home/cjayahansa/ros2N_ws/install/webots_ros2/lib/python3.10/site-packages:/home/cjayahansa/ros2N_ws/install/webots_ros2_universal_robot/lib/python3.10/site-packages:/home/cjayahansa/ros2N_ws/install/webots_ros2_turtlebot/lib/python3.10/site-packages:/home/cjayahansa/ros2N_ws/install/webots_ros2_tiago/lib/python3.10/site-packages:/home/cjayahansa/ros2N_ws/install/webots_ros2_tests/lib/python3.10/site-packages:/home/cjayahansa/ros2N_ws/install/webots_ros2_tesla/lib/python3.10/site-packages:/home/cjayahansa/ros2N_ws/install/webots_ros2_mavic/lib/python3.10/site-packages:/home/cjayahansa/ros2N_ws/install/webots_ros2_husarion/lib/python3.10/site-packages:/home/cjayahansa/ros2N_ws/install/webots_ros2_epuck/lib/python3.10/site-packages:/home/cjayahansa/ros2N_ws/install/webots_ros2_crazyflie/lib/python3.10/site-packages:/home/cjayahansa/ros2N_ws/install/webots_ros2_driver/local/lib/python3.10/dist-packages:/home/cjayahansa/ros2N_ws/install/webots_ros2_msgs/local/lib/python3.10/dist-packages:/home/cjayahansa/ros2_ws/install/my_first_package/lib/python3.10/site-packages:/opt/ros/humble/lib/python3.10/site-packages:/opt/ros/humble/local/lib/python3.10/dist-packages /usr/bin/cmake --build /home/cjayahansa/ros2N_ws/build/webots_ros2_driver -- -j12 -l12
[45.232s] DEBUG:colcon.colcon_core.event_handler.log_command:Invoking command in '/home/cjayahansa/ros2N_ws/build/webots_ros2_driver': AMENT_PREFIX_PATH=/home/cjayahansa/ros2N_ws/install/webots_ros2_importer:/home/cjayahansa/ros2N_ws/install/webots_ros2:/home/cjayahansa/ros2N_ws/install/webots_ros2_universal_robot:/home/cjayahansa/ros2N_ws/install/webots_ros2_turtlebot:/home/cjayahansa/ros2N_ws/install/webots_ros2_tiago:/home/cjayahansa/ros2N_ws/install/webots_ros2_tests:/home/cjayahansa/ros2N_ws/install/webots_ros2_tesla:/home/cjayahansa/ros2N_ws/install/webots_ros2_mavic:/home/cjayahansa/ros2N_ws/install/webots_ros2_husarion:/home/cjayahansa/ros2N_ws/install/webots_ros2_epuck:/home/cjayahansa/ros2N_ws/install/webots_ros2_crazyflie:/home/cjayahansa/ros2N_ws/install/webots_ros2_control:/home/cjayahansa/ros2N_ws/install/webots_ros2_driver:/home/cjayahansa/ros2N_ws/install/webots_ros2_msgs:/home/cjayahansa/ros2_ws/install/my_first_package:/opt/ros/humble CMAKE_PREFIX_PATH=/home/cjayahansa/ros2N_ws/install/webots_ros2_msgs:/home/cjayahansa/ros2N_ws/install/webots_ros2_control:/home/cjayahansa/ros2N_ws/install/webots_ros2_driver:/home/cjayahansa/ros2N_ws/install/webots_ros2:/home/cjayahansa/ros2N_ws/install/webots_ros2_universal_robot:/home/cjayahansa/ros2N_ws/install/webots_ros2_turtlebot:/home/cjayahansa/ros2N_ws/install/webots_ros2_tiago:/home/cjayahansa/ros2N_ws/install/webots_ros2_tests:/home/cjayahansa/ros2N_ws/install/webots_ros2_tesla:/home/cjayahansa/ros2N_ws/install/webots_ros2_mavic:/home/cjayahansa/ros2N_ws/install/webots_ros2_husarion:/home/cjayahansa/ros2N_ws/install/webots_ros2_epuck:/home/cjayahansa/ros2N_ws/install/webots_ros2_crazyflie:/home/cjayahansa/ros2N_ws/install/webots_ros2_importer:/home/cjayahansa/ros2_ws/install/my_first_package:/opt/ros/humble LD_LIBRARY_PATH=/home/cjayahansa/ros2N_ws/install/webots_ros2_msgs/lib:/home/cjayahansa/ros2N_ws/install/webots_ros2_control/lib:/home/cjayahansa/ros2N_ws/install/webots_ros2_driver/lib:/opt/ros/humble/opt/rviz_ogre_vendor/lib:/opt/ros/humble/lib/x86_64-linux-gnu:/opt/ros/humble/lib PS1=\[\033[01;36m\]\u@\h\[\033[00m\]:\[\033[01;34m\]\w\[\033[00m\]$ PYTHONPATH=/home/cjayahansa/ros2N_ws/build/webots_ros2_importer:/home/cjayahansa/ros2N_ws/install/webots_ros2_importer/lib/python3.10/site-packages:/home/cjayahansa/ros2N_ws/install/webots_ros2/lib/python3.10/site-packages:/home/cjayahansa/ros2N_ws/install/webots_ros2_universal_robot/lib/python3.10/site-packages:/home/cjayahansa/ros2N_ws/install/webots_ros2_turtlebot/lib/python3.10/site-packages:/home/cjayahansa/ros2N_ws/install/webots_ros2_tiago/lib/python3.10/site-packages:/home/cjayahansa/ros2N_ws/install/webots_ros2_tests/lib/python3.10/site-packages:/home/cjayahansa/ros2N_ws/install/webots_ros2_tesla/lib/python3.10/site-packages:/home/cjayahansa/ros2N_ws/install/webots_ros2_mavic/lib/python3.10/site-packages:/home/cjayahansa/ros2N_ws/install/webots_ros2_husarion/lib/python3.10/site-packages:/home/cjayahansa/ros2N_ws/install/webots_ros2_epuck/lib/python3.10/site-packages:/home/cjayahansa/ros2N_ws/install/webots_ros2_crazyflie/lib/python3.10/site-packages:/home/cjayahansa/ros2N_ws/install/webots_ros2_driver/local/lib/python3.10/dist-packages:/home/cjayahansa/ros2N_ws/install/webots_ros2_msgs/local/lib/python3.10/dist-packages:/home/cjayahansa/ros2_ws/install/my_first_package/lib/python3.10/site-packages:/opt/ros/humble/lib/python3.10/site-packages:/opt/ros/humble/local/lib/python3.10/dist-packages /usr/bin/cmake --install /home/cjayahansa/ros2N_ws/build/webots_ros2_driver
[47.512s] Level 1:colcon.colcon_core.environment:create_environment_scripts_only(webots_ros2_driver)
[47.515s] Level 1:colcon.colcon_core.environment:checking '/home/cjayahansa/ros2N_ws/install/webots_ros2_driver' for CMake module files
[47.515s] DEBUG:colcon.colcon_core.event_handler.log_command:Invoked command in '/home/cjayahansa/ros2N_ws/build/webots_ros2_driver' returned '0': AMENT_PREFIX_PATH=/home/cjayahansa/ros2N_ws/install/webots_ros2_importer:/home/cjayahansa/ros2N_ws/install/webots_ros2:/home/cjayahansa/ros2N_ws/install/webots_ros2_universal_robot:/home/cjayahansa/ros2N_ws/install/webots_ros2_turtlebot:/home/cjayahansa/ros2N_ws/install/webots_ros2_tiago:/home/cjayahansa/ros2N_ws/install/webots_ros2_tests:/home/cjayahansa/ros2N_ws/install/webots_ros2_tesla:/home/cjayahansa/ros2N_ws/install/webots_ros2_mavic:/home/cjayahansa/ros2N_ws/install/webots_ros2_husarion:/home/cjayahansa/ros2N_ws/install/webots_ros2_epuck:/home/cjayahansa/ros2N_ws/install/webots_ros2_crazyflie:/home/cjayahansa/ros2N_ws/install/webots_ros2_control:/home/cjayahansa/ros2N_ws/install/webots_ros2_driver:/home/cjayahansa/ros2N_ws/install/webots_ros2_msgs:/home/cjayahansa/ros2_ws/install/my_first_package:/opt/ros/humble CMAKE_PREFIX_PATH=/home/cjayahansa/ros2N_ws/install/webots_ros2_msgs:/home/cjayahansa/ros2N_ws/install/webots_ros2_control:/home/cjayahansa/ros2N_ws/install/webots_ros2_driver:/home/cjayahansa/ros2N_ws/install/webots_ros2:/home/cjayahansa/ros2N_ws/install/webots_ros2_universal_robot:/home/cjayahansa/ros2N_ws/install/webots_ros2_turtlebot:/home/cjayahansa/ros2N_ws/install/webots_ros2_tiago:/home/cjayahansa/ros2N_ws/install/webots_ros2_tests:/home/cjayahansa/ros2N_ws/install/webots_ros2_tesla:/home/cjayahansa/ros2N_ws/install/webots_ros2_mavic:/home/cjayahansa/ros2N_ws/install/webots_ros2_husarion:/home/cjayahansa/ros2N_ws/install/webots_ros2_epuck:/home/cjayahansa/ros2N_ws/install/webots_ros2_crazyflie:/home/cjayahansa/ros2N_ws/install/webots_ros2_importer:/home/cjayahansa/ros2_ws/install/my_first_package:/opt/ros/humble LD_LIBRARY_PATH=/home/cjayahansa/ros2N_ws/install/webots_ros2_msgs/lib:/home/cjayahansa/ros2N_ws/install/webots_ros2_control/lib:/home/cjayahansa/ros2N_ws/install/webots_ros2_driver/lib:/opt/ros/humble/opt/rviz_ogre_vendor/lib:/opt/ros/humble/lib/x86_64-linux-gnu:/opt/ros/humble/lib PS1=\[\033[01;36m\]\u@\h\[\033[00m\]:\[\033[01;34m\]\w\[\033[00m\]$ PYTHONPATH=/home/cjayahansa/ros2N_ws/build/webots_ros2_importer:/home/cjayahansa/ros2N_ws/install/webots_ros2_importer/lib/python3.10/site-packages:/home/cjayahansa/ros2N_ws/install/webots_ros2/lib/python3.10/site-packages:/home/cjayahansa/ros2N_ws/install/webots_ros2_universal_robot/lib/python3.10/site-packages:/home/cjayahansa/ros2N_ws/install/webots_ros2_turtlebot/lib/python3.10/site-packages:/home/cjayahansa/ros2N_ws/install/webots_ros2_tiago/lib/python3.10/site-packages:/home/cjayahansa/ros2N_ws/install/webots_ros2_tests/lib/python3.10/site-packages:/home/cjayahansa/ros2N_ws/install/webots_ros2_tesla/lib/python3.10/site-packages:/home/cjayahansa/ros2N_ws/install/webots_ros2_mavic/lib/python3.10/site-packages:/home/cjayahansa/ros2N_ws/install/webots_ros2_husarion/lib/python3.10/site-packages:/home/cjayahansa/ros2N_ws/install/webots_ros2_epuck/lib/python3.10/site-packages:/home/cjayahansa/ros2N_ws/install/webots_ros2_crazyflie/lib/python3.10/site-packages:/home/cjayahansa/ros2N_ws/install/webots_ros2_driver/local/lib/python3.10/dist-packages:/home/cjayahansa/ros2N_ws/install/webots_ros2_msgs/local/lib/python3.10/dist-packages:/home/cjayahansa/ros2_ws/install/my_first_package/lib/python3.10/site-packages:/opt/ros/humble/lib/python3.10/site-packages:/opt/ros/humble/local/lib/python3.10/dist-packages /usr/bin/cmake --install /home/cjayahansa/ros2N_ws/build/webots_ros2_driver
[47.516s] Level 1:colcon.colcon_core.environment:checking '/home/cjayahansa/ros2N_ws/install/webots_ros2_driver' for CMake config files
[47.516s] Level 1:colcon.colcon_core.shell:create_environment_hook('webots_ros2_driver', 'cmake_prefix_path')
[47.517s] INFO:colcon.colcon_core.shell:Creating environment hook '/home/cjayahansa/ros2N_ws/install/webots_ros2_driver/share/webots_ros2_driver/hook/cmake_prefix_path.ps1'
[47.519s] INFO:colcon.colcon_core.shell:Creating environment descriptor '/home/cjayahansa/ros2N_ws/install/webots_ros2_driver/share/webots_ros2_driver/hook/cmake_prefix_path.dsv'
[47.520s] INFO:colcon.colcon_core.shell:Creating environment hook '/home/cjayahansa/ros2N_ws/install/webots_ros2_driver/share/webots_ros2_driver/hook/cmake_prefix_path.sh'
[47.522s] Level 1:colcon.colcon_core.environment:checking '/home/cjayahansa/ros2N_ws/install/webots_ros2_driver/lib'
[47.522s] Level 1:colcon.colcon_core.shell:create_environment_hook('webots_ros2_driver', 'ld_library_path_lib')
[47.522s] INFO:colcon.colcon_core.shell:Creating environment hook '/home/cjayahansa/ros2N_ws/install/webots_ros2_driver/share/webots_ros2_driver/hook/ld_library_path_lib.ps1'
[47.523s] INFO:colcon.colcon_core.shell:Creating environment descriptor '/home/cjayahansa/ros2N_ws/install/webots_ros2_driver/share/webots_ros2_driver/hook/ld_library_path_lib.dsv'
[47.523s] INFO:colcon.colcon_core.shell:Creating environment hook '/home/cjayahansa/ros2N_ws/install/webots_ros2_driver/share/webots_ros2_driver/hook/ld_library_path_lib.sh'
[47.523s] Level 1:colcon.colcon_core.environment:checking '/home/cjayahansa/ros2N_ws/install/webots_ros2_driver/bin'
[47.523s] Level 1:colcon.colcon_core.environment:checking '/home/cjayahansa/ros2N_ws/install/webots_ros2_driver/lib/pkgconfig/webots_ros2_driver.pc'
[47.524s] Level 1:colcon.colcon_core.environment:checking '/home/cjayahansa/ros2N_ws/install/webots_ros2_driver/lib/python3.10/site-packages'
[47.525s] Level 1:colcon.colcon_core.environment:checking '/home/cjayahansa/ros2N_ws/install/webots_ros2_driver/bin'
[47.525s] INFO:colcon.colcon_core.shell:Creating package script '/home/cjayahansa/ros2N_ws/install/webots_ros2_driver/share/webots_ros2_driver/package.ps1'
[47.526s] INFO:colcon.colcon_core.shell:Creating package descriptor '/home/cjayahansa/ros2N_ws/install/webots_ros2_driver/share/webots_ros2_driver/package.dsv'
[47.527s] INFO:colcon.colcon_core.shell:Creating package script '/home/cjayahansa/ros2N_ws/install/webots_ros2_driver/share/webots_ros2_driver/package.sh'
[47.528s] INFO:colcon.colcon_core.shell:Creating package script '/home/cjayahansa/ros2N_ws/install/webots_ros2_driver/share/webots_ros2_driver/package.bash'
[47.528s] INFO:colcon.colcon_core.shell:Creating package script '/home/cjayahansa/ros2N_ws/install/webots_ros2_driver/share/webots_ros2_driver/package.zsh'
[47.529s] Level 1:colcon.colcon_core.environment:create_file_with_runtime_dependencies(/home/cjayahansa/ros2N_ws/install/webots_ros2_driver/share/colcon-core/packages/webots_ros2_driver)
[47.530s] Level 1:colcon.colcon_core.environment:create_environment_scripts_only(webots_ros2_driver)
[47.531s] Level 1:colcon.colcon_core.environment:checking '/home/cjayahansa/ros2N_ws/install/webots_ros2_driver' for CMake module files
[47.531s] Level 1:colcon.colcon_core.environment:checking '/home/cjayahansa/ros2N_ws/install/webots_ros2_driver' for CMake config files
[47.531s] Level 1:colcon.colcon_core.shell:create_environment_hook('webots_ros2_driver', 'cmake_prefix_path')
[47.532s] INFO:colcon.colcon_core.shell:Creating environment hook '/home/cjayahansa/ros2N_ws/install/webots_ros2_driver/share/webots_ros2_driver/hook/cmake_prefix_path.ps1'
[47.532s] INFO:colcon.colcon_core.shell:Creating environment descriptor '/home/cjayahansa/ros2N_ws/install/webots_ros2_driver/share/webots_ros2_driver/hook/cmake_prefix_path.dsv'
[47.532s] INFO:colcon.colcon_core.shell:Creating environment hook '/home/cjayahansa/ros2N_ws/install/webots_ros2_driver/share/webots_ros2_driver/hook/cmake_prefix_path.sh'
[47.533s] Level 1:colcon.colcon_core.environment:checking '/home/cjayahansa/ros2N_ws/install/webots_ros2_driver/lib'
[47.533s] Level 1:colcon.colcon_core.shell:create_environment_hook('webots_ros2_driver', 'ld_library_path_lib')
[47.533s] INFO:colcon.colcon_core.shell:Creating environment hook '/home/cjayahansa/ros2N_ws/install/webots_ros2_driver/share/webots_ros2_driver/hook/ld_library_path_lib.ps1'
[47.534s] INFO:colcon.colcon_core.shell:Creating environment descriptor '/home/cjayahansa/ros2N_ws/install/webots_ros2_driver/share/webots_ros2_driver/hook/ld_library_path_lib.dsv'
[47.534s] INFO:colcon.colcon_core.shell:Creating environment hook '/home/cjayahansa/ros2N_ws/install/webots_ros2_driver/share/webots_ros2_driver/hook/ld_library_path_lib.sh'
[47.535s] Level 1:colcon.colcon_core.environment:checking '/home/cjayahansa/ros2N_ws/install/webots_ros2_driver/bin'
[47.535s] Level 1:colcon.colcon_core.environment:checking '/home/cjayahansa/ros2N_ws/install/webots_ros2_driver/lib/pkgconfig/webots_ros2_driver.pc'
[47.535s] Level 1:colcon.colcon_core.environment:checking '/home/cjayahansa/ros2N_ws/install/webots_ros2_driver/lib/python3.10/site-packages'
[47.535s] Level 1:colcon.colcon_core.environment:checking '/home/cjayahansa/ros2N_ws/install/webots_ros2_driver/bin'
[47.535s] INFO:colcon.colcon_core.shell:Creating package script '/home/cjayahansa/ros2N_ws/install/webots_ros2_driver/share/webots_ros2_driver/package.ps1'
[47.536s] INFO:colcon.colcon_core.shell:Creating package descriptor '/home/cjayahansa/ros2N_ws/install/webots_ros2_driver/share/webots_ros2_driver/package.dsv'
[47.537s] INFO:colcon.colcon_core.shell:Creating package script '/home/cjayahansa/ros2N_ws/install/webots_ros2_driver/share/webots_ros2_driver/package.sh'
[47.537s] INFO:colcon.colcon_core.shell:Creating package script '/home/cjayahansa/ros2N_ws/install/webots_ros2_driver/share/webots_ros2_driver/package.bash'
[47.537s] INFO:colcon.colcon_core.shell:Creating package script '/home/cjayahansa/ros2N_ws/install/webots_ros2_driver/share/webots_ros2_driver/package.zsh'
[47.538s] Level 1:colcon.colcon_core.environment:create_file_with_runtime_dependencies(/home/cjayahansa/ros2N_ws/install/webots_ros2_driver/share/colcon-core/packages/webots_ros2_driver)
[47.539s] INFO:colcon.colcon_ros.task.ament_cmake.build:Building ROS package in '/home/cjayahansa/ros2N_ws/src/webots_ros2/webots_ros2_control' with build type 'ament_cmake'
[47.539s] INFO:colcon.colcon_cmake.task.cmake.build:Building CMake package in '/home/cjayahansa/ros2N_ws/src/webots_ros2/webots_ros2_control'
[47.539s] INFO:colcon.colcon_core.shell:Skip shell extension 'powershell' for command environment: Not usable outside of PowerShell
[47.539s] DEBUG:colcon.colcon_core.shell:Skip shell extension 'dsv' for command environment
[47.548s] INFO:colcon.colcon_ros.task.ament_python.build:Building ROS package in '/home/cjayahansa/ros2N_ws/src/webots_ros2/webots_ros2_mavic' with build type 'ament_python'
[47.548s] Level 1:colcon.colcon_core.shell:create_environment_hook('webots_ros2_mavic', 'ament_prefix_path')
[47.548s] INFO:colcon.colcon_core.shell:Creating environment hook '/home/cjayahansa/ros2N_ws/install/webots_ros2_mavic/share/webots_ros2_mavic/hook/ament_prefix_path.ps1'
[47.549s] INFO:colcon.colcon_core.shell:Creating environment descriptor '/home/cjayahansa/ros2N_ws/install/webots_ros2_mavic/share/webots_ros2_mavic/hook/ament_prefix_path.dsv'
[47.550s] INFO:colcon.colcon_core.shell:Creating environment hook '/home/cjayahansa/ros2N_ws/install/webots_ros2_mavic/share/webots_ros2_mavic/hook/ament_prefix_path.sh'
[47.550s] INFO:colcon.colcon_core.shell:Skip shell extension 'powershell' for command environment: Not usable outside of PowerShell
[47.550s] DEBUG:colcon.colcon_core.shell:Skip shell extension 'dsv' for command environment
[47.554s] INFO:colcon.colcon_ros.task.ament_python.build:Building ROS package in '/home/cjayahansa/ros2N_ws/src/webots_ros2/webots_ros2_tesla' with build type 'ament_python'
[47.554s] Level 1:colcon.colcon_core.shell:create_environment_hook('webots_ros2_tesla', 'ament_prefix_path')
[47.555s] INFO:colcon.colcon_core.shell:Creating environment hook '/home/cjayahansa/ros2N_ws/install/webots_ros2_tesla/share/webots_ros2_tesla/hook/ament_prefix_path.ps1'
[47.555s] INFO:colcon.colcon_core.shell:Creating environment descriptor '/home/cjayahansa/ros2N_ws/install/webots_ros2_tesla/share/webots_ros2_tesla/hook/ament_prefix_path.dsv'
[47.556s] INFO:colcon.colcon_core.shell:Creating environment hook '/home/cjayahansa/ros2N_ws/install/webots_ros2_tesla/share/webots_ros2_tesla/hook/ament_prefix_path.sh'
[47.557s] INFO:colcon.colcon_core.shell:Skip shell extension 'powershell' for command environment: Not usable outside of PowerShell
[47.557s] DEBUG:colcon.colcon_core.shell:Skip shell extension 'dsv' for command environment
[47.561s] INFO:colcon.colcon_ros.task.ament_python.build:Building ROS package in '/home/cjayahansa/ros2N_ws/src/webots_ros2/webots_ros2_crazyflie' with build type 'ament_python'
[47.561s] Level 1:colcon.colcon_core.shell:create_environment_hook('webots_ros2_crazyflie', 'ament_prefix_path')
[47.562s] INFO:colcon.colcon_core.shell:Creating environment hook '/home/cjayahansa/ros2N_ws/install/webots_ros2_crazyflie/share/webots_ros2_crazyflie/hook/ament_prefix_path.ps1'
[47.562s] INFO:colcon.colcon_core.shell:Creating environment descriptor '/home/cjayahansa/ros2N_ws/install/webots_ros2_crazyflie/share/webots_ros2_crazyflie/hook/ament_prefix_path.dsv'
[47.563s] INFO:colcon.colcon_core.shell:Creating environment hook '/home/cjayahansa/ros2N_ws/install/webots_ros2_crazyflie/share/webots_ros2_crazyflie/hook/ament_prefix_path.sh'
[47.564s] INFO:colcon.colcon_core.shell:Skip shell extension 'powershell' for command environment: Not usable outside of PowerShell
[47.564s] DEBUG:colcon.colcon_core.shell:Skip shell extension 'dsv' for command environment
[47.574s] DEBUG:colcon.colcon_core.event_handler.log_command:Invoking command in '/home/cjayahansa/ros2N_ws/build/webots_ros2_control': AMENT_PREFIX_PATH=/home/cjayahansa/ros2N_ws/install/webots_ros2_importer:/home/cjayahansa/ros2N_ws/install/webots_ros2:/home/cjayahansa/ros2N_ws/install/webots_ros2_universal_robot:/home/cjayahansa/ros2N_ws/install/webots_ros2_turtlebot:/home/cjayahansa/ros2N_ws/install/webots_ros2_tiago:/home/cjayahansa/ros2N_ws/install/webots_ros2_tests:/home/cjayahansa/ros2N_ws/install/webots_ros2_tesla:/home/cjayahansa/ros2N_ws/install/webots_ros2_mavic:/home/cjayahansa/ros2N_ws/install/webots_ros2_husarion:/home/cjayahansa/ros2N_ws/install/webots_ros2_epuck:/home/cjayahansa/ros2N_ws/install/webots_ros2_crazyflie:/home/cjayahansa/ros2N_ws/install/webots_ros2_control:/home/cjayahansa/ros2N_ws/install/webots_ros2_driver:/home/cjayahansa/ros2N_ws/install/webots_ros2_msgs:/home/cjayahansa/ros2_ws/install/my_first_package:/opt/ros/humble CMAKE_PREFIX_PATH=/home/cjayahansa/ros2N_ws/install/webots_ros2_driver:/home/cjayahansa/ros2N_ws/install/webots_ros2_msgs:/home/cjayahansa/ros2N_ws/install/webots_ros2_control:/home/cjayahansa/ros2N_ws/install/webots_ros2:/home/cjayahansa/ros2N_ws/install/webots_ros2_universal_robot:/home/cjayahansa/ros2N_ws/install/webots_ros2_turtlebot:/home/cjayahansa/ros2N_ws/install/webots_ros2_tiago:/home/cjayahansa/ros2N_ws/install/webots_ros2_tests:/home/cjayahansa/ros2N_ws/install/webots_ros2_tesla:/home/cjayahansa/ros2N_ws/install/webots_ros2_mavic:/home/cjayahansa/ros2N_ws/install/webots_ros2_husarion:/home/cjayahansa/ros2N_ws/install/webots_ros2_epuck:/home/cjayahansa/ros2N_ws/install/webots_ros2_crazyflie:/home/cjayahansa/ros2N_ws/install/webots_ros2_importer:/home/cjayahansa/ros2_ws/install/my_first_package:/opt/ros/humble LD_LIBRARY_PATH=/home/cjayahansa/ros2N_ws/install/webots_ros2_driver/lib:/home/cjayahansa/ros2N_ws/install/webots_ros2_msgs/lib:/home/cjayahansa/ros2N_ws/install/webots_ros2_control/lib:/opt/ros/humble/opt/rviz_ogre_vendor/lib:/opt/ros/humble/lib/x86_64-linux-gnu:/opt/ros/humble/lib PS1=\[\033[01;36m\]\u@\h\[\033[00m\]:\[\033[01;34m\]\w\[\033[00m\]$ PYTHONPATH=/home/cjayahansa/ros2N_ws/build/webots_ros2_importer:/home/cjayahansa/ros2N_ws/install/webots_ros2_importer/lib/python3.10/site-packages:/home/cjayahansa/ros2N_ws/install/webots_ros2/lib/python3.10/site-packages:/home/cjayahansa/ros2N_ws/install/webots_ros2_universal_robot/lib/python3.10/site-packages:/home/cjayahansa/ros2N_ws/install/webots_ros2_turtlebot/lib/python3.10/site-packages:/home/cjayahansa/ros2N_ws/install/webots_ros2_tiago/lib/python3.10/site-packages:/home/cjayahansa/ros2N_ws/install/webots_ros2_tests/lib/python3.10/site-packages:/home/cjayahansa/ros2N_ws/install/webots_ros2_tesla/lib/python3.10/site-packages:/home/cjayahansa/ros2N_ws/install/webots_ros2_mavic/lib/python3.10/site-packages:/home/cjayahansa/ros2N_ws/install/webots_ros2_husarion/lib/python3.10/site-packages:/home/cjayahansa/ros2N_ws/install/webots_ros2_epuck/lib/python3.10/site-packages:/home/cjayahansa/ros2N_ws/install/webots_ros2_crazyflie/lib/python3.10/site-packages:/home/cjayahansa/ros2N_ws/install/webots_ros2_driver/local/lib/python3.10/dist-packages:/home/cjayahansa/ros2N_ws/install/webots_ros2_msgs/local/lib/python3.10/dist-packages:/home/cjayahansa/ros2_ws/install/my_first_package/lib/python3.10/site-packages:/opt/ros/humble/lib/python3.10/site-packages:/opt/ros/humble/local/lib/python3.10/dist-packages /usr/bin/cmake /home/cjayahansa/ros2N_ws/src/webots_ros2/webots_ros2_control -DAMENT_CMAKE_SYMLINK_INSTALL=1 -DCMAKE_INSTALL_PREFIX=/home/cjayahansa/ros2N_ws/install/webots_ros2_control
[48.027s] INFO:colcon.colcon_core.task.python.build:Building Python package in '/home/cjayahansa/ros2N_ws/src/webots_ros2/webots_ros2_mavic'
[48.027s] INFO:colcon.colcon_core.shell:Skip shell extension 'powershell' for command environment: Not usable outside of PowerShell
[48.027s] DEBUG:colcon.colcon_core.shell:Skip shell extension 'dsv' for command environment
[48.363s] INFO:colcon.colcon_core.task.python.build:Building Python package in '/home/cjayahansa/ros2N_ws/src/webots_ros2/webots_ros2_tesla'
[48.363s] INFO:colcon.colcon_core.shell:Skip shell extension 'powershell' for command environment: Not usable outside of PowerShell
[48.363s] DEBUG:colcon.colcon_core.shell:Skip shell extension 'dsv' for command environment
[48.639s] INFO:colcon.colcon_core.task.python.build:Building Python package in '/home/cjayahansa/ros2N_ws/src/webots_ros2/webots_ros2_crazyflie'
[48.639s] INFO:colcon.colcon_core.shell:Skip shell extension 'powershell' for command environment: Not usable outside of PowerShell
[48.639s] DEBUG:colcon.colcon_core.shell:Skip shell extension 'dsv' for command environment
[49.194s] DEBUG:colcon.colcon_core.event_handler.log_command:Invoking command in '/home/cjayahansa/ros2N_ws/build/webots_ros2_crazyflie': AMENT_PREFIX_PATH=/home/cjayahansa/ros2N_ws/install/webots_ros2_importer:/home/cjayahansa/ros2N_ws/install/webots_ros2:/home/cjayahansa/ros2N_ws/install/webots_ros2_universal_robot:/home/cjayahansa/ros2N_ws/install/webots_ros2_turtlebot:/home/cjayahansa/ros2N_ws/install/webots_ros2_tiago:/home/cjayahansa/ros2N_ws/install/webots_ros2_tests:/home/cjayahansa/ros2N_ws/install/webots_ros2_tesla:/home/cjayahansa/ros2N_ws/install/webots_ros2_mavic:/home/cjayahansa/ros2N_ws/install/webots_ros2_husarion:/home/cjayahansa/ros2N_ws/install/webots_ros2_epuck:/home/cjayahansa/ros2N_ws/install/webots_ros2_crazyflie:/home/cjayahansa/ros2N_ws/install/webots_ros2_control:/home/cjayahansa/ros2N_ws/install/webots_ros2_driver:/home/cjayahansa/ros2N_ws/install/webots_ros2_msgs:/home/cjayahansa/ros2_ws/install/my_first_package:/opt/ros/humble CMAKE_PREFIX_PATH=/home/cjayahansa/ros2N_ws/install/webots_ros2_driver:/home/cjayahansa/ros2N_ws/install/webots_ros2_msgs:/home/cjayahansa/ros2N_ws/install/webots_ros2_control LD_LIBRARY_PATH=/home/cjayahansa/ros2N_ws/install/webots_ros2_driver/lib:/home/cjayahansa/ros2N_ws/install/webots_ros2_msgs/lib:/home/cjayahansa/ros2N_ws/install/webots_ros2_control/lib:/opt/ros/humble/opt/rviz_ogre_vendor/lib:/opt/ros/humble/lib/x86_64-linux-gnu:/opt/ros/humble/lib PS1=\[\033[01;36m\]\u@\h\[\033[00m\]:\[\033[01;34m\]\w\[\033[00m\]$ PYTHONPATH=/home/cjayahansa/ros2N_ws/build/webots_ros2_crazyflie/prefix_override:/usr/lib/python3/dist-packages/colcon_core/task/python/colcon_distutils_commands:/home/cjayahansa/ros2N_ws/install/webots_ros2_crazyflie/lib/python3.10/site-packages:/home/cjayahansa/ros2N_ws/build/webots_ros2_importer:/home/cjayahansa/ros2N_ws/install/webots_ros2_importer/lib/python3.10/site-packages:/home/cjayahansa/ros2N_ws/install/webots_ros2/lib/python3.10/site-packages:/home/cjayahansa/ros2N_ws/install/webots_ros2_universal_robot/lib/python3.10/site-packages:/home/cjayahansa/ros2N_ws/install/webots_ros2_turtlebot/lib/python3.10/site-packages:/home/cjayahansa/ros2N_ws/install/webots_ros2_tiago/lib/python3.10/site-packages:/home/cjayahansa/ros2N_ws/install/webots_ros2_tests/lib/python3.10/site-packages:/home/cjayahansa/ros2N_ws/install/webots_ros2_tesla/lib/python3.10/site-packages:/home/cjayahansa/ros2N_ws/install/webots_ros2_mavic/lib/python3.10/site-packages:/home/cjayahansa/ros2N_ws/install/webots_ros2_husarion/lib/python3.10/site-packages:/home/cjayahansa/ros2N_ws/install/webots_ros2_epuck/lib/python3.10/site-packages:/home/cjayahansa/ros2N_ws/install/webots_ros2_crazyflie/lib/python3.10/site-packages:/home/cjayahansa/ros2N_ws/install/webots_ros2_driver/local/lib/python3.10/dist-packages:/home/cjayahansa/ros2N_ws/install/webots_ros2_msgs/local/lib/python3.10/dist-packages:/home/cjayahansa/ros2_ws/install/my_first_package/lib/python3.10/site-packages:/opt/ros/humble/lib/python3.10/site-packages:/opt/ros/humble/local/lib/python3.10/dist-packages /usr/bin/python3 -W ignore:setup.py install is deprecated -W ignore:easy_install command is deprecated setup.py develop --editable --build-directory /home/cjayahansa/ros2N_ws/build/webots_ros2_crazyflie/build --no-deps symlink_data
[49.196s] DEBUG:colcon.colcon_core.event_handler.log_command:Invoking command in '/home/cjayahansa/ros2N_ws/build/webots_ros2_mavic': AMENT_PREFIX_PATH=/home/cjayahansa/ros2N_ws/install/webots_ros2_importer:/home/cjayahansa/ros2N_ws/install/webots_ros2:/home/cjayahansa/ros2N_ws/install/webots_ros2_universal_robot:/home/cjayahansa/ros2N_ws/install/webots_ros2_turtlebot:/home/cjayahansa/ros2N_ws/install/webots_ros2_tiago:/home/cjayahansa/ros2N_ws/install/webots_ros2_tests:/home/cjayahansa/ros2N_ws/install/webots_ros2_tesla:/home/cjayahansa/ros2N_ws/install/webots_ros2_mavic:/home/cjayahansa/ros2N_ws/install/webots_ros2_husarion:/home/cjayahansa/ros2N_ws/install/webots_ros2_epuck:/home/cjayahansa/ros2N_ws/install/webots_ros2_crazyflie:/home/cjayahansa/ros2N_ws/install/webots_ros2_control:/home/cjayahansa/ros2N_ws/install/webots_ros2_driver:/home/cjayahansa/ros2N_ws/install/webots_ros2_msgs:/home/cjayahansa/ros2_ws/install/my_first_package:/opt/ros/humble CMAKE_PREFIX_PATH=/home/cjayahansa/ros2N_ws/install/webots_ros2_driver:/home/cjayahansa/ros2N_ws/install/webots_ros2_msgs:/home/cjayahansa/ros2N_ws/install/webots_ros2_control LD_LIBRARY_PATH=/home/cjayahansa/ros2N_ws/install/webots_ros2_driver/lib:/home/cjayahansa/ros2N_ws/install/webots_ros2_msgs/lib:/home/cjayahansa/ros2N_ws/install/webots_ros2_control/lib:/opt/ros/humble/opt/rviz_ogre_vendor/lib:/opt/ros/humble/lib/x86_64-linux-gnu:/opt/ros/humble/lib PS1=\[\033[01;36m\]\u@\h\[\033[00m\]:\[\033[01;34m\]\w\[\033[00m\]$ PYTHONPATH=/home/cjayahansa/ros2N_ws/build/webots_ros2_mavic/prefix_override:/usr/lib/python3/dist-packages/colcon_core/task/python/colcon_distutils_commands:/home/cjayahansa/ros2N_ws/install/webots_ros2_mavic/lib/python3.10/site-packages:/home/cjayahansa/ros2N_ws/build/webots_ros2_importer:/home/cjayahansa/ros2N_ws/install/webots_ros2_importer/lib/python3.10/site-packages:/home/cjayahansa/ros2N_ws/install/webots_ros2/lib/python3.10/site-packages:/home/cjayahansa/ros2N_ws/install/webots_ros2_universal_robot/lib/python3.10/site-packages:/home/cjayahansa/ros2N_ws/install/webots_ros2_turtlebot/lib/python3.10/site-packages:/home/cjayahansa/ros2N_ws/install/webots_ros2_tiago/lib/python3.10/site-packages:/home/cjayahansa/ros2N_ws/install/webots_ros2_tests/lib/python3.10/site-packages:/home/cjayahansa/ros2N_ws/install/webots_ros2_tesla/lib/python3.10/site-packages:/home/cjayahansa/ros2N_ws/install/webots_ros2_mavic/lib/python3.10/site-packages:/home/cjayahansa/ros2N_ws/install/webots_ros2_husarion/lib/python3.10/site-packages:/home/cjayahansa/ros2N_ws/install/webots_ros2_epuck/lib/python3.10/site-packages:/home/cjayahansa/ros2N_ws/install/webots_ros2_crazyflie/lib/python3.10/site-packages:/home/cjayahansa/ros2N_ws/install/webots_ros2_driver/local/lib/python3.10/dist-packages:/home/cjayahansa/ros2N_ws/install/webots_ros2_msgs/local/lib/python3.10/dist-packages:/home/cjayahansa/ros2_ws/install/my_first_package/lib/python3.10/site-packages:/opt/ros/humble/lib/python3.10/site-packages:/opt/ros/humble/local/lib/python3.10/dist-packages /usr/bin/python3 -W ignore:setup.py install is deprecated -W ignore:easy_install command is deprecated setup.py develop --editable --build-directory /home/cjayahansa/ros2N_ws/build/webots_ros2_mavic/build --no-deps symlink_data
[49.200s] DEBUG:colcon.colcon_core.event_handler.log_command:Invoking command in '/home/cjayahansa/ros2N_ws/build/webots_ros2_tesla': AMENT_PREFIX_PATH=/home/cjayahansa/ros2N_ws/install/webots_ros2_importer:/home/cjayahansa/ros2N_ws/install/webots_ros2:/home/cjayahansa/ros2N_ws/install/webots_ros2_universal_robot:/home/cjayahansa/ros2N_ws/install/webots_ros2_turtlebot:/home/cjayahansa/ros2N_ws/install/webots_ros2_tiago:/home/cjayahansa/ros2N_ws/install/webots_ros2_tests:/home/cjayahansa/ros2N_ws/install/webots_ros2_tesla:/home/cjayahansa/ros2N_ws/install/webots_ros2_mavic:/home/cjayahansa/ros2N_ws/install/webots_ros2_husarion:/home/cjayahansa/ros2N_ws/install/webots_ros2_epuck:/home/cjayahansa/ros2N_ws/install/webots_ros2_crazyflie:/home/cjayahansa/ros2N_ws/install/webots_ros2_control:/home/cjayahansa/ros2N_ws/install/webots_ros2_driver:/home/cjayahansa/ros2N_ws/install/webots_ros2_msgs:/home/cjayahansa/ros2_ws/install/my_first_package:/opt/ros/humble CMAKE_PREFIX_PATH=/home/cjayahansa/ros2N_ws/install/webots_ros2_driver:/home/cjayahansa/ros2N_ws/install/webots_ros2_msgs:/home/cjayahansa/ros2N_ws/install/webots_ros2_control LD_LIBRARY_PATH=/home/cjayahansa/ros2N_ws/install/webots_ros2_driver/lib:/home/cjayahansa/ros2N_ws/install/webots_ros2_msgs/lib:/home/cjayahansa/ros2N_ws/install/webots_ros2_control/lib:/opt/ros/humble/opt/rviz_ogre_vendor/lib:/opt/ros/humble/lib/x86_64-linux-gnu:/opt/ros/humble/lib PS1=\[\033[01;36m\]\u@\h\[\033[00m\]:\[\033[01;34m\]\w\[\033[00m\]$ PYTHONPATH=/home/cjayahansa/ros2N_ws/build/webots_ros2_tesla/prefix_override:/usr/lib/python3/dist-packages/colcon_core/task/python/colcon_distutils_commands:/home/cjayahansa/ros2N_ws/install/webots_ros2_tesla/lib/python3.10/site-packages:/home/cjayahansa/ros2N_ws/build/webots_ros2_importer:/home/cjayahansa/ros2N_ws/install/webots_ros2_importer/lib/python3.10/site-packages:/home/cjayahansa/ros2N_ws/install/webots_ros2/lib/python3.10/site-packages:/home/cjayahansa/ros2N_ws/install/webots_ros2_universal_robot/lib/python3.10/site-packages:/home/cjayahansa/ros2N_ws/install/webots_ros2_turtlebot/lib/python3.10/site-packages:/home/cjayahansa/ros2N_ws/install/webots_ros2_tiago/lib/python3.10/site-packages:/home/cjayahansa/ros2N_ws/install/webots_ros2_tests/lib/python3.10/site-packages:/home/cjayahansa/ros2N_ws/install/webots_ros2_tesla/lib/python3.10/site-packages:/home/cjayahansa/ros2N_ws/install/webots_ros2_mavic/lib/python3.10/site-packages:/home/cjayahansa/ros2N_ws/install/webots_ros2_husarion/lib/python3.10/site-packages:/home/cjayahansa/ros2N_ws/install/webots_ros2_epuck/lib/python3.10/site-packages:/home/cjayahansa/ros2N_ws/install/webots_ros2_crazyflie/lib/python3.10/site-packages:/home/cjayahansa/ros2N_ws/install/webots_ros2_driver/local/lib/python3.10/dist-packages:/home/cjayahansa/ros2N_ws/install/webots_ros2_msgs/local/lib/python3.10/dist-packages:/home/cjayahansa/ros2_ws/install/my_first_package/lib/python3.10/site-packages:/opt/ros/humble/lib/python3.10/site-packages:/opt/ros/humble/local/lib/python3.10/dist-packages /usr/bin/python3 -W ignore:setup.py install is deprecated -W ignore:easy_install command is deprecated setup.py develop --editable --build-directory /home/cjayahansa/ros2N_ws/build/webots_ros2_tesla/build --no-deps symlink_data
[49.564s] DEBUG:colcon.colcon_core.event_handler.log_command:Invoked command in '/home/cjayahansa/ros2N_ws/build/webots_ros2_control' returned '0': AMENT_PREFIX_PATH=/home/cjayahansa/ros2N_ws/install/webots_ros2_importer:/home/cjayahansa/ros2N_ws/install/webots_ros2:/home/cjayahansa/ros2N_ws/install/webots_ros2_universal_robot:/home/cjayahansa/ros2N_ws/install/webots_ros2_turtlebot:/home/cjayahansa/ros2N_ws/install/webots_ros2_tiago:/home/cjayahansa/ros2N_ws/install/webots_ros2_tests:/home/cjayahansa/ros2N_ws/install/webots_ros2_tesla:/home/cjayahansa/ros2N_ws/install/webots_ros2_mavic:/home/cjayahansa/ros2N_ws/install/webots_ros2_husarion:/home/cjayahansa/ros2N_ws/install/webots_ros2_epuck:/home/cjayahansa/ros2N_ws/install/webots_ros2_crazyflie:/home/cjayahansa/ros2N_ws/install/webots_ros2_control:/home/cjayahansa/ros2N_ws/install/webots_ros2_driver:/home/cjayahansa/ros2N_ws/install/webots_ros2_msgs:/home/cjayahansa/ros2_ws/install/my_first_package:/opt/ros/humble CMAKE_PREFIX_PATH=/home/cjayahansa/ros2N_ws/install/webots_ros2_driver:/home/cjayahansa/ros2N_ws/install/webots_ros2_msgs:/home/cjayahansa/ros2N_ws/install/webots_ros2_control:/home/cjayahansa/ros2N_ws/install/webots_ros2:/home/cjayahansa/ros2N_ws/install/webots_ros2_universal_robot:/home/cjayahansa/ros2N_ws/install/webots_ros2_turtlebot:/home/cjayahansa/ros2N_ws/install/webots_ros2_tiago:/home/cjayahansa/ros2N_ws/install/webots_ros2_tests:/home/cjayahansa/ros2N_ws/install/webots_ros2_tesla:/home/cjayahansa/ros2N_ws/install/webots_ros2_mavic:/home/cjayahansa/ros2N_ws/install/webots_ros2_husarion:/home/cjayahansa/ros2N_ws/install/webots_ros2_epuck:/home/cjayahansa/ros2N_ws/install/webots_ros2_crazyflie:/home/cjayahansa/ros2N_ws/install/webots_ros2_importer:/home/cjayahansa/ros2_ws/install/my_first_package:/opt/ros/humble LD_LIBRARY_PATH=/home/cjayahansa/ros2N_ws/install/webots_ros2_driver/lib:/home/cjayahansa/ros2N_ws/install/webots_ros2_msgs/lib:/home/cjayahansa/ros2N_ws/install/webots_ros2_control/lib:/opt/ros/humble/opt/rviz_ogre_vendor/lib:/opt/ros/humble/lib/x86_64-linux-gnu:/opt/ros/humble/lib PS1=\[\033[01;36m\]\u@\h\[\033[00m\]:\[\033[01;34m\]\w\[\033[00m\]$ PYTHONPATH=/home/cjayahansa/ros2N_ws/build/webots_ros2_importer:/home/cjayahansa/ros2N_ws/install/webots_ros2_importer/lib/python3.10/site-packages:/home/cjayahansa/ros2N_ws/install/webots_ros2/lib/python3.10/site-packages:/home/cjayahansa/ros2N_ws/install/webots_ros2_universal_robot/lib/python3.10/site-packages:/home/cjayahansa/ros2N_ws/install/webots_ros2_turtlebot/lib/python3.10/site-packages:/home/cjayahansa/ros2N_ws/install/webots_ros2_tiago/lib/python3.10/site-packages:/home/cjayahansa/ros2N_ws/install/webots_ros2_tests/lib/python3.10/site-packages:/home/cjayahansa/ros2N_ws/install/webots_ros2_tesla/lib/python3.10/site-packages:/home/cjayahansa/ros2N_ws/install/webots_ros2_mavic/lib/python3.10/site-packages:/home/cjayahansa/ros2N_ws/install/webots_ros2_husarion/lib/python3.10/site-packages:/home/cjayahansa/ros2N_ws/install/webots_ros2_epuck/lib/python3.10/site-packages:/home/cjayahansa/ros2N_ws/install/webots_ros2_crazyflie/lib/python3.10/site-packages:/home/cjayahansa/ros2N_ws/install/webots_ros2_driver/local/lib/python3.10/dist-packages:/home/cjayahansa/ros2N_ws/install/webots_ros2_msgs/local/lib/python3.10/dist-packages:/home/cjayahansa/ros2_ws/install/my_first_package/lib/python3.10/site-packages:/opt/ros/humble/lib/python3.10/site-packages:/opt/ros/humble/local/lib/python3.10/dist-packages /usr/bin/cmake /home/cjayahansa/ros2N_ws/src/webots_ros2/webots_ros2_control -DAMENT_CMAKE_SYMLINK_INSTALL=1 -DCMAKE_INSTALL_PREFIX=/home/cjayahansa/ros2N_ws/install/webots_ros2_control
[49.568s] DEBUG:colcon.colcon_core.event_handler.log_command:Invoking command in '/home/cjayahansa/ros2N_ws/build/webots_ros2_control': AMENT_PREFIX_PATH=/home/cjayahansa/ros2N_ws/install/webots_ros2_importer:/home/cjayahansa/ros2N_ws/install/webots_ros2:/home/cjayahansa/ros2N_ws/install/webots_ros2_universal_robot:/home/cjayahansa/ros2N_ws/install/webots_ros2_turtlebot:/home/cjayahansa/ros2N_ws/install/webots_ros2_tiago:/home/cjayahansa/ros2N_ws/install/webots_ros2_tests:/home/cjayahansa/ros2N_ws/install/webots_ros2_tesla:/home/cjayahansa/ros2N_ws/install/webots_ros2_mavic:/home/cjayahansa/ros2N_ws/install/webots_ros2_husarion:/home/cjayahansa/ros2N_ws/install/webots_ros2_epuck:/home/cjayahansa/ros2N_ws/install/webots_ros2_crazyflie:/home/cjayahansa/ros2N_ws/install/webots_ros2_control:/home/cjayahansa/ros2N_ws/install/webots_ros2_driver:/home/cjayahansa/ros2N_ws/install/webots_ros2_msgs:/home/cjayahansa/ros2_ws/install/my_first_package:/opt/ros/humble CMAKE_PREFIX_PATH=/home/cjayahansa/ros2N_ws/install/webots_ros2_driver:/home/cjayahansa/ros2N_ws/install/webots_ros2_msgs:/home/cjayahansa/ros2N_ws/install/webots_ros2_control:/home/cjayahansa/ros2N_ws/install/webots_ros2:/home/cjayahansa/ros2N_ws/install/webots_ros2_universal_robot:/home/cjayahansa/ros2N_ws/install/webots_ros2_turtlebot:/home/cjayahansa/ros2N_ws/install/webots_ros2_tiago:/home/cjayahansa/ros2N_ws/install/webots_ros2_tests:/home/cjayahansa/ros2N_ws/install/webots_ros2_tesla:/home/cjayahansa/ros2N_ws/install/webots_ros2_mavic:/home/cjayahansa/ros2N_ws/install/webots_ros2_husarion:/home/cjayahansa/ros2N_ws/install/webots_ros2_epuck:/home/cjayahansa/ros2N_ws/install/webots_ros2_crazyflie:/home/cjayahansa/ros2N_ws/install/webots_ros2_importer:/home/cjayahansa/ros2_ws/install/my_first_package:/opt/ros/humble LD_LIBRARY_PATH=/home/cjayahansa/ros2N_ws/install/webots_ros2_driver/lib:/home/cjayahansa/ros2N_ws/install/webots_ros2_msgs/lib:/home/cjayahansa/ros2N_ws/install/webots_ros2_control/lib:/opt/ros/humble/opt/rviz_ogre_vendor/lib:/opt/ros/humble/lib/x86_64-linux-gnu:/opt/ros/humble/lib PS1=\[\033[01;36m\]\u@\h\[\033[00m\]:\[\033[01;34m\]\w\[\033[00m\]$ PYTHONPATH=/home/cjayahansa/ros2N_ws/build/webots_ros2_importer:/home/cjayahansa/ros2N_ws/install/webots_ros2_importer/lib/python3.10/site-packages:/home/cjayahansa/ros2N_ws/install/webots_ros2/lib/python3.10/site-packages:/home/cjayahansa/ros2N_ws/install/webots_ros2_universal_robot/lib/python3.10/site-packages:/home/cjayahansa/ros2N_ws/install/webots_ros2_turtlebot/lib/python3.10/site-packages:/home/cjayahansa/ros2N_ws/install/webots_ros2_tiago/lib/python3.10/site-packages:/home/cjayahansa/ros2N_ws/install/webots_ros2_tests/lib/python3.10/site-packages:/home/cjayahansa/ros2N_ws/install/webots_ros2_tesla/lib/python3.10/site-packages:/home/cjayahansa/ros2N_ws/install/webots_ros2_mavic/lib/python3.10/site-packages:/home/cjayahansa/ros2N_ws/install/webots_ros2_husarion/lib/python3.10/site-packages:/home/cjayahansa/ros2N_ws/install/webots_ros2_epuck/lib/python3.10/site-packages:/home/cjayahansa/ros2N_ws/install/webots_ros2_crazyflie/lib/python3.10/site-packages:/home/cjayahansa/ros2N_ws/install/webots_ros2_driver/local/lib/python3.10/dist-packages:/home/cjayahansa/ros2N_ws/install/webots_ros2_msgs/local/lib/python3.10/dist-packages:/home/cjayahansa/ros2_ws/install/my_first_package/lib/python3.10/site-packages:/opt/ros/humble/lib/python3.10/site-packages:/opt/ros/humble/local/lib/python3.10/dist-packages /usr/bin/cmake --build /home/cjayahansa/ros2N_ws/build/webots_ros2_control -- -j12 -l12
[49.784s] Level 1:colcon.colcon_core.shell:create_environment_hook('webots_ros2_mavic', 'pythonpath_develop')
[49.784s] INFO:colcon.colcon_core.shell:Creating environment hook '/home/cjayahansa/ros2N_ws/build/webots_ros2_mavic/share/webots_ros2_mavic/hook/pythonpath_develop.ps1'
[49.785s] DEBUG:colcon.colcon_core.event_handler.log_command:Invoked command in '/home/cjayahansa/ros2N_ws/build/webots_ros2_mavic' returned '0': AMENT_PREFIX_PATH=/home/cjayahansa/ros2N_ws/install/webots_ros2_importer:/home/cjayahansa/ros2N_ws/install/webots_ros2:/home/cjayahansa/ros2N_ws/install/webots_ros2_universal_robot:/home/cjayahansa/ros2N_ws/install/webots_ros2_turtlebot:/home/cjayahansa/ros2N_ws/install/webots_ros2_tiago:/home/cjayahansa/ros2N_ws/install/webots_ros2_tests:/home/cjayahansa/ros2N_ws/install/webots_ros2_tesla:/home/cjayahansa/ros2N_ws/install/webots_ros2_mavic:/home/cjayahansa/ros2N_ws/install/webots_ros2_husarion:/home/cjayahansa/ros2N_ws/install/webots_ros2_epuck:/home/cjayahansa/ros2N_ws/install/webots_ros2_crazyflie:/home/cjayahansa/ros2N_ws/install/webots_ros2_control:/home/cjayahansa/ros2N_ws/install/webots_ros2_driver:/home/cjayahansa/ros2N_ws/install/webots_ros2_msgs:/home/cjayahansa/ros2_ws/install/my_first_package:/opt/ros/humble CMAKE_PREFIX_PATH=/home/cjayahansa/ros2N_ws/install/webots_ros2_driver:/home/cjayahansa/ros2N_ws/install/webots_ros2_msgs:/home/cjayahansa/ros2N_ws/install/webots_ros2_control LD_LIBRARY_PATH=/home/cjayahansa/ros2N_ws/install/webots_ros2_driver/lib:/home/cjayahansa/ros2N_ws/install/webots_ros2_msgs/lib:/home/cjayahansa/ros2N_ws/install/webots_ros2_control/lib:/opt/ros/humble/opt/rviz_ogre_vendor/lib:/opt/ros/humble/lib/x86_64-linux-gnu:/opt/ros/humble/lib PS1=\[\033[01;36m\]\u@\h\[\033[00m\]:\[\033[01;34m\]\w\[\033[00m\]$ PYTHONPATH=/home/cjayahansa/ros2N_ws/build/webots_ros2_mavic/prefix_override:/usr/lib/python3/dist-packages/colcon_core/task/python/colcon_distutils_commands:/home/cjayahansa/ros2N_ws/install/webots_ros2_mavic/lib/python3.10/site-packages:/home/cjayahansa/ros2N_ws/build/webots_ros2_importer:/home/cjayahansa/ros2N_ws/install/webots_ros2_importer/lib/python3.10/site-packages:/home/cjayahansa/ros2N_ws/install/webots_ros2/lib/python3.10/site-packages:/home/cjayahansa/ros2N_ws/install/webots_ros2_universal_robot/lib/python3.10/site-packages:/home/cjayahansa/ros2N_ws/install/webots_ros2_turtlebot/lib/python3.10/site-packages:/home/cjayahansa/ros2N_ws/install/webots_ros2_tiago/lib/python3.10/site-packages:/home/cjayahansa/ros2N_ws/install/webots_ros2_tests/lib/python3.10/site-packages:/home/cjayahansa/ros2N_ws/install/webots_ros2_tesla/lib/python3.10/site-packages:/home/cjayahansa/ros2N_ws/install/webots_ros2_mavic/lib/python3.10/site-packages:/home/cjayahansa/ros2N_ws/install/webots_ros2_husarion/lib/python3.10/site-packages:/home/cjayahansa/ros2N_ws/install/webots_ros2_epuck/lib/python3.10/site-packages:/home/cjayahansa/ros2N_ws/install/webots_ros2_crazyflie/lib/python3.10/site-packages:/home/cjayahansa/ros2N_ws/install/webots_ros2_driver/local/lib/python3.10/dist-packages:/home/cjayahansa/ros2N_ws/install/webots_ros2_msgs/local/lib/python3.10/dist-packages:/home/cjayahansa/ros2_ws/install/my_first_package/lib/python3.10/site-packages:/opt/ros/humble/lib/python3.10/site-packages:/opt/ros/humble/local/lib/python3.10/dist-packages /usr/bin/python3 -W ignore:setup.py install is deprecated -W ignore:easy_install command is deprecated setup.py develop --editable --build-directory /home/cjayahansa/ros2N_ws/build/webots_ros2_mavic/build --no-deps symlink_data
[49.786s] INFO:colcon.colcon_core.shell:Creating environment descriptor '/home/cjayahansa/ros2N_ws/build/webots_ros2_mavic/share/webots_ros2_mavic/hook/pythonpath_develop.dsv'
[49.786s] INFO:colcon.colcon_core.shell:Creating environment hook '/home/cjayahansa/ros2N_ws/build/webots_ros2_mavic/share/webots_ros2_mavic/hook/pythonpath_develop.sh'
[49.787s] Level 1:colcon.colcon_core.environment:checking '/home/cjayahansa/ros2N_ws/install/webots_ros2_mavic' for CMake module files
[49.788s] Level 1:colcon.colcon_core.environment:checking '/home/cjayahansa/ros2N_ws/install/webots_ros2_mavic' for CMake config files
[49.788s] Level 1:colcon.colcon_core.environment:checking '/home/cjayahansa/ros2N_ws/install/webots_ros2_mavic/lib'
[49.789s] Level 1:colcon.colcon_core.environment:checking '/home/cjayahansa/ros2N_ws/install/webots_ros2_mavic/bin'
[49.789s] Level 1:colcon.colcon_core.environment:checking '/home/cjayahansa/ros2N_ws/install/webots_ros2_mavic/lib/pkgconfig/webots_ros2_mavic.pc'
[49.789s] Level 1:colcon.colcon_core.environment:checking '/home/cjayahansa/ros2N_ws/install/webots_ros2_mavic/lib/python3.10/site-packages'
[49.789s] Level 1:colcon.colcon_core.shell:create_environment_hook('webots_ros2_mavic', 'pythonpath')
[49.789s] INFO:colcon.colcon_core.shell:Creating environment hook '/home/cjayahansa/ros2N_ws/install/webots_ros2_mavic/share/webots_ros2_mavic/hook/pythonpath.ps1'
[49.790s] INFO:colcon.colcon_core.shell:Creating environment descriptor '/home/cjayahansa/ros2N_ws/install/webots_ros2_mavic/share/webots_ros2_mavic/hook/pythonpath.dsv'
[49.791s] INFO:colcon.colcon_core.shell:Creating environment hook '/home/cjayahansa/ros2N_ws/install/webots_ros2_mavic/share/webots_ros2_mavic/hook/pythonpath.sh'
[49.792s] Level 1:colcon.colcon_core.environment:checking '/home/cjayahansa/ros2N_ws/install/webots_ros2_mavic/bin'
[49.792s] Level 1:colcon.colcon_core.environment:create_environment_scripts_only(webots_ros2_mavic)
[49.792s] INFO:colcon.colcon_core.shell:Creating package script '/home/cjayahansa/ros2N_ws/install/webots_ros2_mavic/share/webots_ros2_mavic/package.ps1'
[49.793s] INFO:colcon.colcon_core.shell:Creating package descriptor '/home/cjayahansa/ros2N_ws/install/webots_ros2_mavic/share/webots_ros2_mavic/package.dsv'
[49.794s] INFO:colcon.colcon_core.shell:Creating package script '/home/cjayahansa/ros2N_ws/install/webots_ros2_mavic/share/webots_ros2_mavic/package.sh'
[49.794s] INFO:colcon.colcon_core.shell:Creating package script '/home/cjayahansa/ros2N_ws/install/webots_ros2_mavic/share/webots_ros2_mavic/package.bash'
[49.795s] INFO:colcon.colcon_core.shell:Creating package script '/home/cjayahansa/ros2N_ws/install/webots_ros2_mavic/share/webots_ros2_mavic/package.zsh'
[49.795s] Level 1:colcon.colcon_core.environment:create_file_with_runtime_dependencies(/home/cjayahansa/ros2N_ws/install/webots_ros2_mavic/share/colcon-core/packages/webots_ros2_mavic)
[49.808s] Level 1:colcon.colcon_core.shell:create_environment_hook('webots_ros2_crazyflie', 'pythonpath_develop')
[49.808s] INFO:colcon.colcon_core.shell:Creating environment hook '/home/cjayahansa/ros2N_ws/build/webots_ros2_crazyflie/share/webots_ros2_crazyflie/hook/pythonpath_develop.ps1'
[49.809s] DEBUG:colcon.colcon_core.event_handler.log_command:Invoked command in '/home/cjayahansa/ros2N_ws/build/webots_ros2_crazyflie' returned '0': AMENT_PREFIX_PATH=/home/cjayahansa/ros2N_ws/install/webots_ros2_importer:/home/cjayahansa/ros2N_ws/install/webots_ros2:/home/cjayahansa/ros2N_ws/install/webots_ros2_universal_robot:/home/cjayahansa/ros2N_ws/install/webots_ros2_turtlebot:/home/cjayahansa/ros2N_ws/install/webots_ros2_tiago:/home/cjayahansa/ros2N_ws/install/webots_ros2_tests:/home/cjayahansa/ros2N_ws/install/webots_ros2_tesla:/home/cjayahansa/ros2N_ws/install/webots_ros2_mavic:/home/cjayahansa/ros2N_ws/install/webots_ros2_husarion:/home/cjayahansa/ros2N_ws/install/webots_ros2_epuck:/home/cjayahansa/ros2N_ws/install/webots_ros2_crazyflie:/home/cjayahansa/ros2N_ws/install/webots_ros2_control:/home/cjayahansa/ros2N_ws/install/webots_ros2_driver:/home/cjayahansa/ros2N_ws/install/webots_ros2_msgs:/home/cjayahansa/ros2_ws/install/my_first_package:/opt/ros/humble CMAKE_PREFIX_PATH=/home/cjayahansa/ros2N_ws/install/webots_ros2_driver:/home/cjayahansa/ros2N_ws/install/webots_ros2_msgs:/home/cjayahansa/ros2N_ws/install/webots_ros2_control LD_LIBRARY_PATH=/home/cjayahansa/ros2N_ws/install/webots_ros2_driver/lib:/home/cjayahansa/ros2N_ws/install/webots_ros2_msgs/lib:/home/cjayahansa/ros2N_ws/install/webots_ros2_control/lib:/opt/ros/humble/opt/rviz_ogre_vendor/lib:/opt/ros/humble/lib/x86_64-linux-gnu:/opt/ros/humble/lib PS1=\[\033[01;36m\]\u@\h\[\033[00m\]:\[\033[01;34m\]\w\[\033[00m\]$ PYTHONPATH=/home/cjayahansa/ros2N_ws/build/webots_ros2_crazyflie/prefix_override:/usr/lib/python3/dist-packages/colcon_core/task/python/colcon_distutils_commands:/home/cjayahansa/ros2N_ws/install/webots_ros2_crazyflie/lib/python3.10/site-packages:/home/cjayahansa/ros2N_ws/build/webots_ros2_importer:/home/cjayahansa/ros2N_ws/install/webots_ros2_importer/lib/python3.10/site-packages:/home/cjayahansa/ros2N_ws/install/webots_ros2/lib/python3.10/site-packages:/home/cjayahansa/ros2N_ws/install/webots_ros2_universal_robot/lib/python3.10/site-packages:/home/cjayahansa/ros2N_ws/install/webots_ros2_turtlebot/lib/python3.10/site-packages:/home/cjayahansa/ros2N_ws/install/webots_ros2_tiago/lib/python3.10/site-packages:/home/cjayahansa/ros2N_ws/install/webots_ros2_tests/lib/python3.10/site-packages:/home/cjayahansa/ros2N_ws/install/webots_ros2_tesla/lib/python3.10/site-packages:/home/cjayahansa/ros2N_ws/install/webots_ros2_mavic/lib/python3.10/site-packages:/home/cjayahansa/ros2N_ws/install/webots_ros2_husarion/lib/python3.10/site-packages:/home/cjayahansa/ros2N_ws/install/webots_ros2_epuck/lib/python3.10/site-packages:/home/cjayahansa/ros2N_ws/install/webots_ros2_crazyflie/lib/python3.10/site-packages:/home/cjayahansa/ros2N_ws/install/webots_ros2_driver/local/lib/python3.10/dist-packages:/home/cjayahansa/ros2N_ws/install/webots_ros2_msgs/local/lib/python3.10/dist-packages:/home/cjayahansa/ros2_ws/install/my_first_package/lib/python3.10/site-packages:/opt/ros/humble/lib/python3.10/site-packages:/opt/ros/humble/local/lib/python3.10/dist-packages /usr/bin/python3 -W ignore:setup.py install is deprecated -W ignore:easy_install command is deprecated setup.py develop --editable --build-directory /home/cjayahansa/ros2N_ws/build/webots_ros2_crazyflie/build --no-deps symlink_data
[49.809s] INFO:colcon.colcon_core.shell:Creating environment descriptor '/home/cjayahansa/ros2N_ws/build/webots_ros2_crazyflie/share/webots_ros2_crazyflie/hook/pythonpath_develop.dsv'
[49.810s] INFO:colcon.colcon_core.shell:Creating environment hook '/home/cjayahansa/ros2N_ws/build/webots_ros2_crazyflie/share/webots_ros2_crazyflie/hook/pythonpath_develop.sh'
[49.810s] Level 1:colcon.colcon_core.environment:checking '/home/cjayahansa/ros2N_ws/install/webots_ros2_crazyflie' for CMake module files
[49.810s] Level 1:colcon.colcon_core.environment:checking '/home/cjayahansa/ros2N_ws/install/webots_ros2_crazyflie' for CMake config files
[49.811s] Level 1:colcon.colcon_core.environment:checking '/home/cjayahansa/ros2N_ws/install/webots_ros2_crazyflie/lib'
[49.811s] Level 1:colcon.colcon_core.environment:checking '/home/cjayahansa/ros2N_ws/install/webots_ros2_crazyflie/bin'
[49.811s] Level 1:colcon.colcon_core.environment:checking '/home/cjayahansa/ros2N_ws/install/webots_ros2_crazyflie/lib/pkgconfig/webots_ros2_crazyflie.pc'
[49.811s] Level 1:colcon.colcon_core.environment:checking '/home/cjayahansa/ros2N_ws/install/webots_ros2_crazyflie/lib/python3.10/site-packages'
[49.811s] Level 1:colcon.colcon_core.shell:create_environment_hook('webots_ros2_crazyflie', 'pythonpath')
[49.811s] INFO:colcon.colcon_core.shell:Creating environment hook '/home/cjayahansa/ros2N_ws/install/webots_ros2_crazyflie/share/webots_ros2_crazyflie/hook/pythonpath.ps1'
[49.812s] INFO:colcon.colcon_core.shell:Creating environment descriptor '/home/cjayahansa/ros2N_ws/install/webots_ros2_crazyflie/share/webots_ros2_crazyflie/hook/pythonpath.dsv'
[49.812s] INFO:colcon.colcon_core.shell:Creating environment hook '/home/cjayahansa/ros2N_ws/install/webots_ros2_crazyflie/share/webots_ros2_crazyflie/hook/pythonpath.sh'
[49.813s] Level 1:colcon.colcon_core.environment:checking '/home/cjayahansa/ros2N_ws/install/webots_ros2_crazyflie/bin'
[49.813s] Level 1:colcon.colcon_core.environment:create_environment_scripts_only(webots_ros2_crazyflie)
[49.813s] INFO:colcon.colcon_core.shell:Creating package script '/home/cjayahansa/ros2N_ws/install/webots_ros2_crazyflie/share/webots_ros2_crazyflie/package.ps1'
[49.813s] INFO:colcon.colcon_core.shell:Creating package descriptor '/home/cjayahansa/ros2N_ws/install/webots_ros2_crazyflie/share/webots_ros2_crazyflie/package.dsv'
[49.814s] INFO:colcon.colcon_core.shell:Creating package script '/home/cjayahansa/ros2N_ws/install/webots_ros2_crazyflie/share/webots_ros2_crazyflie/package.sh'
[49.814s] INFO:colcon.colcon_core.shell:Creating package script '/home/cjayahansa/ros2N_ws/install/webots_ros2_crazyflie/share/webots_ros2_crazyflie/package.bash'
[49.814s] INFO:colcon.colcon_core.shell:Creating package script '/home/cjayahansa/ros2N_ws/install/webots_ros2_crazyflie/share/webots_ros2_crazyflie/package.zsh'
[49.815s] Level 1:colcon.colcon_core.environment:create_file_with_runtime_dependencies(/home/cjayahansa/ros2N_ws/install/webots_ros2_crazyflie/share/colcon-core/packages/webots_ros2_crazyflie)
[49.815s] Level 1:colcon.colcon_core.shell:create_environment_hook('webots_ros2_tesla', 'pythonpath_develop')
[49.815s] INFO:colcon.colcon_core.shell:Creating environment hook '/home/cjayahansa/ros2N_ws/build/webots_ros2_tesla/share/webots_ros2_tesla/hook/pythonpath_develop.ps1'
[49.816s] INFO:colcon.colcon_core.shell:Creating environment descriptor '/home/cjayahansa/ros2N_ws/build/webots_ros2_tesla/share/webots_ros2_tesla/hook/pythonpath_develop.dsv'
[49.817s] INFO:colcon.colcon_core.shell:Creating environment hook '/home/cjayahansa/ros2N_ws/build/webots_ros2_tesla/share/webots_ros2_tesla/hook/pythonpath_develop.sh'
[49.818s] DEBUG:colcon.colcon_core.event_handler.log_command:Invoked command in '/home/cjayahansa/ros2N_ws/build/webots_ros2_tesla' returned '0': AMENT_PREFIX_PATH=/home/cjayahansa/ros2N_ws/install/webots_ros2_importer:/home/cjayahansa/ros2N_ws/install/webots_ros2:/home/cjayahansa/ros2N_ws/install/webots_ros2_universal_robot:/home/cjayahansa/ros2N_ws/install/webots_ros2_turtlebot:/home/cjayahansa/ros2N_ws/install/webots_ros2_tiago:/home/cjayahansa/ros2N_ws/install/webots_ros2_tests:/home/cjayahansa/ros2N_ws/install/webots_ros2_tesla:/home/cjayahansa/ros2N_ws/install/webots_ros2_mavic:/home/cjayahansa/ros2N_ws/install/webots_ros2_husarion:/home/cjayahansa/ros2N_ws/install/webots_ros2_epuck:/home/cjayahansa/ros2N_ws/install/webots_ros2_crazyflie:/home/cjayahansa/ros2N_ws/install/webots_ros2_control:/home/cjayahansa/ros2N_ws/install/webots_ros2_driver:/home/cjayahansa/ros2N_ws/install/webots_ros2_msgs:/home/cjayahansa/ros2_ws/install/my_first_package:/opt/ros/humble CMAKE_PREFIX_PATH=/home/cjayahansa/ros2N_ws/install/webots_ros2_driver:/home/cjayahansa/ros2N_ws/install/webots_ros2_msgs:/home/cjayahansa/ros2N_ws/install/webots_ros2_control LD_LIBRARY_PATH=/home/cjayahansa/ros2N_ws/install/webots_ros2_driver/lib:/home/cjayahansa/ros2N_ws/install/webots_ros2_msgs/lib:/home/cjayahansa/ros2N_ws/install/webots_ros2_control/lib:/opt/ros/humble/opt/rviz_ogre_vendor/lib:/opt/ros/humble/lib/x86_64-linux-gnu:/opt/ros/humble/lib PS1=\[\033[01;36m\]\u@\h\[\033[00m\]:\[\033[01;34m\]\w\[\033[00m\]$ PYTHONPATH=/home/cjayahansa/ros2N_ws/build/webots_ros2_tesla/prefix_override:/usr/lib/python3/dist-packages/colcon_core/task/python/colcon_distutils_commands:/home/cjayahansa/ros2N_ws/install/webots_ros2_tesla/lib/python3.10/site-packages:/home/cjayahansa/ros2N_ws/build/webots_ros2_importer:/home/cjayahansa/ros2N_ws/install/webots_ros2_importer/lib/python3.10/site-packages:/home/cjayahansa/ros2N_ws/install/webots_ros2/lib/python3.10/site-packages:/home/cjayahansa/ros2N_ws/install/webots_ros2_universal_robot/lib/python3.10/site-packages:/home/cjayahansa/ros2N_ws/install/webots_ros2_turtlebot/lib/python3.10/site-packages:/home/cjayahansa/ros2N_ws/install/webots_ros2_tiago/lib/python3.10/site-packages:/home/cjayahansa/ros2N_ws/install/webots_ros2_tests/lib/python3.10/site-packages:/home/cjayahansa/ros2N_ws/install/webots_ros2_tesla/lib/python3.10/site-packages:/home/cjayahansa/ros2N_ws/install/webots_ros2_mavic/lib/python3.10/site-packages:/home/cjayahansa/ros2N_ws/install/webots_ros2_husarion/lib/python3.10/site-packages:/home/cjayahansa/ros2N_ws/install/webots_ros2_epuck/lib/python3.10/site-packages:/home/cjayahansa/ros2N_ws/install/webots_ros2_crazyflie/lib/python3.10/site-packages:/home/cjayahansa/ros2N_ws/install/webots_ros2_driver/local/lib/python3.10/dist-packages:/home/cjayahansa/ros2N_ws/install/webots_ros2_msgs/local/lib/python3.10/dist-packages:/home/cjayahansa/ros2_ws/install/my_first_package/lib/python3.10/site-packages:/opt/ros/humble/lib/python3.10/site-packages:/opt/ros/humble/local/lib/python3.10/dist-packages /usr/bin/python3 -W ignore:setup.py install is deprecated -W ignore:easy_install command is deprecated setup.py develop --editable --build-directory /home/cjayahansa/ros2N_ws/build/webots_ros2_tesla/build --no-deps symlink_data
[49.818s] Level 1:colcon.colcon_core.environment:checking '/home/cjayahansa/ros2N_ws/install/webots_ros2_tesla' for CMake module files
[49.819s] Level 1:colcon.colcon_core.environment:checking '/home/cjayahansa/ros2N_ws/install/webots_ros2_tesla' for CMake config files
[49.819s] Level 1:colcon.colcon_core.environment:checking '/home/cjayahansa/ros2N_ws/install/webots_ros2_tesla/lib'
[49.819s] Level 1:colcon.colcon_core.environment:checking '/home/cjayahansa/ros2N_ws/install/webots_ros2_tesla/bin'
[49.819s] Level 1:colcon.colcon_core.environment:checking '/home/cjayahansa/ros2N_ws/install/webots_ros2_tesla/lib/pkgconfig/webots_ros2_tesla.pc'
[49.820s] Level 1:colcon.colcon_core.environment:checking '/home/cjayahansa/ros2N_ws/install/webots_ros2_tesla/lib/python3.10/site-packages'
[49.820s] Level 1:colcon.colcon_core.shell:create_environment_hook('webots_ros2_tesla', 'pythonpath')
[49.820s] INFO:colcon.colcon_core.shell:Creating environment hook '/home/cjayahansa/ros2N_ws/install/webots_ros2_tesla/share/webots_ros2_tesla/hook/pythonpath.ps1'
[49.820s] INFO:colcon.colcon_core.shell:Creating environment descriptor '/home/cjayahansa/ros2N_ws/install/webots_ros2_tesla/share/webots_ros2_tesla/hook/pythonpath.dsv'
[49.820s] INFO:colcon.colcon_core.shell:Creating environment hook '/home/cjayahansa/ros2N_ws/install/webots_ros2_tesla/share/webots_ros2_tesla/hook/pythonpath.sh'
[49.821s] Level 1:colcon.colcon_core.environment:checking '/home/cjayahansa/ros2N_ws/install/webots_ros2_tesla/bin'
[49.821s] Level 1:colcon.colcon_core.environment:create_environment_scripts_only(webots_ros2_tesla)
[49.821s] INFO:colcon.colcon_core.shell:Creating package script '/home/cjayahansa/ros2N_ws/install/webots_ros2_tesla/share/webots_ros2_tesla/package.ps1'
[49.822s] INFO:colcon.colcon_core.shell:Creating package descriptor '/home/cjayahansa/ros2N_ws/install/webots_ros2_tesla/share/webots_ros2_tesla/package.dsv'
[49.822s] INFO:colcon.colcon_core.shell:Creating package script '/home/cjayahansa/ros2N_ws/install/webots_ros2_tesla/share/webots_ros2_tesla/package.sh'
[49.823s] INFO:colcon.colcon_core.shell:Creating package script '/home/cjayahansa/ros2N_ws/install/webots_ros2_tesla/share/webots_ros2_tesla/package.bash'
[49.823s] INFO:colcon.colcon_core.shell:Creating package script '/home/cjayahansa/ros2N_ws/install/webots_ros2_tesla/share/webots_ros2_tesla/package.zsh'
[49.823s] Level 1:colcon.colcon_core.environment:create_file_with_runtime_dependencies(/home/cjayahansa/ros2N_ws/install/webots_ros2_tesla/share/colcon-core/packages/webots_ros2_tesla)
[55.832s] DEBUG:colcon.colcon_core.event_handler.log_command:Invoked command in '/home/cjayahansa/ros2N_ws/build/webots_ros2_control' returned '0': AMENT_PREFIX_PATH=/home/cjayahansa/ros2N_ws/install/webots_ros2_importer:/home/cjayahansa/ros2N_ws/install/webots_ros2:/home/cjayahansa/ros2N_ws/install/webots_ros2_universal_robot:/home/cjayahansa/ros2N_ws/install/webots_ros2_turtlebot:/home/cjayahansa/ros2N_ws/install/webots_ros2_tiago:/home/cjayahansa/ros2N_ws/install/webots_ros2_tests:/home/cjayahansa/ros2N_ws/install/webots_ros2_tesla:/home/cjayahansa/ros2N_ws/install/webots_ros2_mavic:/home/cjayahansa/ros2N_ws/install/webots_ros2_husarion:/home/cjayahansa/ros2N_ws/install/webots_ros2_epuck:/home/cjayahansa/ros2N_ws/install/webots_ros2_crazyflie:/home/cjayahansa/ros2N_ws/install/webots_ros2_control:/home/cjayahansa/ros2N_ws/install/webots_ros2_driver:/home/cjayahansa/ros2N_ws/install/webots_ros2_msgs:/home/cjayahansa/ros2_ws/install/my_first_package:/opt/ros/humble CMAKE_PREFIX_PATH=/home/cjayahansa/ros2N_ws/install/webots_ros2_driver:/home/cjayahansa/ros2N_ws/install/webots_ros2_msgs:/home/cjayahansa/ros2N_ws/install/webots_ros2_control:/home/cjayahansa/ros2N_ws/install/webots_ros2:/home/cjayahansa/ros2N_ws/install/webots_ros2_universal_robot:/home/cjayahansa/ros2N_ws/install/webots_ros2_turtlebot:/home/cjayahansa/ros2N_ws/install/webots_ros2_tiago:/home/cjayahansa/ros2N_ws/install/webots_ros2_tests:/home/cjayahansa/ros2N_ws/install/webots_ros2_tesla:/home/cjayahansa/ros2N_ws/install/webots_ros2_mavic:/home/cjayahansa/ros2N_ws/install/webots_ros2_husarion:/home/cjayahansa/ros2N_ws/install/webots_ros2_epuck:/home/cjayahansa/ros2N_ws/install/webots_ros2_crazyflie:/home/cjayahansa/ros2N_ws/install/webots_ros2_importer:/home/cjayahansa/ros2_ws/install/my_first_package:/opt/ros/humble LD_LIBRARY_PATH=/home/cjayahansa/ros2N_ws/install/webots_ros2_driver/lib:/home/cjayahansa/ros2N_ws/install/webots_ros2_msgs/lib:/home/cjayahansa/ros2N_ws/install/webots_ros2_control/lib:/opt/ros/humble/opt/rviz_ogre_vendor/lib:/opt/ros/humble/lib/x86_64-linux-gnu:/opt/ros/humble/lib PS1=\[\033[01;36m\]\u@\h\[\033[00m\]:\[\033[01;34m\]\w\[\033[00m\]$ PYTHONPATH=/home/cjayahansa/ros2N_ws/build/webots_ros2_importer:/home/cjayahansa/ros2N_ws/install/webots_ros2_importer/lib/python3.10/site-packages:/home/cjayahansa/ros2N_ws/install/webots_ros2/lib/python3.10/site-packages:/home/cjayahansa/ros2N_ws/install/webots_ros2_universal_robot/lib/python3.10/site-packages:/home/cjayahansa/ros2N_ws/install/webots_ros2_turtlebot/lib/python3.10/site-packages:/home/cjayahansa/ros2N_ws/install/webots_ros2_tiago/lib/python3.10/site-packages:/home/cjayahansa/ros2N_ws/install/webots_ros2_tests/lib/python3.10/site-packages:/home/cjayahansa/ros2N_ws/install/webots_ros2_tesla/lib/python3.10/site-packages:/home/cjayahansa/ros2N_ws/install/webots_ros2_mavic/lib/python3.10/site-packages:/home/cjayahansa/ros2N_ws/install/webots_ros2_husarion/lib/python3.10/site-packages:/home/cjayahansa/ros2N_ws/install/webots_ros2_epuck/lib/python3.10/site-packages:/home/cjayahansa/ros2N_ws/install/webots_ros2_crazyflie/lib/python3.10/site-packages:/home/cjayahansa/ros2N_ws/install/webots_ros2_driver/local/lib/python3.10/dist-packages:/home/cjayahansa/ros2N_ws/install/webots_ros2_msgs/local/lib/python3.10/dist-packages:/home/cjayahansa/ros2_ws/install/my_first_package/lib/python3.10/site-packages:/opt/ros/humble/lib/python3.10/site-packages:/opt/ros/humble/local/lib/python3.10/dist-packages /usr/bin/cmake --build /home/cjayahansa/ros2N_ws/build/webots_ros2_control -- -j12 -l12
[55.834s] DEBUG:colcon.colcon_core.event_handler.log_command:Invoking command in '/home/cjayahansa/ros2N_ws/build/webots_ros2_control': AMENT_PREFIX_PATH=/home/cjayahansa/ros2N_ws/install/webots_ros2_importer:/home/cjayahansa/ros2N_ws/install/webots_ros2:/home/cjayahansa/ros2N_ws/install/webots_ros2_universal_robot:/home/cjayahansa/ros2N_ws/install/webots_ros2_turtlebot:/home/cjayahansa/ros2N_ws/install/webots_ros2_tiago:/home/cjayahansa/ros2N_ws/install/webots_ros2_tests:/home/cjayahansa/ros2N_ws/install/webots_ros2_tesla:/home/cjayahansa/ros2N_ws/install/webots_ros2_mavic:/home/cjayahansa/ros2N_ws/install/webots_ros2_husarion:/home/cjayahansa/ros2N_ws/install/webots_ros2_epuck:/home/cjayahansa/ros2N_ws/install/webots_ros2_crazyflie:/home/cjayahansa/ros2N_ws/install/webots_ros2_control:/home/cjayahansa/ros2N_ws/install/webots_ros2_driver:/home/cjayahansa/ros2N_ws/install/webots_ros2_msgs:/home/cjayahansa/ros2_ws/install/my_first_package:/opt/ros/humble CMAKE_PREFIX_PATH=/home/cjayahansa/ros2N_ws/install/webots_ros2_driver:/home/cjayahansa/ros2N_ws/install/webots_ros2_msgs:/home/cjayahansa/ros2N_ws/install/webots_ros2_control:/home/cjayahansa/ros2N_ws/install/webots_ros2:/home/cjayahansa/ros2N_ws/install/webots_ros2_universal_robot:/home/cjayahansa/ros2N_ws/install/webots_ros2_turtlebot:/home/cjayahansa/ros2N_ws/install/webots_ros2_tiago:/home/cjayahansa/ros2N_ws/install/webots_ros2_tests:/home/cjayahansa/ros2N_ws/install/webots_ros2_tesla:/home/cjayahansa/ros2N_ws/install/webots_ros2_mavic:/home/cjayahansa/ros2N_ws/install/webots_ros2_husarion:/home/cjayahansa/ros2N_ws/install/webots_ros2_epuck:/home/cjayahansa/ros2N_ws/install/webots_ros2_crazyflie:/home/cjayahansa/ros2N_ws/install/webots_ros2_importer:/home/cjayahansa/ros2_ws/install/my_first_package:/opt/ros/humble LD_LIBRARY_PATH=/home/cjayahansa/ros2N_ws/install/webots_ros2_driver/lib:/home/cjayahansa/ros2N_ws/install/webots_ros2_msgs/lib:/home/cjayahansa/ros2N_ws/install/webots_ros2_control/lib:/opt/ros/humble/opt/rviz_ogre_vendor/lib:/opt/ros/humble/lib/x86_64-linux-gnu:/opt/ros/humble/lib PS1=\[\033[01;36m\]\u@\h\[\033[00m\]:\[\033[01;34m\]\w\[\033[00m\]$ PYTHONPATH=/home/cjayahansa/ros2N_ws/build/webots_ros2_importer:/home/cjayahansa/ros2N_ws/install/webots_ros2_importer/lib/python3.10/site-packages:/home/cjayahansa/ros2N_ws/install/webots_ros2/lib/python3.10/site-packages:/home/cjayahansa/ros2N_ws/install/webots_ros2_universal_robot/lib/python3.10/site-packages:/home/cjayahansa/ros2N_ws/install/webots_ros2_turtlebot/lib/python3.10/site-packages:/home/cjayahansa/ros2N_ws/install/webots_ros2_tiago/lib/python3.10/site-packages:/home/cjayahansa/ros2N_ws/install/webots_ros2_tests/lib/python3.10/site-packages:/home/cjayahansa/ros2N_ws/install/webots_ros2_tesla/lib/python3.10/site-packages:/home/cjayahansa/ros2N_ws/install/webots_ros2_mavic/lib/python3.10/site-packages:/home/cjayahansa/ros2N_ws/install/webots_ros2_husarion/lib/python3.10/site-packages:/home/cjayahansa/ros2N_ws/install/webots_ros2_epuck/lib/python3.10/site-packages:/home/cjayahansa/ros2N_ws/install/webots_ros2_crazyflie/lib/python3.10/site-packages:/home/cjayahansa/ros2N_ws/install/webots_ros2_driver/local/lib/python3.10/dist-packages:/home/cjayahansa/ros2N_ws/install/webots_ros2_msgs/local/lib/python3.10/dist-packages:/home/cjayahansa/ros2_ws/install/my_first_package/lib/python3.10/site-packages:/opt/ros/humble/lib/python3.10/site-packages:/opt/ros/humble/local/lib/python3.10/dist-packages /usr/bin/cmake --install /home/cjayahansa/ros2N_ws/build/webots_ros2_control
[56.121s] Level 1:colcon.colcon_core.environment:create_environment_scripts_only(webots_ros2_control)
[56.121s] Level 1:colcon.colcon_core.environment:checking '/home/cjayahansa/ros2N_ws/install/webots_ros2_control' for CMake module files
[56.122s] DEBUG:colcon.colcon_core.event_handler.log_command:Invoked command in '/home/cjayahansa/ros2N_ws/build/webots_ros2_control' returned '0': AMENT_PREFIX_PATH=/home/cjayahansa/ros2N_ws/install/webots_ros2_importer:/home/cjayahansa/ros2N_ws/install/webots_ros2:/home/cjayahansa/ros2N_ws/install/webots_ros2_universal_robot:/home/cjayahansa/ros2N_ws/install/webots_ros2_turtlebot:/home/cjayahansa/ros2N_ws/install/webots_ros2_tiago:/home/cjayahansa/ros2N_ws/install/webots_ros2_tests:/home/cjayahansa/ros2N_ws/install/webots_ros2_tesla:/home/cjayahansa/ros2N_ws/install/webots_ros2_mavic:/home/cjayahansa/ros2N_ws/install/webots_ros2_husarion:/home/cjayahansa/ros2N_ws/install/webots_ros2_epuck:/home/cjayahansa/ros2N_ws/install/webots_ros2_crazyflie:/home/cjayahansa/ros2N_ws/install/webots_ros2_control:/home/cjayahansa/ros2N_ws/install/webots_ros2_driver:/home/cjayahansa/ros2N_ws/install/webots_ros2_msgs:/home/cjayahansa/ros2_ws/install/my_first_package:/opt/ros/humble CMAKE_PREFIX_PATH=/home/cjayahansa/ros2N_ws/install/webots_ros2_driver:/home/cjayahansa/ros2N_ws/install/webots_ros2_msgs:/home/cjayahansa/ros2N_ws/install/webots_ros2_control:/home/cjayahansa/ros2N_ws/install/webots_ros2:/home/cjayahansa/ros2N_ws/install/webots_ros2_universal_robot:/home/cjayahansa/ros2N_ws/install/webots_ros2_turtlebot:/home/cjayahansa/ros2N_ws/install/webots_ros2_tiago:/home/cjayahansa/ros2N_ws/install/webots_ros2_tests:/home/cjayahansa/ros2N_ws/install/webots_ros2_tesla:/home/cjayahansa/ros2N_ws/install/webots_ros2_mavic:/home/cjayahansa/ros2N_ws/install/webots_ros2_husarion:/home/cjayahansa/ros2N_ws/install/webots_ros2_epuck:/home/cjayahansa/ros2N_ws/install/webots_ros2_crazyflie:/home/cjayahansa/ros2N_ws/install/webots_ros2_importer:/home/cjayahansa/ros2_ws/install/my_first_package:/opt/ros/humble LD_LIBRARY_PATH=/home/cjayahansa/ros2N_ws/install/webots_ros2_driver/lib:/home/cjayahansa/ros2N_ws/install/webots_ros2_msgs/lib:/home/cjayahansa/ros2N_ws/install/webots_ros2_control/lib:/opt/ros/humble/opt/rviz_ogre_vendor/lib:/opt/ros/humble/lib/x86_64-linux-gnu:/opt/ros/humble/lib PS1=\[\033[01;36m\]\u@\h\[\033[00m\]:\[\033[01;34m\]\w\[\033[00m\]$ PYTHONPATH=/home/cjayahansa/ros2N_ws/build/webots_ros2_importer:/home/cjayahansa/ros2N_ws/install/webots_ros2_importer/lib/python3.10/site-packages:/home/cjayahansa/ros2N_ws/install/webots_ros2/lib/python3.10/site-packages:/home/cjayahansa/ros2N_ws/install/webots_ros2_universal_robot/lib/python3.10/site-packages:/home/cjayahansa/ros2N_ws/install/webots_ros2_turtlebot/lib/python3.10/site-packages:/home/cjayahansa/ros2N_ws/install/webots_ros2_tiago/lib/python3.10/site-packages:/home/cjayahansa/ros2N_ws/install/webots_ros2_tests/lib/python3.10/site-packages:/home/cjayahansa/ros2N_ws/install/webots_ros2_tesla/lib/python3.10/site-packages:/home/cjayahansa/ros2N_ws/install/webots_ros2_mavic/lib/python3.10/site-packages:/home/cjayahansa/ros2N_ws/install/webots_ros2_husarion/lib/python3.10/site-packages:/home/cjayahansa/ros2N_ws/install/webots_ros2_epuck/lib/python3.10/site-packages:/home/cjayahansa/ros2N_ws/install/webots_ros2_crazyflie/lib/python3.10/site-packages:/home/cjayahansa/ros2N_ws/install/webots_ros2_driver/local/lib/python3.10/dist-packages:/home/cjayahansa/ros2N_ws/install/webots_ros2_msgs/local/lib/python3.10/dist-packages:/home/cjayahansa/ros2_ws/install/my_first_package/lib/python3.10/site-packages:/opt/ros/humble/lib/python3.10/site-packages:/opt/ros/humble/local/lib/python3.10/dist-packages /usr/bin/cmake --install /home/cjayahansa/ros2N_ws/build/webots_ros2_control
[56.122s] Level 1:colcon.colcon_core.environment:checking '/home/cjayahansa/ros2N_ws/install/webots_ros2_control' for CMake config files
[56.122s] Level 1:colcon.colcon_core.shell:create_environment_hook('webots_ros2_control', 'cmake_prefix_path')
[56.122s] INFO:colcon.colcon_core.shell:Creating environment hook '/home/cjayahansa/ros2N_ws/install/webots_ros2_control/share/webots_ros2_control/hook/cmake_prefix_path.ps1'
[56.123s] INFO:colcon.colcon_core.shell:Creating environment descriptor '/home/cjayahansa/ros2N_ws/install/webots_ros2_control/share/webots_ros2_control/hook/cmake_prefix_path.dsv'
[56.123s] INFO:colcon.colcon_core.shell:Creating environment hook '/home/cjayahansa/ros2N_ws/install/webots_ros2_control/share/webots_ros2_control/hook/cmake_prefix_path.sh'
[56.124s] Level 1:colcon.colcon_core.environment:checking '/home/cjayahansa/ros2N_ws/install/webots_ros2_control/lib'
[56.124s] Level 1:colcon.colcon_core.shell:create_environment_hook('webots_ros2_control', 'ld_library_path_lib')
[56.124s] INFO:colcon.colcon_core.shell:Creating environment hook '/home/cjayahansa/ros2N_ws/install/webots_ros2_control/share/webots_ros2_control/hook/ld_library_path_lib.ps1'
[56.124s] INFO:colcon.colcon_core.shell:Creating environment descriptor '/home/cjayahansa/ros2N_ws/install/webots_ros2_control/share/webots_ros2_control/hook/ld_library_path_lib.dsv'
[56.124s] INFO:colcon.colcon_core.shell:Creating environment hook '/home/cjayahansa/ros2N_ws/install/webots_ros2_control/share/webots_ros2_control/hook/ld_library_path_lib.sh'
[56.125s] Level 1:colcon.colcon_core.environment:checking '/home/cjayahansa/ros2N_ws/install/webots_ros2_control/bin'
[56.125s] Level 1:colcon.colcon_core.environment:checking '/home/cjayahansa/ros2N_ws/install/webots_ros2_control/lib/pkgconfig/webots_ros2_control.pc'
[56.125s] Level 1:colcon.colcon_core.environment:checking '/home/cjayahansa/ros2N_ws/install/webots_ros2_control/lib/python3.10/site-packages'
[56.125s] Level 1:colcon.colcon_core.environment:checking '/home/cjayahansa/ros2N_ws/install/webots_ros2_control/bin'
[56.125s] INFO:colcon.colcon_core.shell:Creating package script '/home/cjayahansa/ros2N_ws/install/webots_ros2_control/share/webots_ros2_control/package.ps1'
[56.126s] INFO:colcon.colcon_core.shell:Creating package descriptor '/home/cjayahansa/ros2N_ws/install/webots_ros2_control/share/webots_ros2_control/package.dsv'
[56.126s] INFO:colcon.colcon_core.shell:Creating package script '/home/cjayahansa/ros2N_ws/install/webots_ros2_control/share/webots_ros2_control/package.sh'
[56.126s] INFO:colcon.colcon_core.shell:Creating package script '/home/cjayahansa/ros2N_ws/install/webots_ros2_control/share/webots_ros2_control/package.bash'
[56.126s] INFO:colcon.colcon_core.shell:Creating package script '/home/cjayahansa/ros2N_ws/install/webots_ros2_control/share/webots_ros2_control/package.zsh'
[56.127s] Level 1:colcon.colcon_core.environment:create_file_with_runtime_dependencies(/home/cjayahansa/ros2N_ws/install/webots_ros2_control/share/colcon-core/packages/webots_ros2_control)
[56.127s] Level 1:colcon.colcon_core.environment:create_environment_scripts_only(webots_ros2_control)
[56.128s] Level 1:colcon.colcon_core.environment:checking '/home/cjayahansa/ros2N_ws/install/webots_ros2_control' for CMake module files
[56.128s] Level 1:colcon.colcon_core.environment:checking '/home/cjayahansa/ros2N_ws/install/webots_ros2_control' for CMake config files
[56.128s] Level 1:colcon.colcon_core.shell:create_environment_hook('webots_ros2_control', 'cmake_prefix_path')
[56.128s] INFO:colcon.colcon_core.shell:Creating environment hook '/home/cjayahansa/ros2N_ws/install/webots_ros2_control/share/webots_ros2_control/hook/cmake_prefix_path.ps1'
[56.129s] INFO:colcon.colcon_core.shell:Creating environment descriptor '/home/cjayahansa/ros2N_ws/install/webots_ros2_control/share/webots_ros2_control/hook/cmake_prefix_path.dsv'
[56.129s] INFO:colcon.colcon_core.shell:Creating environment hook '/home/cjayahansa/ros2N_ws/install/webots_ros2_control/share/webots_ros2_control/hook/cmake_prefix_path.sh'
[56.129s] Level 1:colcon.colcon_core.environment:checking '/home/cjayahansa/ros2N_ws/install/webots_ros2_control/lib'
[56.130s] Level 1:colcon.colcon_core.shell:create_environment_hook('webots_ros2_control', 'ld_library_path_lib')
[56.130s] INFO:colcon.colcon_core.shell:Creating environment hook '/home/cjayahansa/ros2N_ws/install/webots_ros2_control/share/webots_ros2_control/hook/ld_library_path_lib.ps1'
[56.130s] INFO:colcon.colcon_core.shell:Creating environment descriptor '/home/cjayahansa/ros2N_ws/install/webots_ros2_control/share/webots_ros2_control/hook/ld_library_path_lib.dsv'
[56.130s] INFO:colcon.colcon_core.shell:Creating environment hook '/home/cjayahansa/ros2N_ws/install/webots_ros2_control/share/webots_ros2_control/hook/ld_library_path_lib.sh'
[56.131s] Level 1:colcon.colcon_core.environment:checking '/home/cjayahansa/ros2N_ws/install/webots_ros2_control/bin'
[56.131s] Level 1:colcon.colcon_core.environment:checking '/home/cjayahansa/ros2N_ws/install/webots_ros2_control/lib/pkgconfig/webots_ros2_control.pc'
[56.131s] Level 1:colcon.colcon_core.environment:checking '/home/cjayahansa/ros2N_ws/install/webots_ros2_control/lib/python3.10/site-packages'
[56.131s] Level 1:colcon.colcon_core.environment:checking '/home/cjayahansa/ros2N_ws/install/webots_ros2_control/bin'
[56.131s] INFO:colcon.colcon_core.shell:Creating package script '/home/cjayahansa/ros2N_ws/install/webots_ros2_control/share/webots_ros2_control/package.ps1'
[56.132s] INFO:colcon.colcon_core.shell:Creating package descriptor '/home/cjayahansa/ros2N_ws/install/webots_ros2_control/share/webots_ros2_control/package.dsv'
[56.132s] INFO:colcon.colcon_core.shell:Creating package script '/home/cjayahansa/ros2N_ws/install/webots_ros2_control/share/webots_ros2_control/package.sh'
[56.133s] INFO:colcon.colcon_core.shell:Creating package script '/home/cjayahansa/ros2N_ws/install/webots_ros2_control/share/webots_ros2_control/package.bash'
[56.133s] INFO:colcon.colcon_core.shell:Creating package script '/home/cjayahansa/ros2N_ws/install/webots_ros2_control/share/webots_ros2_control/package.zsh'
[56.133s] Level 1:colcon.colcon_core.environment:create_file_with_runtime_dependencies(/home/cjayahansa/ros2N_ws/install/webots_ros2_control/share/colcon-core/packages/webots_ros2_control)
[56.134s] INFO:colcon.colcon_ros.task.ament_python.build:Building ROS package in '/home/cjayahansa/ros2N_ws/src/webots_ros2/webots_ros2_epuck' with build type 'ament_python'
[56.134s] Level 1:colcon.colcon_core.shell:create_environment_hook('webots_ros2_epuck', 'ament_prefix_path')
[56.134s] INFO:colcon.colcon_core.shell:Creating environment hook '/home/cjayahansa/ros2N_ws/install/webots_ros2_epuck/share/webots_ros2_epuck/hook/ament_prefix_path.ps1'
[56.135s] INFO:colcon.colcon_core.shell:Creating environment descriptor '/home/cjayahansa/ros2N_ws/install/webots_ros2_epuck/share/webots_ros2_epuck/hook/ament_prefix_path.dsv'
[56.135s] INFO:colcon.colcon_core.shell:Creating environment hook '/home/cjayahansa/ros2N_ws/install/webots_ros2_epuck/share/webots_ros2_epuck/hook/ament_prefix_path.sh'
[56.136s] INFO:colcon.colcon_core.shell:Skip shell extension 'powershell' for command environment: Not usable outside of PowerShell
[56.136s] DEBUG:colcon.colcon_core.shell:Skip shell extension 'dsv' for command environment
[56.140s] INFO:colcon.colcon_ros.task.ament_python.build:Building ROS package in '/home/cjayahansa/ros2N_ws/src/webots_ros2/webots_ros2_husarion' with build type 'ament_python'
[56.140s] Level 1:colcon.colcon_core.shell:create_environment_hook('webots_ros2_husarion', 'ament_prefix_path')
[56.140s] INFO:colcon.colcon_core.shell:Creating environment hook '/home/cjayahansa/ros2N_ws/install/webots_ros2_husarion/share/webots_ros2_husarion/hook/ament_prefix_path.ps1'
[56.141s] INFO:colcon.colcon_core.shell:Creating environment descriptor '/home/cjayahansa/ros2N_ws/install/webots_ros2_husarion/share/webots_ros2_husarion/hook/ament_prefix_path.dsv'
[56.141s] INFO:colcon.colcon_core.shell:Creating environment hook '/home/cjayahansa/ros2N_ws/install/webots_ros2_husarion/share/webots_ros2_husarion/hook/ament_prefix_path.sh'
[56.142s] INFO:colcon.colcon_core.shell:Skip shell extension 'powershell' for command environment: Not usable outside of PowerShell
[56.142s] DEBUG:colcon.colcon_core.shell:Skip shell extension 'dsv' for command environment
[56.146s] INFO:colcon.colcon_ros.task.ament_python.build:Building ROS package in '/home/cjayahansa/ros2N_ws/src/webots_ros2/webots_ros2_tiago' with build type 'ament_python'
[56.146s] Level 1:colcon.colcon_core.shell:create_environment_hook('webots_ros2_tiago', 'ament_prefix_path')
[56.146s] INFO:colcon.colcon_core.shell:Creating environment hook '/home/cjayahansa/ros2N_ws/install/webots_ros2_tiago/share/webots_ros2_tiago/hook/ament_prefix_path.ps1'
[56.147s] INFO:colcon.colcon_core.shell:Creating environment descriptor '/home/cjayahansa/ros2N_ws/install/webots_ros2_tiago/share/webots_ros2_tiago/hook/ament_prefix_path.dsv'
[56.148s] INFO:colcon.colcon_core.shell:Creating environment hook '/home/cjayahansa/ros2N_ws/install/webots_ros2_tiago/share/webots_ros2_tiago/hook/ament_prefix_path.sh'
[56.149s] INFO:colcon.colcon_core.shell:Skip shell extension 'powershell' for command environment: Not usable outside of PowerShell
[56.149s] DEBUG:colcon.colcon_core.shell:Skip shell extension 'dsv' for command environment
[56.155s] INFO:colcon.colcon_ros.task.ament_python.build:Building ROS package in '/home/cjayahansa/ros2N_ws/src/webots_ros2/webots_ros2_turtlebot' with build type 'ament_python'
[56.155s] Level 1:colcon.colcon_core.shell:create_environment_hook('webots_ros2_turtlebot', 'ament_prefix_path')
[56.156s] INFO:colcon.colcon_core.shell:Creating environment hook '/home/cjayahansa/ros2N_ws/install/webots_ros2_turtlebot/share/webots_ros2_turtlebot/hook/ament_prefix_path.ps1'
[56.156s] INFO:colcon.colcon_core.shell:Creating environment descriptor '/home/cjayahansa/ros2N_ws/install/webots_ros2_turtlebot/share/webots_ros2_turtlebot/hook/ament_prefix_path.dsv'
[56.157s] INFO:colcon.colcon_core.shell:Creating environment hook '/home/cjayahansa/ros2N_ws/install/webots_ros2_turtlebot/share/webots_ros2_turtlebot/hook/ament_prefix_path.sh'
[56.158s] INFO:colcon.colcon_core.shell:Skip shell extension 'powershell' for command environment: Not usable outside of PowerShell
[56.158s] DEBUG:colcon.colcon_core.shell:Skip shell extension 'dsv' for command environment
[56.163s] INFO:colcon.colcon_ros.task.ament_python.build:Building ROS package in '/home/cjayahansa/ros2N_ws/src/webots_ros2/webots_ros2_universal_robot' with build type 'ament_python'
[56.163s] Level 1:colcon.colcon_core.shell:create_environment_hook('webots_ros2_universal_robot', 'ament_prefix_path')
[56.163s] INFO:colcon.colcon_core.shell:Creating environment hook '/home/cjayahansa/ros2N_ws/install/webots_ros2_universal_robot/share/webots_ros2_universal_robot/hook/ament_prefix_path.ps1'
[56.164s] INFO:colcon.colcon_core.shell:Creating environment descriptor '/home/cjayahansa/ros2N_ws/install/webots_ros2_universal_robot/share/webots_ros2_universal_robot/hook/ament_prefix_path.dsv'
[56.164s] INFO:colcon.colcon_core.shell:Creating environment hook '/home/cjayahansa/ros2N_ws/install/webots_ros2_universal_robot/share/webots_ros2_universal_robot/hook/ament_prefix_path.sh'
[56.165s] INFO:colcon.colcon_core.shell:Skip shell extension 'powershell' for command environment: Not usable outside of PowerShell
[56.165s] DEBUG:colcon.colcon_core.shell:Skip shell extension 'dsv' for command environment
[56.444s] INFO:colcon.colcon_core.task.python.build:Building Python package in '/home/cjayahansa/ros2N_ws/src/webots_ros2/webots_ros2_epuck'
[56.444s] INFO:colcon.colcon_core.shell:Skip shell extension 'powershell' for command environment: Not usable outside of PowerShell
[56.444s] DEBUG:colcon.colcon_core.shell:Skip shell extension 'dsv' for command environment
[56.710s] INFO:colcon.colcon_core.task.python.build:Building Python package in '/home/cjayahansa/ros2N_ws/src/webots_ros2/webots_ros2_husarion'
[56.710s] INFO:colcon.colcon_core.shell:Skip shell extension 'powershell' for command environment: Not usable outside of PowerShell
[56.710s] DEBUG:colcon.colcon_core.shell:Skip shell extension 'dsv' for command environment
[56.983s] INFO:colcon.colcon_core.task.python.build:Building Python package in '/home/cjayahansa/ros2N_ws/src/webots_ros2/webots_ros2_tiago'
[56.983s] INFO:colcon.colcon_core.shell:Skip shell extension 'powershell' for command environment: Not usable outside of PowerShell
[56.983s] DEBUG:colcon.colcon_core.shell:Skip shell extension 'dsv' for command environment
[57.253s] INFO:colcon.colcon_core.task.python.build:Building Python package in '/home/cjayahansa/ros2N_ws/src/webots_ros2/webots_ros2_turtlebot'
[57.254s] INFO:colcon.colcon_core.shell:Skip shell extension 'powershell' for command environment: Not usable outside of PowerShell
[57.254s] DEBUG:colcon.colcon_core.shell:Skip shell extension 'dsv' for command environment
[57.520s] INFO:colcon.colcon_core.task.python.build:Building Python package in '/home/cjayahansa/ros2N_ws/src/webots_ros2/webots_ros2_universal_robot'
[57.521s] INFO:colcon.colcon_core.shell:Skip shell extension 'powershell' for command environment: Not usable outside of PowerShell
[57.521s] DEBUG:colcon.colcon_core.shell:Skip shell extension 'dsv' for command environment
[57.995s] DEBUG:colcon.colcon_core.event_handler.log_command:Invoking command in '/home/cjayahansa/ros2N_ws/build/webots_ros2_epuck': AMENT_PREFIX_PATH=/home/cjayahansa/ros2N_ws/install/webots_ros2_importer:/home/cjayahansa/ros2N_ws/install/webots_ros2:/home/cjayahansa/ros2N_ws/install/webots_ros2_universal_robot:/home/cjayahansa/ros2N_ws/install/webots_ros2_turtlebot:/home/cjayahansa/ros2N_ws/install/webots_ros2_tiago:/home/cjayahansa/ros2N_ws/install/webots_ros2_tests:/home/cjayahansa/ros2N_ws/install/webots_ros2_tesla:/home/cjayahansa/ros2N_ws/install/webots_ros2_mavic:/home/cjayahansa/ros2N_ws/install/webots_ros2_husarion:/home/cjayahansa/ros2N_ws/install/webots_ros2_epuck:/home/cjayahansa/ros2N_ws/install/webots_ros2_crazyflie:/home/cjayahansa/ros2N_ws/install/webots_ros2_control:/home/cjayahansa/ros2N_ws/install/webots_ros2_driver:/home/cjayahansa/ros2N_ws/install/webots_ros2_msgs:/home/cjayahansa/ros2_ws/install/my_first_package:/opt/ros/humble PS1=\[\033[01;36m\]\u@\h\[\033[00m\]:\[\033[01;34m\]\w\[\033[00m\]$ PYTHONPATH=/home/cjayahansa/ros2N_ws/build/webots_ros2_epuck/prefix_override:/usr/lib/python3/dist-packages/colcon_core/task/python/colcon_distutils_commands:/home/cjayahansa/ros2N_ws/install/webots_ros2_epuck/lib/python3.10/site-packages:/home/cjayahansa/ros2N_ws/build/webots_ros2_importer:/home/cjayahansa/ros2N_ws/install/webots_ros2_importer/lib/python3.10/site-packages:/home/cjayahansa/ros2N_ws/install/webots_ros2/lib/python3.10/site-packages:/home/cjayahansa/ros2N_ws/install/webots_ros2_universal_robot/lib/python3.10/site-packages:/home/cjayahansa/ros2N_ws/install/webots_ros2_turtlebot/lib/python3.10/site-packages:/home/cjayahansa/ros2N_ws/install/webots_ros2_tiago/lib/python3.10/site-packages:/home/cjayahansa/ros2N_ws/install/webots_ros2_tests/lib/python3.10/site-packages:/home/cjayahansa/ros2N_ws/install/webots_ros2_tesla/lib/python3.10/site-packages:/home/cjayahansa/ros2N_ws/install/webots_ros2_mavic/lib/python3.10/site-packages:/home/cjayahansa/ros2N_ws/install/webots_ros2_husarion/lib/python3.10/site-packages:/home/cjayahansa/ros2N_ws/install/webots_ros2_epuck/lib/python3.10/site-packages:/home/cjayahansa/ros2N_ws/install/webots_ros2_crazyflie/lib/python3.10/site-packages:/home/cjayahansa/ros2N_ws/install/webots_ros2_driver/local/lib/python3.10/dist-packages:/home/cjayahansa/ros2N_ws/install/webots_ros2_msgs/local/lib/python3.10/dist-packages:/home/cjayahansa/ros2_ws/install/my_first_package/lib/python3.10/site-packages:/opt/ros/humble/lib/python3.10/site-packages:/opt/ros/humble/local/lib/python3.10/dist-packages /usr/bin/python3 -W ignore:setup.py install is deprecated -W ignore:easy_install command is deprecated setup.py develop --editable --build-directory /home/cjayahansa/ros2N_ws/build/webots_ros2_epuck/build --no-deps symlink_data
[58.018s] DEBUG:colcon.colcon_core.event_handler.log_command:Invoking command in '/home/cjayahansa/ros2N_ws/build/webots_ros2_universal_robot': AMENT_PREFIX_PATH=/home/cjayahansa/ros2N_ws/install/webots_ros2_importer:/home/cjayahansa/ros2N_ws/install/webots_ros2:/home/cjayahansa/ros2N_ws/install/webots_ros2_universal_robot:/home/cjayahansa/ros2N_ws/install/webots_ros2_turtlebot:/home/cjayahansa/ros2N_ws/install/webots_ros2_tiago:/home/cjayahansa/ros2N_ws/install/webots_ros2_tests:/home/cjayahansa/ros2N_ws/install/webots_ros2_tesla:/home/cjayahansa/ros2N_ws/install/webots_ros2_mavic:/home/cjayahansa/ros2N_ws/install/webots_ros2_husarion:/home/cjayahansa/ros2N_ws/install/webots_ros2_epuck:/home/cjayahansa/ros2N_ws/install/webots_ros2_crazyflie:/home/cjayahansa/ros2N_ws/install/webots_ros2_control:/home/cjayahansa/ros2N_ws/install/webots_ros2_driver:/home/cjayahansa/ros2N_ws/install/webots_ros2_msgs:/home/cjayahansa/ros2_ws/install/my_first_package:/opt/ros/humble PS1=\[\033[01;36m\]\u@\h\[\033[00m\]:\[\033[01;34m\]\w\[\033[00m\]$ PYTHONPATH=/home/cjayahansa/ros2N_ws/build/webots_ros2_universal_robot/prefix_override:/usr/lib/python3/dist-packages/colcon_core/task/python/colcon_distutils_commands:/home/cjayahansa/ros2N_ws/install/webots_ros2_universal_robot/lib/python3.10/site-packages:/home/cjayahansa/ros2N_ws/build/webots_ros2_importer:/home/cjayahansa/ros2N_ws/install/webots_ros2_importer/lib/python3.10/site-packages:/home/cjayahansa/ros2N_ws/install/webots_ros2/lib/python3.10/site-packages:/home/cjayahansa/ros2N_ws/install/webots_ros2_universal_robot/lib/python3.10/site-packages:/home/cjayahansa/ros2N_ws/install/webots_ros2_turtlebot/lib/python3.10/site-packages:/home/cjayahansa/ros2N_ws/install/webots_ros2_tiago/lib/python3.10/site-packages:/home/cjayahansa/ros2N_ws/install/webots_ros2_tests/lib/python3.10/site-packages:/home/cjayahansa/ros2N_ws/install/webots_ros2_tesla/lib/python3.10/site-packages:/home/cjayahansa/ros2N_ws/install/webots_ros2_mavic/lib/python3.10/site-packages:/home/cjayahansa/ros2N_ws/install/webots_ros2_husarion/lib/python3.10/site-packages:/home/cjayahansa/ros2N_ws/install/webots_ros2_epuck/lib/python3.10/site-packages:/home/cjayahansa/ros2N_ws/install/webots_ros2_crazyflie/lib/python3.10/site-packages:/home/cjayahansa/ros2N_ws/install/webots_ros2_driver/local/lib/python3.10/dist-packages:/home/cjayahansa/ros2N_ws/install/webots_ros2_msgs/local/lib/python3.10/dist-packages:/home/cjayahansa/ros2_ws/install/my_first_package/lib/python3.10/site-packages:/opt/ros/humble/lib/python3.10/site-packages:/opt/ros/humble/local/lib/python3.10/dist-packages /usr/bin/python3 -W ignore:setup.py install is deprecated -W ignore:easy_install command is deprecated setup.py develop --editable --build-directory /home/cjayahansa/ros2N_ws/build/webots_ros2_universal_robot/build --no-deps symlink_data
[58.023s] DEBUG:colcon.colcon_core.event_handler.log_command:Invoking command in '/home/cjayahansa/ros2N_ws/build/webots_ros2_husarion': AMENT_PREFIX_PATH=/home/cjayahansa/ros2N_ws/install/webots_ros2_importer:/home/cjayahansa/ros2N_ws/install/webots_ros2:/home/cjayahansa/ros2N_ws/install/webots_ros2_universal_robot:/home/cjayahansa/ros2N_ws/install/webots_ros2_turtlebot:/home/cjayahansa/ros2N_ws/install/webots_ros2_tiago:/home/cjayahansa/ros2N_ws/install/webots_ros2_tests:/home/cjayahansa/ros2N_ws/install/webots_ros2_tesla:/home/cjayahansa/ros2N_ws/install/webots_ros2_mavic:/home/cjayahansa/ros2N_ws/install/webots_ros2_husarion:/home/cjayahansa/ros2N_ws/install/webots_ros2_epuck:/home/cjayahansa/ros2N_ws/install/webots_ros2_crazyflie:/home/cjayahansa/ros2N_ws/install/webots_ros2_control:/home/cjayahansa/ros2N_ws/install/webots_ros2_driver:/home/cjayahansa/ros2N_ws/install/webots_ros2_msgs:/home/cjayahansa/ros2_ws/install/my_first_package:/opt/ros/humble PS1=\[\033[01;36m\]\u@\h\[\033[00m\]:\[\033[01;34m\]\w\[\033[00m\]$ PYTHONPATH=/home/cjayahansa/ros2N_ws/build/webots_ros2_husarion/prefix_override:/usr/lib/python3/dist-packages/colcon_core/task/python/colcon_distutils_commands:/home/cjayahansa/ros2N_ws/install/webots_ros2_husarion/lib/python3.10/site-packages:/home/cjayahansa/ros2N_ws/build/webots_ros2_importer:/home/cjayahansa/ros2N_ws/install/webots_ros2_importer/lib/python3.10/site-packages:/home/cjayahansa/ros2N_ws/install/webots_ros2/lib/python3.10/site-packages:/home/cjayahansa/ros2N_ws/install/webots_ros2_universal_robot/lib/python3.10/site-packages:/home/cjayahansa/ros2N_ws/install/webots_ros2_turtlebot/lib/python3.10/site-packages:/home/cjayahansa/ros2N_ws/install/webots_ros2_tiago/lib/python3.10/site-packages:/home/cjayahansa/ros2N_ws/install/webots_ros2_tests/lib/python3.10/site-packages:/home/cjayahansa/ros2N_ws/install/webots_ros2_tesla/lib/python3.10/site-packages:/home/cjayahansa/ros2N_ws/install/webots_ros2_mavic/lib/python3.10/site-packages:/home/cjayahansa/ros2N_ws/install/webots_ros2_husarion/lib/python3.10/site-packages:/home/cjayahansa/ros2N_ws/install/webots_ros2_epuck/lib/python3.10/site-packages:/home/cjayahansa/ros2N_ws/install/webots_ros2_crazyflie/lib/python3.10/site-packages:/home/cjayahansa/ros2N_ws/install/webots_ros2_driver/local/lib/python3.10/dist-packages:/home/cjayahansa/ros2N_ws/install/webots_ros2_msgs/local/lib/python3.10/dist-packages:/home/cjayahansa/ros2_ws/install/my_first_package/lib/python3.10/site-packages:/opt/ros/humble/lib/python3.10/site-packages:/opt/ros/humble/local/lib/python3.10/dist-packages /usr/bin/python3 -W ignore:setup.py install is deprecated -W ignore:easy_install command is deprecated setup.py develop --editable --build-directory /home/cjayahansa/ros2N_ws/build/webots_ros2_husarion/build --no-deps symlink_data
[58.027s] DEBUG:colcon.colcon_core.event_handler.log_command:Invoking command in '/home/cjayahansa/ros2N_ws/build/webots_ros2_turtlebot': AMENT_PREFIX_PATH=/home/cjayahansa/ros2N_ws/install/webots_ros2_importer:/home/cjayahansa/ros2N_ws/install/webots_ros2:/home/cjayahansa/ros2N_ws/install/webots_ros2_universal_robot:/home/cjayahansa/ros2N_ws/install/webots_ros2_turtlebot:/home/cjayahansa/ros2N_ws/install/webots_ros2_tiago:/home/cjayahansa/ros2N_ws/install/webots_ros2_tests:/home/cjayahansa/ros2N_ws/install/webots_ros2_tesla:/home/cjayahansa/ros2N_ws/install/webots_ros2_mavic:/home/cjayahansa/ros2N_ws/install/webots_ros2_husarion:/home/cjayahansa/ros2N_ws/install/webots_ros2_epuck:/home/cjayahansa/ros2N_ws/install/webots_ros2_crazyflie:/home/cjayahansa/ros2N_ws/install/webots_ros2_control:/home/cjayahansa/ros2N_ws/install/webots_ros2_driver:/home/cjayahansa/ros2N_ws/install/webots_ros2_msgs:/home/cjayahansa/ros2_ws/install/my_first_package:/opt/ros/humble PS1=\[\033[01;36m\]\u@\h\[\033[00m\]:\[\033[01;34m\]\w\[\033[00m\]$ PYTHONPATH=/home/cjayahansa/ros2N_ws/build/webots_ros2_turtlebot/prefix_override:/usr/lib/python3/dist-packages/colcon_core/task/python/colcon_distutils_commands:/home/cjayahansa/ros2N_ws/install/webots_ros2_turtlebot/lib/python3.10/site-packages:/home/cjayahansa/ros2N_ws/build/webots_ros2_importer:/home/cjayahansa/ros2N_ws/install/webots_ros2_importer/lib/python3.10/site-packages:/home/cjayahansa/ros2N_ws/install/webots_ros2/lib/python3.10/site-packages:/home/cjayahansa/ros2N_ws/install/webots_ros2_universal_robot/lib/python3.10/site-packages:/home/cjayahansa/ros2N_ws/install/webots_ros2_turtlebot/lib/python3.10/site-packages:/home/cjayahansa/ros2N_ws/install/webots_ros2_tiago/lib/python3.10/site-packages:/home/cjayahansa/ros2N_ws/install/webots_ros2_tests/lib/python3.10/site-packages:/home/cjayahansa/ros2N_ws/install/webots_ros2_tesla/lib/python3.10/site-packages:/home/cjayahansa/ros2N_ws/install/webots_ros2_mavic/lib/python3.10/site-packages:/home/cjayahansa/ros2N_ws/install/webots_ros2_husarion/lib/python3.10/site-packages:/home/cjayahansa/ros2N_ws/install/webots_ros2_epuck/lib/python3.10/site-packages:/home/cjayahansa/ros2N_ws/install/webots_ros2_crazyflie/lib/python3.10/site-packages:/home/cjayahansa/ros2N_ws/install/webots_ros2_driver/local/lib/python3.10/dist-packages:/home/cjayahansa/ros2N_ws/install/webots_ros2_msgs/local/lib/python3.10/dist-packages:/home/cjayahansa/ros2_ws/install/my_first_package/lib/python3.10/site-packages:/opt/ros/humble/lib/python3.10/site-packages:/opt/ros/humble/local/lib/python3.10/dist-packages /usr/bin/python3 -W ignore:setup.py install is deprecated -W ignore:easy_install command is deprecated setup.py develop --editable --build-directory /home/cjayahansa/ros2N_ws/build/webots_ros2_turtlebot/build --no-deps symlink_data
[58.033s] DEBUG:colcon.colcon_core.event_handler.log_command:Invoking command in '/home/cjayahansa/ros2N_ws/build/webots_ros2_tiago': AMENT_PREFIX_PATH=/home/cjayahansa/ros2N_ws/install/webots_ros2_importer:/home/cjayahansa/ros2N_ws/install/webots_ros2:/home/cjayahansa/ros2N_ws/install/webots_ros2_universal_robot:/home/cjayahansa/ros2N_ws/install/webots_ros2_turtlebot:/home/cjayahansa/ros2N_ws/install/webots_ros2_tiago:/home/cjayahansa/ros2N_ws/install/webots_ros2_tests:/home/cjayahansa/ros2N_ws/install/webots_ros2_tesla:/home/cjayahansa/ros2N_ws/install/webots_ros2_mavic:/home/cjayahansa/ros2N_ws/install/webots_ros2_husarion:/home/cjayahansa/ros2N_ws/install/webots_ros2_epuck:/home/cjayahansa/ros2N_ws/install/webots_ros2_crazyflie:/home/cjayahansa/ros2N_ws/install/webots_ros2_control:/home/cjayahansa/ros2N_ws/install/webots_ros2_driver:/home/cjayahansa/ros2N_ws/install/webots_ros2_msgs:/home/cjayahansa/ros2_ws/install/my_first_package:/opt/ros/humble PS1=\[\033[01;36m\]\u@\h\[\033[00m\]:\[\033[01;34m\]\w\[\033[00m\]$ PYTHONPATH=/home/cjayahansa/ros2N_ws/build/webots_ros2_tiago/prefix_override:/usr/lib/python3/dist-packages/colcon_core/task/python/colcon_distutils_commands:/home/cjayahansa/ros2N_ws/install/webots_ros2_tiago/lib/python3.10/site-packages:/home/cjayahansa/ros2N_ws/build/webots_ros2_importer:/home/cjayahansa/ros2N_ws/install/webots_ros2_importer/lib/python3.10/site-packages:/home/cjayahansa/ros2N_ws/install/webots_ros2/lib/python3.10/site-packages:/home/cjayahansa/ros2N_ws/install/webots_ros2_universal_robot/lib/python3.10/site-packages:/home/cjayahansa/ros2N_ws/install/webots_ros2_turtlebot/lib/python3.10/site-packages:/home/cjayahansa/ros2N_ws/install/webots_ros2_tiago/lib/python3.10/site-packages:/home/cjayahansa/ros2N_ws/install/webots_ros2_tests/lib/python3.10/site-packages:/home/cjayahansa/ros2N_ws/install/webots_ros2_tesla/lib/python3.10/site-packages:/home/cjayahansa/ros2N_ws/install/webots_ros2_mavic/lib/python3.10/site-packages:/home/cjayahansa/ros2N_ws/install/webots_ros2_husarion/lib/python3.10/site-packages:/home/cjayahansa/ros2N_ws/install/webots_ros2_epuck/lib/python3.10/site-packages:/home/cjayahansa/ros2N_ws/install/webots_ros2_crazyflie/lib/python3.10/site-packages:/home/cjayahansa/ros2N_ws/install/webots_ros2_driver/local/lib/python3.10/dist-packages:/home/cjayahansa/ros2N_ws/install/webots_ros2_msgs/local/lib/python3.10/dist-packages:/home/cjayahansa/ros2_ws/install/my_first_package/lib/python3.10/site-packages:/opt/ros/humble/lib/python3.10/site-packages:/opt/ros/humble/local/lib/python3.10/dist-packages /usr/bin/python3 -W ignore:setup.py install is deprecated -W ignore:easy_install command is deprecated setup.py develop --editable --build-directory /home/cjayahansa/ros2N_ws/build/webots_ros2_tiago/build --no-deps symlink_data
[58.629s] Level 1:colcon.colcon_core.shell:create_environment_hook('webots_ros2_epuck', 'pythonpath_develop')
[58.629s] INFO:colcon.colcon_core.shell:Creating environment hook '/home/cjayahansa/ros2N_ws/build/webots_ros2_epuck/share/webots_ros2_epuck/hook/pythonpath_develop.ps1'
[58.630s] DEBUG:colcon.colcon_core.event_handler.log_command:Invoked command in '/home/cjayahansa/ros2N_ws/build/webots_ros2_epuck' returned '0': AMENT_PREFIX_PATH=/home/cjayahansa/ros2N_ws/install/webots_ros2_importer:/home/cjayahansa/ros2N_ws/install/webots_ros2:/home/cjayahansa/ros2N_ws/install/webots_ros2_universal_robot:/home/cjayahansa/ros2N_ws/install/webots_ros2_turtlebot:/home/cjayahansa/ros2N_ws/install/webots_ros2_tiago:/home/cjayahansa/ros2N_ws/install/webots_ros2_tests:/home/cjayahansa/ros2N_ws/install/webots_ros2_tesla:/home/cjayahansa/ros2N_ws/install/webots_ros2_mavic:/home/cjayahansa/ros2N_ws/install/webots_ros2_husarion:/home/cjayahansa/ros2N_ws/install/webots_ros2_epuck:/home/cjayahansa/ros2N_ws/install/webots_ros2_crazyflie:/home/cjayahansa/ros2N_ws/install/webots_ros2_control:/home/cjayahansa/ros2N_ws/install/webots_ros2_driver:/home/cjayahansa/ros2N_ws/install/webots_ros2_msgs:/home/cjayahansa/ros2_ws/install/my_first_package:/opt/ros/humble PS1=\[\033[01;36m\]\u@\h\[\033[00m\]:\[\033[01;34m\]\w\[\033[00m\]$ PYTHONPATH=/home/cjayahansa/ros2N_ws/build/webots_ros2_epuck/prefix_override:/usr/lib/python3/dist-packages/colcon_core/task/python/colcon_distutils_commands:/home/cjayahansa/ros2N_ws/install/webots_ros2_epuck/lib/python3.10/site-packages:/home/cjayahansa/ros2N_ws/build/webots_ros2_importer:/home/cjayahansa/ros2N_ws/install/webots_ros2_importer/lib/python3.10/site-packages:/home/cjayahansa/ros2N_ws/install/webots_ros2/lib/python3.10/site-packages:/home/cjayahansa/ros2N_ws/install/webots_ros2_universal_robot/lib/python3.10/site-packages:/home/cjayahansa/ros2N_ws/install/webots_ros2_turtlebot/lib/python3.10/site-packages:/home/cjayahansa/ros2N_ws/install/webots_ros2_tiago/lib/python3.10/site-packages:/home/cjayahansa/ros2N_ws/install/webots_ros2_tests/lib/python3.10/site-packages:/home/cjayahansa/ros2N_ws/install/webots_ros2_tesla/lib/python3.10/site-packages:/home/cjayahansa/ros2N_ws/install/webots_ros2_mavic/lib/python3.10/site-packages:/home/cjayahansa/ros2N_ws/install/webots_ros2_husarion/lib/python3.10/site-packages:/home/cjayahansa/ros2N_ws/install/webots_ros2_epuck/lib/python3.10/site-packages:/home/cjayahansa/ros2N_ws/install/webots_ros2_crazyflie/lib/python3.10/site-packages:/home/cjayahansa/ros2N_ws/install/webots_ros2_driver/local/lib/python3.10/dist-packages:/home/cjayahansa/ros2N_ws/install/webots_ros2_msgs/local/lib/python3.10/dist-packages:/home/cjayahansa/ros2_ws/install/my_first_package/lib/python3.10/site-packages:/opt/ros/humble/lib/python3.10/site-packages:/opt/ros/humble/local/lib/python3.10/dist-packages /usr/bin/python3 -W ignore:setup.py install is deprecated -W ignore:easy_install command is deprecated setup.py develop --editable --build-directory /home/cjayahansa/ros2N_ws/build/webots_ros2_epuck/build --no-deps symlink_data
[58.632s] INFO:colcon.colcon_core.shell:Creating environment descriptor '/home/cjayahansa/ros2N_ws/build/webots_ros2_epuck/share/webots_ros2_epuck/hook/pythonpath_develop.dsv'
[58.634s] INFO:colcon.colcon_core.shell:Creating environment hook '/home/cjayahansa/ros2N_ws/build/webots_ros2_epuck/share/webots_ros2_epuck/hook/pythonpath_develop.sh'
[58.636s] Level 1:colcon.colcon_core.environment:checking '/home/cjayahansa/ros2N_ws/install/webots_ros2_epuck' for CMake module files
[58.639s] Level 1:colcon.colcon_core.environment:checking '/home/cjayahansa/ros2N_ws/install/webots_ros2_epuck' for CMake config files
[58.640s] Level 1:colcon.colcon_core.environment:checking '/home/cjayahansa/ros2N_ws/install/webots_ros2_epuck/lib'
[58.640s] Level 1:colcon.colcon_core.environment:checking '/home/cjayahansa/ros2N_ws/install/webots_ros2_epuck/bin'
[58.640s] Level 1:colcon.colcon_core.environment:checking '/home/cjayahansa/ros2N_ws/install/webots_ros2_epuck/lib/pkgconfig/webots_ros2_epuck.pc'
[58.641s] Level 1:colcon.colcon_core.environment:checking '/home/cjayahansa/ros2N_ws/install/webots_ros2_epuck/lib/python3.10/site-packages'
[58.641s] Level 1:colcon.colcon_core.shell:create_environment_hook('webots_ros2_epuck', 'pythonpath')
[58.641s] INFO:colcon.colcon_core.shell:Creating environment hook '/home/cjayahansa/ros2N_ws/install/webots_ros2_epuck/share/webots_ros2_epuck/hook/pythonpath.ps1'
[58.641s] INFO:colcon.colcon_core.shell:Creating environment descriptor '/home/cjayahansa/ros2N_ws/install/webots_ros2_epuck/share/webots_ros2_epuck/hook/pythonpath.dsv'
[58.642s] INFO:colcon.colcon_core.shell:Creating environment hook '/home/cjayahansa/ros2N_ws/install/webots_ros2_epuck/share/webots_ros2_epuck/hook/pythonpath.sh'
[58.642s] Level 1:colcon.colcon_core.environment:checking '/home/cjayahansa/ros2N_ws/install/webots_ros2_epuck/bin'
[58.642s] Level 1:colcon.colcon_core.environment:create_environment_scripts_only(webots_ros2_epuck)
[58.642s] INFO:colcon.colcon_core.shell:Creating package script '/home/cjayahansa/ros2N_ws/install/webots_ros2_epuck/share/webots_ros2_epuck/package.ps1'
[58.643s] INFO:colcon.colcon_core.shell:Creating package descriptor '/home/cjayahansa/ros2N_ws/install/webots_ros2_epuck/share/webots_ros2_epuck/package.dsv'
[58.643s] INFO:colcon.colcon_core.shell:Creating package script '/home/cjayahansa/ros2N_ws/install/webots_ros2_epuck/share/webots_ros2_epuck/package.sh'
[58.643s] INFO:colcon.colcon_core.shell:Creating package script '/home/cjayahansa/ros2N_ws/install/webots_ros2_epuck/share/webots_ros2_epuck/package.bash'
[58.644s] INFO:colcon.colcon_core.shell:Creating package script '/home/cjayahansa/ros2N_ws/install/webots_ros2_epuck/share/webots_ros2_epuck/package.zsh'
[58.644s] Level 1:colcon.colcon_core.environment:create_file_with_runtime_dependencies(/home/cjayahansa/ros2N_ws/install/webots_ros2_epuck/share/colcon-core/packages/webots_ros2_epuck)
[58.646s] Level 1:colcon.colcon_core.shell:create_environment_hook('webots_ros2_turtlebot', 'pythonpath_develop')
[58.646s] INFO:colcon.colcon_core.shell:Creating environment hook '/home/cjayahansa/ros2N_ws/build/webots_ros2_turtlebot/share/webots_ros2_turtlebot/hook/pythonpath_develop.ps1'
[58.646s] DEBUG:colcon.colcon_core.event_handler.log_command:Invoked command in '/home/cjayahansa/ros2N_ws/build/webots_ros2_turtlebot' returned '0': AMENT_PREFIX_PATH=/home/cjayahansa/ros2N_ws/install/webots_ros2_importer:/home/cjayahansa/ros2N_ws/install/webots_ros2:/home/cjayahansa/ros2N_ws/install/webots_ros2_universal_robot:/home/cjayahansa/ros2N_ws/install/webots_ros2_turtlebot:/home/cjayahansa/ros2N_ws/install/webots_ros2_tiago:/home/cjayahansa/ros2N_ws/install/webots_ros2_tests:/home/cjayahansa/ros2N_ws/install/webots_ros2_tesla:/home/cjayahansa/ros2N_ws/install/webots_ros2_mavic:/home/cjayahansa/ros2N_ws/install/webots_ros2_husarion:/home/cjayahansa/ros2N_ws/install/webots_ros2_epuck:/home/cjayahansa/ros2N_ws/install/webots_ros2_crazyflie:/home/cjayahansa/ros2N_ws/install/webots_ros2_control:/home/cjayahansa/ros2N_ws/install/webots_ros2_driver:/home/cjayahansa/ros2N_ws/install/webots_ros2_msgs:/home/cjayahansa/ros2_ws/install/my_first_package:/opt/ros/humble PS1=\[\033[01;36m\]\u@\h\[\033[00m\]:\[\033[01;34m\]\w\[\033[00m\]$ PYTHONPATH=/home/cjayahansa/ros2N_ws/build/webots_ros2_turtlebot/prefix_override:/usr/lib/python3/dist-packages/colcon_core/task/python/colcon_distutils_commands:/home/cjayahansa/ros2N_ws/install/webots_ros2_turtlebot/lib/python3.10/site-packages:/home/cjayahansa/ros2N_ws/build/webots_ros2_importer:/home/cjayahansa/ros2N_ws/install/webots_ros2_importer/lib/python3.10/site-packages:/home/cjayahansa/ros2N_ws/install/webots_ros2/lib/python3.10/site-packages:/home/cjayahansa/ros2N_ws/install/webots_ros2_universal_robot/lib/python3.10/site-packages:/home/cjayahansa/ros2N_ws/install/webots_ros2_turtlebot/lib/python3.10/site-packages:/home/cjayahansa/ros2N_ws/install/webots_ros2_tiago/lib/python3.10/site-packages:/home/cjayahansa/ros2N_ws/install/webots_ros2_tests/lib/python3.10/site-packages:/home/cjayahansa/ros2N_ws/install/webots_ros2_tesla/lib/python3.10/site-packages:/home/cjayahansa/ros2N_ws/install/webots_ros2_mavic/lib/python3.10/site-packages:/home/cjayahansa/ros2N_ws/install/webots_ros2_husarion/lib/python3.10/site-packages:/home/cjayahansa/ros2N_ws/install/webots_ros2_epuck/lib/python3.10/site-packages:/home/cjayahansa/ros2N_ws/install/webots_ros2_crazyflie/lib/python3.10/site-packages:/home/cjayahansa/ros2N_ws/install/webots_ros2_driver/local/lib/python3.10/dist-packages:/home/cjayahansa/ros2N_ws/install/webots_ros2_msgs/local/lib/python3.10/dist-packages:/home/cjayahansa/ros2_ws/install/my_first_package/lib/python3.10/site-packages:/opt/ros/humble/lib/python3.10/site-packages:/opt/ros/humble/local/lib/python3.10/dist-packages /usr/bin/python3 -W ignore:setup.py install is deprecated -W ignore:easy_install command is deprecated setup.py develop --editable --build-directory /home/cjayahansa/ros2N_ws/build/webots_ros2_turtlebot/build --no-deps symlink_data
[58.647s] INFO:colcon.colcon_core.shell:Creating environment descriptor '/home/cjayahansa/ros2N_ws/build/webots_ros2_turtlebot/share/webots_ros2_turtlebot/hook/pythonpath_develop.dsv'
[58.647s] INFO:colcon.colcon_core.shell:Creating environment hook '/home/cjayahansa/ros2N_ws/build/webots_ros2_turtlebot/share/webots_ros2_turtlebot/hook/pythonpath_develop.sh'
[58.648s] Level 1:colcon.colcon_core.environment:checking '/home/cjayahansa/ros2N_ws/install/webots_ros2_turtlebot' for CMake module files
[58.648s] Level 1:colcon.colcon_core.environment:checking '/home/cjayahansa/ros2N_ws/install/webots_ros2_turtlebot' for CMake config files
[58.648s] Level 1:colcon.colcon_core.environment:checking '/home/cjayahansa/ros2N_ws/install/webots_ros2_turtlebot/lib'
[58.648s] Level 1:colcon.colcon_core.environment:checking '/home/cjayahansa/ros2N_ws/install/webots_ros2_turtlebot/bin'
[58.648s] Level 1:colcon.colcon_core.environment:checking '/home/cjayahansa/ros2N_ws/install/webots_ros2_turtlebot/lib/pkgconfig/webots_ros2_turtlebot.pc'
[58.649s] Level 1:colcon.colcon_core.environment:checking '/home/cjayahansa/ros2N_ws/install/webots_ros2_turtlebot/lib/python3.10/site-packages'
[58.649s] Level 1:colcon.colcon_core.shell:create_environment_hook('webots_ros2_turtlebot', 'pythonpath')
[58.649s] INFO:colcon.colcon_core.shell:Creating environment hook '/home/cjayahansa/ros2N_ws/install/webots_ros2_turtlebot/share/webots_ros2_turtlebot/hook/pythonpath.ps1'
[58.649s] INFO:colcon.colcon_core.shell:Creating environment descriptor '/home/cjayahansa/ros2N_ws/install/webots_ros2_turtlebot/share/webots_ros2_turtlebot/hook/pythonpath.dsv'
[58.649s] INFO:colcon.colcon_core.shell:Creating environment hook '/home/cjayahansa/ros2N_ws/install/webots_ros2_turtlebot/share/webots_ros2_turtlebot/hook/pythonpath.sh'
[58.650s] Level 1:colcon.colcon_core.environment:checking '/home/cjayahansa/ros2N_ws/install/webots_ros2_turtlebot/bin'
[58.650s] Level 1:colcon.colcon_core.environment:create_environment_scripts_only(webots_ros2_turtlebot)
[58.650s] INFO:colcon.colcon_core.shell:Creating package script '/home/cjayahansa/ros2N_ws/install/webots_ros2_turtlebot/share/webots_ros2_turtlebot/package.ps1'
[58.651s] INFO:colcon.colcon_core.shell:Creating package descriptor '/home/cjayahansa/ros2N_ws/install/webots_ros2_turtlebot/share/webots_ros2_turtlebot/package.dsv'
[58.651s] INFO:colcon.colcon_core.shell:Creating package script '/home/cjayahansa/ros2N_ws/install/webots_ros2_turtlebot/share/webots_ros2_turtlebot/package.sh'
[58.651s] INFO:colcon.colcon_core.shell:Creating package script '/home/cjayahansa/ros2N_ws/install/webots_ros2_turtlebot/share/webots_ros2_turtlebot/package.bash'
[58.652s] INFO:colcon.colcon_core.shell:Creating package script '/home/cjayahansa/ros2N_ws/install/webots_ros2_turtlebot/share/webots_ros2_turtlebot/package.zsh'
[58.652s] Level 1:colcon.colcon_core.environment:create_file_with_runtime_dependencies(/home/cjayahansa/ros2N_ws/install/webots_ros2_turtlebot/share/colcon-core/packages/webots_ros2_turtlebot)
[58.652s] Level 1:colcon.colcon_core.shell:create_environment_hook('webots_ros2_husarion', 'pythonpath_develop')
[58.653s] INFO:colcon.colcon_core.shell:Creating environment hook '/home/cjayahansa/ros2N_ws/build/webots_ros2_husarion/share/webots_ros2_husarion/hook/pythonpath_develop.ps1'
[58.653s] INFO:colcon.colcon_core.shell:Creating environment descriptor '/home/cjayahansa/ros2N_ws/build/webots_ros2_husarion/share/webots_ros2_husarion/hook/pythonpath_develop.dsv'
[58.654s] INFO:colcon.colcon_core.shell:Creating environment hook '/home/cjayahansa/ros2N_ws/build/webots_ros2_husarion/share/webots_ros2_husarion/hook/pythonpath_develop.sh'
[58.655s] Level 1:colcon.colcon_core.environment:checking '/home/cjayahansa/ros2N_ws/install/webots_ros2_husarion' for CMake module files
[58.655s] DEBUG:colcon.colcon_core.event_handler.log_command:Invoked command in '/home/cjayahansa/ros2N_ws/build/webots_ros2_husarion' returned '0': AMENT_PREFIX_PATH=/home/cjayahansa/ros2N_ws/install/webots_ros2_importer:/home/cjayahansa/ros2N_ws/install/webots_ros2:/home/cjayahansa/ros2N_ws/install/webots_ros2_universal_robot:/home/cjayahansa/ros2N_ws/install/webots_ros2_turtlebot:/home/cjayahansa/ros2N_ws/install/webots_ros2_tiago:/home/cjayahansa/ros2N_ws/install/webots_ros2_tests:/home/cjayahansa/ros2N_ws/install/webots_ros2_tesla:/home/cjayahansa/ros2N_ws/install/webots_ros2_mavic:/home/cjayahansa/ros2N_ws/install/webots_ros2_husarion:/home/cjayahansa/ros2N_ws/install/webots_ros2_epuck:/home/cjayahansa/ros2N_ws/install/webots_ros2_crazyflie:/home/cjayahansa/ros2N_ws/install/webots_ros2_control:/home/cjayahansa/ros2N_ws/install/webots_ros2_driver:/home/cjayahansa/ros2N_ws/install/webots_ros2_msgs:/home/cjayahansa/ros2_ws/install/my_first_package:/opt/ros/humble PS1=\[\033[01;36m\]\u@\h\[\033[00m\]:\[\033[01;34m\]\w\[\033[00m\]$ PYTHONPATH=/home/cjayahansa/ros2N_ws/build/webots_ros2_husarion/prefix_override:/usr/lib/python3/dist-packages/colcon_core/task/python/colcon_distutils_commands:/home/cjayahansa/ros2N_ws/install/webots_ros2_husarion/lib/python3.10/site-packages:/home/cjayahansa/ros2N_ws/build/webots_ros2_importer:/home/cjayahansa/ros2N_ws/install/webots_ros2_importer/lib/python3.10/site-packages:/home/cjayahansa/ros2N_ws/install/webots_ros2/lib/python3.10/site-packages:/home/cjayahansa/ros2N_ws/install/webots_ros2_universal_robot/lib/python3.10/site-packages:/home/cjayahansa/ros2N_ws/install/webots_ros2_turtlebot/lib/python3.10/site-packages:/home/cjayahansa/ros2N_ws/install/webots_ros2_tiago/lib/python3.10/site-packages:/home/cjayahansa/ros2N_ws/install/webots_ros2_tests/lib/python3.10/site-packages:/home/cjayahansa/ros2N_ws/install/webots_ros2_tesla/lib/python3.10/site-packages:/home/cjayahansa/ros2N_ws/install/webots_ros2_mavic/lib/python3.10/site-packages:/home/cjayahansa/ros2N_ws/install/webots_ros2_husarion/lib/python3.10/site-packages:/home/cjayahansa/ros2N_ws/install/webots_ros2_epuck/lib/python3.10/site-packages:/home/cjayahansa/ros2N_ws/install/webots_ros2_crazyflie/lib/python3.10/site-packages:/home/cjayahansa/ros2N_ws/install/webots_ros2_driver/local/lib/python3.10/dist-packages:/home/cjayahansa/ros2N_ws/install/webots_ros2_msgs/local/lib/python3.10/dist-packages:/home/cjayahansa/ros2_ws/install/my_first_package/lib/python3.10/site-packages:/opt/ros/humble/lib/python3.10/site-packages:/opt/ros/humble/local/lib/python3.10/dist-packages /usr/bin/python3 -W ignore:setup.py install is deprecated -W ignore:easy_install command is deprecated setup.py develop --editable --build-directory /home/cjayahansa/ros2N_ws/build/webots_ros2_husarion/build --no-deps symlink_data
[58.655s] Level 1:colcon.colcon_core.environment:checking '/home/cjayahansa/ros2N_ws/install/webots_ros2_husarion' for CMake config files
[58.656s] Level 1:colcon.colcon_core.environment:checking '/home/cjayahansa/ros2N_ws/install/webots_ros2_husarion/lib'
[58.656s] Level 1:colcon.colcon_core.environment:checking '/home/cjayahansa/ros2N_ws/install/webots_ros2_husarion/bin'
[58.656s] Level 1:colcon.colcon_core.environment:checking '/home/cjayahansa/ros2N_ws/install/webots_ros2_husarion/lib/pkgconfig/webots_ros2_husarion.pc'
[58.656s] Level 1:colcon.colcon_core.environment:checking '/home/cjayahansa/ros2N_ws/install/webots_ros2_husarion/lib/python3.10/site-packages'
[58.656s] Level 1:colcon.colcon_core.shell:create_environment_hook('webots_ros2_husarion', 'pythonpath')
[58.657s] INFO:colcon.colcon_core.shell:Creating environment hook '/home/cjayahansa/ros2N_ws/install/webots_ros2_husarion/share/webots_ros2_husarion/hook/pythonpath.ps1'
[58.657s] INFO:colcon.colcon_core.shell:Creating environment descriptor '/home/cjayahansa/ros2N_ws/install/webots_ros2_husarion/share/webots_ros2_husarion/hook/pythonpath.dsv'
[58.658s] INFO:colcon.colcon_core.shell:Creating environment hook '/home/cjayahansa/ros2N_ws/install/webots_ros2_husarion/share/webots_ros2_husarion/hook/pythonpath.sh'
[58.659s] Level 1:colcon.colcon_core.environment:checking '/home/cjayahansa/ros2N_ws/install/webots_ros2_husarion/bin'
[58.659s] Level 1:colcon.colcon_core.environment:create_environment_scripts_only(webots_ros2_husarion)
[58.659s] INFO:colcon.colcon_core.shell:Creating package script '/home/cjayahansa/ros2N_ws/install/webots_ros2_husarion/share/webots_ros2_husarion/package.ps1'
[58.660s] INFO:colcon.colcon_core.shell:Creating package descriptor '/home/cjayahansa/ros2N_ws/install/webots_ros2_husarion/share/webots_ros2_husarion/package.dsv'
[58.661s] INFO:colcon.colcon_core.shell:Creating package script '/home/cjayahansa/ros2N_ws/install/webots_ros2_husarion/share/webots_ros2_husarion/package.sh'
[58.662s] INFO:colcon.colcon_core.shell:Creating package script '/home/cjayahansa/ros2N_ws/install/webots_ros2_husarion/share/webots_ros2_husarion/package.bash'
[58.663s] INFO:colcon.colcon_core.shell:Creating package script '/home/cjayahansa/ros2N_ws/install/webots_ros2_husarion/share/webots_ros2_husarion/package.zsh'
[58.663s] Level 1:colcon.colcon_core.environment:create_file_with_runtime_dependencies(/home/cjayahansa/ros2N_ws/install/webots_ros2_husarion/share/colcon-core/packages/webots_ros2_husarion)
[58.671s] Level 1:colcon.colcon_core.shell:create_environment_hook('webots_ros2_tiago', 'pythonpath_develop')
[58.671s] INFO:colcon.colcon_core.shell:Creating environment hook '/home/cjayahansa/ros2N_ws/build/webots_ros2_tiago/share/webots_ros2_tiago/hook/pythonpath_develop.ps1'
[58.672s] DEBUG:colcon.colcon_core.event_handler.log_command:Invoked command in '/home/cjayahansa/ros2N_ws/build/webots_ros2_tiago' returned '0': AMENT_PREFIX_PATH=/home/cjayahansa/ros2N_ws/install/webots_ros2_importer:/home/cjayahansa/ros2N_ws/install/webots_ros2:/home/cjayahansa/ros2N_ws/install/webots_ros2_universal_robot:/home/cjayahansa/ros2N_ws/install/webots_ros2_turtlebot:/home/cjayahansa/ros2N_ws/install/webots_ros2_tiago:/home/cjayahansa/ros2N_ws/install/webots_ros2_tests:/home/cjayahansa/ros2N_ws/install/webots_ros2_tesla:/home/cjayahansa/ros2N_ws/install/webots_ros2_mavic:/home/cjayahansa/ros2N_ws/install/webots_ros2_husarion:/home/cjayahansa/ros2N_ws/install/webots_ros2_epuck:/home/cjayahansa/ros2N_ws/install/webots_ros2_crazyflie:/home/cjayahansa/ros2N_ws/install/webots_ros2_control:/home/cjayahansa/ros2N_ws/install/webots_ros2_driver:/home/cjayahansa/ros2N_ws/install/webots_ros2_msgs:/home/cjayahansa/ros2_ws/install/my_first_package:/opt/ros/humble PS1=\[\033[01;36m\]\u@\h\[\033[00m\]:\[\033[01;34m\]\w\[\033[00m\]$ PYTHONPATH=/home/cjayahansa/ros2N_ws/build/webots_ros2_tiago/prefix_override:/usr/lib/python3/dist-packages/colcon_core/task/python/colcon_distutils_commands:/home/cjayahansa/ros2N_ws/install/webots_ros2_tiago/lib/python3.10/site-packages:/home/cjayahansa/ros2N_ws/build/webots_ros2_importer:/home/cjayahansa/ros2N_ws/install/webots_ros2_importer/lib/python3.10/site-packages:/home/cjayahansa/ros2N_ws/install/webots_ros2/lib/python3.10/site-packages:/home/cjayahansa/ros2N_ws/install/webots_ros2_universal_robot/lib/python3.10/site-packages:/home/cjayahansa/ros2N_ws/install/webots_ros2_turtlebot/lib/python3.10/site-packages:/home/cjayahansa/ros2N_ws/install/webots_ros2_tiago/lib/python3.10/site-packages:/home/cjayahansa/ros2N_ws/install/webots_ros2_tests/lib/python3.10/site-packages:/home/cjayahansa/ros2N_ws/install/webots_ros2_tesla/lib/python3.10/site-packages:/home/cjayahansa/ros2N_ws/install/webots_ros2_mavic/lib/python3.10/site-packages:/home/cjayahansa/ros2N_ws/install/webots_ros2_husarion/lib/python3.10/site-packages:/home/cjayahansa/ros2N_ws/install/webots_ros2_epuck/lib/python3.10/site-packages:/home/cjayahansa/ros2N_ws/install/webots_ros2_crazyflie/lib/python3.10/site-packages:/home/cjayahansa/ros2N_ws/install/webots_ros2_driver/local/lib/python3.10/dist-packages:/home/cjayahansa/ros2N_ws/install/webots_ros2_msgs/local/lib/python3.10/dist-packages:/home/cjayahansa/ros2_ws/install/my_first_package/lib/python3.10/site-packages:/opt/ros/humble/lib/python3.10/site-packages:/opt/ros/humble/local/lib/python3.10/dist-packages /usr/bin/python3 -W ignore:setup.py install is deprecated -W ignore:easy_install command is deprecated setup.py develop --editable --build-directory /home/cjayahansa/ros2N_ws/build/webots_ros2_tiago/build --no-deps symlink_data
[58.673s] INFO:colcon.colcon_core.shell:Creating environment descriptor '/home/cjayahansa/ros2N_ws/build/webots_ros2_tiago/share/webots_ros2_tiago/hook/pythonpath_develop.dsv'
[58.673s] INFO:colcon.colcon_core.shell:Creating environment hook '/home/cjayahansa/ros2N_ws/build/webots_ros2_tiago/share/webots_ros2_tiago/hook/pythonpath_develop.sh'
[58.674s] Level 1:colcon.colcon_core.environment:checking '/home/cjayahansa/ros2N_ws/install/webots_ros2_tiago' for CMake module files
[58.674s] Level 1:colcon.colcon_core.environment:checking '/home/cjayahansa/ros2N_ws/install/webots_ros2_tiago' for CMake config files
[58.675s] Level 1:colcon.colcon_core.environment:checking '/home/cjayahansa/ros2N_ws/install/webots_ros2_tiago/lib'
[58.675s] Level 1:colcon.colcon_core.environment:checking '/home/cjayahansa/ros2N_ws/install/webots_ros2_tiago/bin'
[58.675s] Level 1:colcon.colcon_core.environment:checking '/home/cjayahansa/ros2N_ws/install/webots_ros2_tiago/lib/pkgconfig/webots_ros2_tiago.pc'
[58.676s] Level 1:colcon.colcon_core.environment:checking '/home/cjayahansa/ros2N_ws/install/webots_ros2_tiago/lib/python3.10/site-packages'
[58.676s] Level 1:colcon.colcon_core.shell:create_environment_hook('webots_ros2_tiago', 'pythonpath')
[58.676s] INFO:colcon.colcon_core.shell:Creating environment hook '/home/cjayahansa/ros2N_ws/install/webots_ros2_tiago/share/webots_ros2_tiago/hook/pythonpath.ps1'
[58.677s] INFO:colcon.colcon_core.shell:Creating environment descriptor '/home/cjayahansa/ros2N_ws/install/webots_ros2_tiago/share/webots_ros2_tiago/hook/pythonpath.dsv'
[58.677s] INFO:colcon.colcon_core.shell:Creating environment hook '/home/cjayahansa/ros2N_ws/install/webots_ros2_tiago/share/webots_ros2_tiago/hook/pythonpath.sh'
[58.678s] Level 1:colcon.colcon_core.environment:checking '/home/cjayahansa/ros2N_ws/install/webots_ros2_tiago/bin'
[58.678s] Level 1:colcon.colcon_core.environment:create_environment_scripts_only(webots_ros2_tiago)
[58.678s] INFO:colcon.colcon_core.shell:Creating package script '/home/cjayahansa/ros2N_ws/install/webots_ros2_tiago/share/webots_ros2_tiago/package.ps1'
[58.679s] INFO:colcon.colcon_core.shell:Creating package descriptor '/home/cjayahansa/ros2N_ws/install/webots_ros2_tiago/share/webots_ros2_tiago/package.dsv'
[58.680s] INFO:colcon.colcon_core.shell:Creating package script '/home/cjayahansa/ros2N_ws/install/webots_ros2_tiago/share/webots_ros2_tiago/package.sh'
[58.680s] INFO:colcon.colcon_core.shell:Creating package script '/home/cjayahansa/ros2N_ws/install/webots_ros2_tiago/share/webots_ros2_tiago/package.bash'
[58.681s] INFO:colcon.colcon_core.shell:Creating package script '/home/cjayahansa/ros2N_ws/install/webots_ros2_tiago/share/webots_ros2_tiago/package.zsh'
[58.682s] Level 1:colcon.colcon_core.environment:create_file_with_runtime_dependencies(/home/cjayahansa/ros2N_ws/install/webots_ros2_tiago/share/colcon-core/packages/webots_ros2_tiago)
[58.697s] Level 1:colcon.colcon_core.shell:create_environment_hook('webots_ros2_universal_robot', 'pythonpath_develop')
[58.697s] INFO:colcon.colcon_core.shell:Creating environment hook '/home/cjayahansa/ros2N_ws/build/webots_ros2_universal_robot/share/webots_ros2_universal_robot/hook/pythonpath_develop.ps1'
[58.697s] DEBUG:colcon.colcon_core.event_handler.log_command:Invoked command in '/home/cjayahansa/ros2N_ws/build/webots_ros2_universal_robot' returned '0': AMENT_PREFIX_PATH=/home/cjayahansa/ros2N_ws/install/webots_ros2_importer:/home/cjayahansa/ros2N_ws/install/webots_ros2:/home/cjayahansa/ros2N_ws/install/webots_ros2_universal_robot:/home/cjayahansa/ros2N_ws/install/webots_ros2_turtlebot:/home/cjayahansa/ros2N_ws/install/webots_ros2_tiago:/home/cjayahansa/ros2N_ws/install/webots_ros2_tests:/home/cjayahansa/ros2N_ws/install/webots_ros2_tesla:/home/cjayahansa/ros2N_ws/install/webots_ros2_mavic:/home/cjayahansa/ros2N_ws/install/webots_ros2_husarion:/home/cjayahansa/ros2N_ws/install/webots_ros2_epuck:/home/cjayahansa/ros2N_ws/install/webots_ros2_crazyflie:/home/cjayahansa/ros2N_ws/install/webots_ros2_control:/home/cjayahansa/ros2N_ws/install/webots_ros2_driver:/home/cjayahansa/ros2N_ws/install/webots_ros2_msgs:/home/cjayahansa/ros2_ws/install/my_first_package:/opt/ros/humble PS1=\[\033[01;36m\]\u@\h\[\033[00m\]:\[\033[01;34m\]\w\[\033[00m\]$ PYTHONPATH=/home/cjayahansa/ros2N_ws/build/webots_ros2_universal_robot/prefix_override:/usr/lib/python3/dist-packages/colcon_core/task/python/colcon_distutils_commands:/home/cjayahansa/ros2N_ws/install/webots_ros2_universal_robot/lib/python3.10/site-packages:/home/cjayahansa/ros2N_ws/build/webots_ros2_importer:/home/cjayahansa/ros2N_ws/install/webots_ros2_importer/lib/python3.10/site-packages:/home/cjayahansa/ros2N_ws/install/webots_ros2/lib/python3.10/site-packages:/home/cjayahansa/ros2N_ws/install/webots_ros2_universal_robot/lib/python3.10/site-packages:/home/cjayahansa/ros2N_ws/install/webots_ros2_turtlebot/lib/python3.10/site-packages:/home/cjayahansa/ros2N_ws/install/webots_ros2_tiago/lib/python3.10/site-packages:/home/cjayahansa/ros2N_ws/install/webots_ros2_tests/lib/python3.10/site-packages:/home/cjayahansa/ros2N_ws/install/webots_ros2_tesla/lib/python3.10/site-packages:/home/cjayahansa/ros2N_ws/install/webots_ros2_mavic/lib/python3.10/site-packages:/home/cjayahansa/ros2N_ws/install/webots_ros2_husarion/lib/python3.10/site-packages:/home/cjayahansa/ros2N_ws/install/webots_ros2_epuck/lib/python3.10/site-packages:/home/cjayahansa/ros2N_ws/install/webots_ros2_crazyflie/lib/python3.10/site-packages:/home/cjayahansa/ros2N_ws/install/webots_ros2_driver/local/lib/python3.10/dist-packages:/home/cjayahansa/ros2N_ws/install/webots_ros2_msgs/local/lib/python3.10/dist-packages:/home/cjayahansa/ros2_ws/install/my_first_package/lib/python3.10/site-packages:/opt/ros/humble/lib/python3.10/site-packages:/opt/ros/humble/local/lib/python3.10/dist-packages /usr/bin/python3 -W ignore:setup.py install is deprecated -W ignore:easy_install command is deprecated setup.py develop --editable --build-directory /home/cjayahansa/ros2N_ws/build/webots_ros2_universal_robot/build --no-deps symlink_data
[58.698s] INFO:colcon.colcon_core.shell:Creating environment descriptor '/home/cjayahansa/ros2N_ws/build/webots_ros2_universal_robot/share/webots_ros2_universal_robot/hook/pythonpath_develop.dsv'
[58.698s] INFO:colcon.colcon_core.shell:Creating environment hook '/home/cjayahansa/ros2N_ws/build/webots_ros2_universal_robot/share/webots_ros2_universal_robot/hook/pythonpath_develop.sh'
[58.699s] Level 1:colcon.colcon_core.environment:checking '/home/cjayahansa/ros2N_ws/install/webots_ros2_universal_robot' for CMake module files
[58.699s] Level 1:colcon.colcon_core.environment:checking '/home/cjayahansa/ros2N_ws/install/webots_ros2_universal_robot' for CMake config files
[58.700s] Level 1:colcon.colcon_core.environment:checking '/home/cjayahansa/ros2N_ws/install/webots_ros2_universal_robot/lib'
[58.700s] Level 1:colcon.colcon_core.environment:checking '/home/cjayahansa/ros2N_ws/install/webots_ros2_universal_robot/bin'
[58.700s] Level 1:colcon.colcon_core.environment:checking '/home/cjayahansa/ros2N_ws/install/webots_ros2_universal_robot/lib/pkgconfig/webots_ros2_universal_robot.pc'
[58.701s] Level 1:colcon.colcon_core.environment:checking '/home/cjayahansa/ros2N_ws/install/webots_ros2_universal_robot/lib/python3.10/site-packages'
[58.701s] Level 1:colcon.colcon_core.shell:create_environment_hook('webots_ros2_universal_robot', 'pythonpath')
[58.701s] INFO:colcon.colcon_core.shell:Creating environment hook '/home/cjayahansa/ros2N_ws/install/webots_ros2_universal_robot/share/webots_ros2_universal_robot/hook/pythonpath.ps1'
[58.701s] INFO:colcon.colcon_core.shell:Creating environment descriptor '/home/cjayahansa/ros2N_ws/install/webots_ros2_universal_robot/share/webots_ros2_universal_robot/hook/pythonpath.dsv'
[58.702s] INFO:colcon.colcon_core.shell:Creating environment hook '/home/cjayahansa/ros2N_ws/install/webots_ros2_universal_robot/share/webots_ros2_universal_robot/hook/pythonpath.sh'
[58.702s] Level 1:colcon.colcon_core.environment:checking '/home/cjayahansa/ros2N_ws/install/webots_ros2_universal_robot/bin'
[58.702s] Level 1:colcon.colcon_core.environment:create_environment_scripts_only(webots_ros2_universal_robot)
[58.703s] INFO:colcon.colcon_core.shell:Creating package script '/home/cjayahansa/ros2N_ws/install/webots_ros2_universal_robot/share/webots_ros2_universal_robot/package.ps1'
[58.703s] INFO:colcon.colcon_core.shell:Creating package descriptor '/home/cjayahansa/ros2N_ws/install/webots_ros2_universal_robot/share/webots_ros2_universal_robot/package.dsv'
[58.704s] INFO:colcon.colcon_core.shell:Creating package script '/home/cjayahansa/ros2N_ws/install/webots_ros2_universal_robot/share/webots_ros2_universal_robot/package.sh'
[58.704s] INFO:colcon.colcon_core.shell:Creating package script '/home/cjayahansa/ros2N_ws/install/webots_ros2_universal_robot/share/webots_ros2_universal_robot/package.bash'
[58.704s] INFO:colcon.colcon_core.shell:Creating package script '/home/cjayahansa/ros2N_ws/install/webots_ros2_universal_robot/share/webots_ros2_universal_robot/package.zsh'
[58.704s] Level 1:colcon.colcon_core.environment:create_file_with_runtime_dependencies(/home/cjayahansa/ros2N_ws/install/webots_ros2_universal_robot/share/colcon-core/packages/webots_ros2_universal_robot)
[58.705s] INFO:colcon.colcon_ros.task.ament_python.build:Building ROS package in '/home/cjayahansa/ros2N_ws/src/webots_ros2/webots_ros2_tests' with build type 'ament_python'
[58.705s] Level 1:colcon.colcon_core.shell:create_environment_hook('webots_ros2_tests', 'ament_prefix_path')
[58.705s] INFO:colcon.colcon_core.shell:Creating environment hook '/home/cjayahansa/ros2N_ws/install/webots_ros2_tests/share/webots_ros2_tests/hook/ament_prefix_path.ps1'
[58.706s] INFO:colcon.colcon_core.shell:Creating environment descriptor '/home/cjayahansa/ros2N_ws/install/webots_ros2_tests/share/webots_ros2_tests/hook/ament_prefix_path.dsv'
[58.707s] INFO:colcon.colcon_core.shell:Creating environment hook '/home/cjayahansa/ros2N_ws/install/webots_ros2_tests/share/webots_ros2_tests/hook/ament_prefix_path.sh'
[58.707s] INFO:colcon.colcon_core.shell:Skip shell extension 'powershell' for command environment: Not usable outside of PowerShell
[58.707s] DEBUG:colcon.colcon_core.shell:Skip shell extension 'dsv' for command environment
[59.029s] INFO:colcon.colcon_core.task.python.build:Building Python package in '/home/cjayahansa/ros2N_ws/src/webots_ros2/webots_ros2_tests'
[59.029s] INFO:colcon.colcon_core.shell:Skip shell extension 'powershell' for command environment: Not usable outside of PowerShell
[59.029s] DEBUG:colcon.colcon_core.shell:Skip shell extension 'dsv' for command environment
[59.458s] DEBUG:colcon.colcon_core.event_handler.log_command:Invoking command in '/home/cjayahansa/ros2N_ws/build/webots_ros2_tests': AMENT_PREFIX_PATH=/home/cjayahansa/ros2N_ws/install/webots_ros2_universal_robot:/home/cjayahansa/ros2N_ws/install/webots_ros2_turtlebot:/home/cjayahansa/ros2N_ws/install/webots_ros2_tiago:/home/cjayahansa/ros2N_ws/install/webots_ros2_husarion:/home/cjayahansa/ros2N_ws/install/webots_ros2_epuck:/home/cjayahansa/ros2N_ws/install/webots_ros2_tesla:/home/cjayahansa/ros2N_ws/install/webots_ros2_mavic:/home/cjayahansa/ros2N_ws/install/webots_ros2_importer:/home/cjayahansa/ros2N_ws/install/webots_ros2:/home/cjayahansa/ros2N_ws/install/webots_ros2_tests:/home/cjayahansa/ros2N_ws/install/webots_ros2_crazyflie:/home/cjayahansa/ros2N_ws/install/webots_ros2_control:/home/cjayahansa/ros2N_ws/install/webots_ros2_driver:/home/cjayahansa/ros2N_ws/install/webots_ros2_msgs:/home/cjayahansa/ros2_ws/install/my_first_package:/opt/ros/humble PS1=\[\033[01;36m\]\u@\h\[\033[00m\]:\[\033[01;34m\]\w\[\033[00m\]$ PYTHONPATH=/home/cjayahansa/ros2N_ws/build/webots_ros2_tests/prefix_override:/usr/lib/python3/dist-packages/colcon_core/task/python/colcon_distutils_commands:/home/cjayahansa/ros2N_ws/install/webots_ros2_tests/lib/python3.10/site-packages:/home/cjayahansa/ros2N_ws/build/webots_ros2_universal_robot:/home/cjayahansa/ros2N_ws/install/webots_ros2_universal_robot/lib/python3.10/site-packages:/home/cjayahansa/ros2N_ws/build/webots_ros2_turtlebot:/home/cjayahansa/ros2N_ws/install/webots_ros2_turtlebot/lib/python3.10/site-packages:/home/cjayahansa/ros2N_ws/build/webots_ros2_tiago:/home/cjayahansa/ros2N_ws/install/webots_ros2_tiago/lib/python3.10/site-packages:/home/cjayahansa/ros2N_ws/build/webots_ros2_husarion:/home/cjayahansa/ros2N_ws/install/webots_ros2_husarion/lib/python3.10/site-packages:/home/cjayahansa/ros2N_ws/build/webots_ros2_epuck:/home/cjayahansa/ros2N_ws/install/webots_ros2_epuck/lib/python3.10/site-packages:/home/cjayahansa/ros2N_ws/build/webots_ros2_tesla:/home/cjayahansa/ros2N_ws/install/webots_ros2_tesla/lib/python3.10/site-packages:/home/cjayahansa/ros2N_ws/build/webots_ros2_mavic:/home/cjayahansa/ros2N_ws/install/webots_ros2_mavic/lib/python3.10/site-packages:/home/cjayahansa/ros2N_ws/build/webots_ros2_importer:/home/cjayahansa/ros2N_ws/install/webots_ros2_importer/lib/python3.10/site-packages:/home/cjayahansa/ros2N_ws/install/webots_ros2/lib/python3.10/site-packages:/home/cjayahansa/ros2N_ws/install/webots_ros2_tests/lib/python3.10/site-packages:/home/cjayahansa/ros2N_ws/install/webots_ros2_crazyflie/lib/python3.10/site-packages:/home/cjayahansa/ros2N_ws/install/webots_ros2_driver/local/lib/python3.10/dist-packages:/home/cjayahansa/ros2N_ws/install/webots_ros2_msgs/local/lib/python3.10/dist-packages:/home/cjayahansa/ros2_ws/install/my_first_package/lib/python3.10/site-packages:/opt/ros/humble/lib/python3.10/site-packages:/opt/ros/humble/local/lib/python3.10/dist-packages /usr/bin/python3 -W ignore:setup.py install is deprecated -W ignore:easy_install command is deprecated setup.py develop --editable --build-directory /home/cjayahansa/ros2N_ws/build/webots_ros2_tests/build --no-deps symlink_data
[59.973s] Level 1:colcon.colcon_core.shell:create_environment_hook('webots_ros2_tests', 'pythonpath_develop')
[59.973s] INFO:colcon.colcon_core.shell:Creating environment hook '/home/cjayahansa/ros2N_ws/build/webots_ros2_tests/share/webots_ros2_tests/hook/pythonpath_develop.ps1'
[59.974s] DEBUG:colcon.colcon_core.event_handler.log_command:Invoked command in '/home/cjayahansa/ros2N_ws/build/webots_ros2_tests' returned '0': AMENT_PREFIX_PATH=/home/cjayahansa/ros2N_ws/install/webots_ros2_universal_robot:/home/cjayahansa/ros2N_ws/install/webots_ros2_turtlebot:/home/cjayahansa/ros2N_ws/install/webots_ros2_tiago:/home/cjayahansa/ros2N_ws/install/webots_ros2_husarion:/home/cjayahansa/ros2N_ws/install/webots_ros2_epuck:/home/cjayahansa/ros2N_ws/install/webots_ros2_tesla:/home/cjayahansa/ros2N_ws/install/webots_ros2_mavic:/home/cjayahansa/ros2N_ws/install/webots_ros2_importer:/home/cjayahansa/ros2N_ws/install/webots_ros2:/home/cjayahansa/ros2N_ws/install/webots_ros2_tests:/home/cjayahansa/ros2N_ws/install/webots_ros2_crazyflie:/home/cjayahansa/ros2N_ws/install/webots_ros2_control:/home/cjayahansa/ros2N_ws/install/webots_ros2_driver:/home/cjayahansa/ros2N_ws/install/webots_ros2_msgs:/home/cjayahansa/ros2_ws/install/my_first_package:/opt/ros/humble PS1=\[\033[01;36m\]\u@\h\[\033[00m\]:\[\033[01;34m\]\w\[\033[00m\]$ PYTHONPATH=/home/cjayahansa/ros2N_ws/build/webots_ros2_tests/prefix_override:/usr/lib/python3/dist-packages/colcon_core/task/python/colcon_distutils_commands:/home/cjayahansa/ros2N_ws/install/webots_ros2_tests/lib/python3.10/site-packages:/home/cjayahansa/ros2N_ws/build/webots_ros2_universal_robot:/home/cjayahansa/ros2N_ws/install/webots_ros2_universal_robot/lib/python3.10/site-packages:/home/cjayahansa/ros2N_ws/build/webots_ros2_turtlebot:/home/cjayahansa/ros2N_ws/install/webots_ros2_turtlebot/lib/python3.10/site-packages:/home/cjayahansa/ros2N_ws/build/webots_ros2_tiago:/home/cjayahansa/ros2N_ws/install/webots_ros2_tiago/lib/python3.10/site-packages:/home/cjayahansa/ros2N_ws/build/webots_ros2_husarion:/home/cjayahansa/ros2N_ws/install/webots_ros2_husarion/lib/python3.10/site-packages:/home/cjayahansa/ros2N_ws/build/webots_ros2_epuck:/home/cjayahansa/ros2N_ws/install/webots_ros2_epuck/lib/python3.10/site-packages:/home/cjayahansa/ros2N_ws/build/webots_ros2_tesla:/home/cjayahansa/ros2N_ws/install/webots_ros2_tesla/lib/python3.10/site-packages:/home/cjayahansa/ros2N_ws/build/webots_ros2_mavic:/home/cjayahansa/ros2N_ws/install/webots_ros2_mavic/lib/python3.10/site-packages:/home/cjayahansa/ros2N_ws/build/webots_ros2_importer:/home/cjayahansa/ros2N_ws/install/webots_ros2_importer/lib/python3.10/site-packages:/home/cjayahansa/ros2N_ws/install/webots_ros2/lib/python3.10/site-packages:/home/cjayahansa/ros2N_ws/install/webots_ros2_tests/lib/python3.10/site-packages:/home/cjayahansa/ros2N_ws/install/webots_ros2_crazyflie/lib/python3.10/site-packages:/home/cjayahansa/ros2N_ws/install/webots_ros2_driver/local/lib/python3.10/dist-packages:/home/cjayahansa/ros2N_ws/install/webots_ros2_msgs/local/lib/python3.10/dist-packages:/home/cjayahansa/ros2_ws/install/my_first_package/lib/python3.10/site-packages:/opt/ros/humble/lib/python3.10/site-packages:/opt/ros/humble/local/lib/python3.10/dist-packages /usr/bin/python3 -W ignore:setup.py install is deprecated -W ignore:easy_install command is deprecated setup.py develop --editable --build-directory /home/cjayahansa/ros2N_ws/build/webots_ros2_tests/build --no-deps symlink_data
[59.975s] INFO:colcon.colcon_core.shell:Creating environment descriptor '/home/cjayahansa/ros2N_ws/build/webots_ros2_tests/share/webots_ros2_tests/hook/pythonpath_develop.dsv'
[59.975s] INFO:colcon.colcon_core.shell:Creating environment hook '/home/cjayahansa/ros2N_ws/build/webots_ros2_tests/share/webots_ros2_tests/hook/pythonpath_develop.sh'
[59.976s] Level 1:colcon.colcon_core.environment:checking '/home/cjayahansa/ros2N_ws/install/webots_ros2_tests' for CMake module files
[59.976s] Level 1:colcon.colcon_core.environment:checking '/home/cjayahansa/ros2N_ws/install/webots_ros2_tests' for CMake config files
[59.976s] Level 1:colcon.colcon_core.environment:checking '/home/cjayahansa/ros2N_ws/install/webots_ros2_tests/lib'
[59.976s] Level 1:colcon.colcon_core.environment:checking '/home/cjayahansa/ros2N_ws/install/webots_ros2_tests/bin'
[59.977s] Level 1:colcon.colcon_core.environment:checking '/home/cjayahansa/ros2N_ws/install/webots_ros2_tests/lib/pkgconfig/webots_ros2_tests.pc'
[59.977s] Level 1:colcon.colcon_core.environment:checking '/home/cjayahansa/ros2N_ws/install/webots_ros2_tests/lib/python3.10/site-packages'
[59.977s] Level 1:colcon.colcon_core.shell:create_environment_hook('webots_ros2_tests', 'pythonpath')
[59.977s] INFO:colcon.colcon_core.shell:Creating environment hook '/home/cjayahansa/ros2N_ws/install/webots_ros2_tests/share/webots_ros2_tests/hook/pythonpath.ps1'
[59.977s] INFO:colcon.colcon_core.shell:Creating environment descriptor '/home/cjayahansa/ros2N_ws/install/webots_ros2_tests/share/webots_ros2_tests/hook/pythonpath.dsv'
[59.978s] INFO:colcon.colcon_core.shell:Creating environment hook '/home/cjayahansa/ros2N_ws/install/webots_ros2_tests/share/webots_ros2_tests/hook/pythonpath.sh'
[59.978s] Level 1:colcon.colcon_core.environment:checking '/home/cjayahansa/ros2N_ws/install/webots_ros2_tests/bin'
[59.978s] Level 1:colcon.colcon_core.environment:create_environment_scripts_only(webots_ros2_tests)
[59.979s] INFO:colcon.colcon_core.shell:Creating package script '/home/cjayahansa/ros2N_ws/install/webots_ros2_tests/share/webots_ros2_tests/package.ps1'
[59.979s] INFO:colcon.colcon_core.shell:Creating package descriptor '/home/cjayahansa/ros2N_ws/install/webots_ros2_tests/share/webots_ros2_tests/package.dsv'
[59.979s] INFO:colcon.colcon_core.shell:Creating package script '/home/cjayahansa/ros2N_ws/install/webots_ros2_tests/share/webots_ros2_tests/package.sh'
[59.980s] INFO:colcon.colcon_core.shell:Creating package script '/home/cjayahansa/ros2N_ws/install/webots_ros2_tests/share/webots_ros2_tests/package.bash'
[59.980s] INFO:colcon.colcon_core.shell:Creating package script '/home/cjayahansa/ros2N_ws/install/webots_ros2_tests/share/webots_ros2_tests/package.zsh'
[59.980s] Level 1:colcon.colcon_core.environment:create_file_with_runtime_dependencies(/home/cjayahansa/ros2N_ws/install/webots_ros2_tests/share/colcon-core/packages/webots_ros2_tests)
[59.981s] INFO:colcon.colcon_ros.task.ament_python.build:Building ROS package in '/home/cjayahansa/ros2N_ws/src/webots_ros2/webots_ros2' with build type 'ament_python'
[59.981s] Level 1:colcon.colcon_core.shell:create_environment_hook('webots_ros2', 'ament_prefix_path')
[59.981s] INFO:colcon.colcon_core.shell:Creating environment hook '/home/cjayahansa/ros2N_ws/install/webots_ros2/share/webots_ros2/hook/ament_prefix_path.ps1'
[59.982s] INFO:colcon.colcon_core.shell:Creating environment descriptor '/home/cjayahansa/ros2N_ws/install/webots_ros2/share/webots_ros2/hook/ament_prefix_path.dsv'
[59.982s] INFO:colcon.colcon_core.shell:Creating environment hook '/home/cjayahansa/ros2N_ws/install/webots_ros2/share/webots_ros2/hook/ament_prefix_path.sh'
[59.983s] INFO:colcon.colcon_core.shell:Skip shell extension 'powershell' for command environment: Not usable outside of PowerShell
[59.983s] DEBUG:colcon.colcon_core.shell:Skip shell extension 'dsv' for command environment
[60.291s] INFO:colcon.colcon_core.task.python.build:Building Python package in '/home/cjayahansa/ros2N_ws/src/webots_ros2/webots_ros2'
[60.291s] INFO:colcon.colcon_core.shell:Skip shell extension 'powershell' for command environment: Not usable outside of PowerShell
[60.291s] DEBUG:colcon.colcon_core.shell:Skip shell extension 'dsv' for command environment
[60.719s] DEBUG:colcon.colcon_core.event_handler.log_command:Invoking command in '/home/cjayahansa/ros2N_ws/build/webots_ros2': AMENT_PREFIX_PATH=/home/cjayahansa/ros2N_ws/install/webots_ros2_tests:/home/cjayahansa/ros2N_ws/install/webots_ros2_universal_robot:/home/cjayahansa/ros2N_ws/install/webots_ros2_turtlebot:/home/cjayahansa/ros2N_ws/install/webots_ros2_tiago:/home/cjayahansa/ros2N_ws/install/webots_ros2_husarion:/home/cjayahansa/ros2N_ws/install/webots_ros2_epuck:/home/cjayahansa/ros2N_ws/install/webots_ros2_tesla:/home/cjayahansa/ros2N_ws/install/webots_ros2_mavic:/home/cjayahansa/ros2N_ws/install/webots_ros2_crazyflie:/home/cjayahansa/ros2N_ws/install/webots_ros2_importer:/home/cjayahansa/ros2N_ws/install/webots_ros2:/home/cjayahansa/ros2N_ws/install/webots_ros2_control:/home/cjayahansa/ros2N_ws/install/webots_ros2_driver:/home/cjayahansa/ros2N_ws/install/webots_ros2_msgs:/home/cjayahansa/ros2_ws/install/my_first_package:/opt/ros/humble PS1=\[\033[01;36m\]\u@\h\[\033[00m\]:\[\033[01;34m\]\w\[\033[00m\]$ PYTHONPATH=/home/cjayahansa/ros2N_ws/build/webots_ros2/prefix_override:/usr/lib/python3/dist-packages/colcon_core/task/python/colcon_distutils_commands:/home/cjayahansa/ros2N_ws/install/webots_ros2/lib/python3.10/site-packages:/home/cjayahansa/ros2N_ws/build/webots_ros2_tests:/home/cjayahansa/ros2N_ws/install/webots_ros2_tests/lib/python3.10/site-packages:/home/cjayahansa/ros2N_ws/build/webots_ros2_universal_robot:/home/cjayahansa/ros2N_ws/install/webots_ros2_universal_robot/lib/python3.10/site-packages:/home/cjayahansa/ros2N_ws/build/webots_ros2_turtlebot:/home/cjayahansa/ros2N_ws/install/webots_ros2_turtlebot/lib/python3.10/site-packages:/home/cjayahansa/ros2N_ws/build/webots_ros2_tiago:/home/cjayahansa/ros2N_ws/install/webots_ros2_tiago/lib/python3.10/site-packages:/home/cjayahansa/ros2N_ws/build/webots_ros2_husarion:/home/cjayahansa/ros2N_ws/install/webots_ros2_husarion/lib/python3.10/site-packages:/home/cjayahansa/ros2N_ws/build/webots_ros2_epuck:/home/cjayahansa/ros2N_ws/install/webots_ros2_epuck/lib/python3.10/site-packages:/home/cjayahansa/ros2N_ws/build/webots_ros2_tesla:/home/cjayahansa/ros2N_ws/install/webots_ros2_tesla/lib/python3.10/site-packages:/home/cjayahansa/ros2N_ws/build/webots_ros2_mavic:/home/cjayahansa/ros2N_ws/install/webots_ros2_mavic/lib/python3.10/site-packages:/home/cjayahansa/ros2N_ws/build/webots_ros2_crazyflie:/home/cjayahansa/ros2N_ws/install/webots_ros2_crazyflie/lib/python3.10/site-packages:/home/cjayahansa/ros2N_ws/build/webots_ros2_importer:/home/cjayahansa/ros2N_ws/install/webots_ros2_importer/lib/python3.10/site-packages:/home/cjayahansa/ros2N_ws/install/webots_ros2/lib/python3.10/site-packages:/home/cjayahansa/ros2N_ws/install/webots_ros2_driver/local/lib/python3.10/dist-packages:/home/cjayahansa/ros2N_ws/install/webots_ros2_msgs/local/lib/python3.10/dist-packages:/home/cjayahansa/ros2_ws/install/my_first_package/lib/python3.10/site-packages:/opt/ros/humble/lib/python3.10/site-packages:/opt/ros/humble/local/lib/python3.10/dist-packages /usr/bin/python3 -W ignore:setup.py install is deprecated -W ignore:easy_install command is deprecated setup.py develop --editable --build-directory /home/cjayahansa/ros2N_ws/build/webots_ros2/build --no-deps symlink_data
[61.232s] Level 1:colcon.colcon_core.shell:create_environment_hook('webots_ros2', 'pythonpath_develop')
[61.232s] INFO:colcon.colcon_core.shell:Creating environment hook '/home/cjayahansa/ros2N_ws/build/webots_ros2/share/webots_ros2/hook/pythonpath_develop.ps1'
[61.233s] DEBUG:colcon.colcon_core.event_handler.log_command:Invoked command in '/home/cjayahansa/ros2N_ws/build/webots_ros2' returned '0': AMENT_PREFIX_PATH=/home/cjayahansa/ros2N_ws/install/webots_ros2_tests:/home/cjayahansa/ros2N_ws/install/webots_ros2_universal_robot:/home/cjayahansa/ros2N_ws/install/webots_ros2_turtlebot:/home/cjayahansa/ros2N_ws/install/webots_ros2_tiago:/home/cjayahansa/ros2N_ws/install/webots_ros2_husarion:/home/cjayahansa/ros2N_ws/install/webots_ros2_epuck:/home/cjayahansa/ros2N_ws/install/webots_ros2_tesla:/home/cjayahansa/ros2N_ws/install/webots_ros2_mavic:/home/cjayahansa/ros2N_ws/install/webots_ros2_crazyflie:/home/cjayahansa/ros2N_ws/install/webots_ros2_importer:/home/cjayahansa/ros2N_ws/install/webots_ros2:/home/cjayahansa/ros2N_ws/install/webots_ros2_control:/home/cjayahansa/ros2N_ws/install/webots_ros2_driver:/home/cjayahansa/ros2N_ws/install/webots_ros2_msgs:/home/cjayahansa/ros2_ws/install/my_first_package:/opt/ros/humble PS1=\[\033[01;36m\]\u@\h\[\033[00m\]:\[\033[01;34m\]\w\[\033[00m\]$ PYTHONPATH=/home/cjayahansa/ros2N_ws/build/webots_ros2/prefix_override:/usr/lib/python3/dist-packages/colcon_core/task/python/colcon_distutils_commands:/home/cjayahansa/ros2N_ws/install/webots_ros2/lib/python3.10/site-packages:/home/cjayahansa/ros2N_ws/build/webots_ros2_tests:/home/cjayahansa/ros2N_ws/install/webots_ros2_tests/lib/python3.10/site-packages:/home/cjayahansa/ros2N_ws/build/webots_ros2_universal_robot:/home/cjayahansa/ros2N_ws/install/webots_ros2_universal_robot/lib/python3.10/site-packages:/home/cjayahansa/ros2N_ws/build/webots_ros2_turtlebot:/home/cjayahansa/ros2N_ws/install/webots_ros2_turtlebot/lib/python3.10/site-packages:/home/cjayahansa/ros2N_ws/build/webots_ros2_tiago:/home/cjayahansa/ros2N_ws/install/webots_ros2_tiago/lib/python3.10/site-packages:/home/cjayahansa/ros2N_ws/build/webots_ros2_husarion:/home/cjayahansa/ros2N_ws/install/webots_ros2_husarion/lib/python3.10/site-packages:/home/cjayahansa/ros2N_ws/build/webots_ros2_epuck:/home/cjayahansa/ros2N_ws/install/webots_ros2_epuck/lib/python3.10/site-packages:/home/cjayahansa/ros2N_ws/build/webots_ros2_tesla:/home/cjayahansa/ros2N_ws/install/webots_ros2_tesla/lib/python3.10/site-packages:/home/cjayahansa/ros2N_ws/build/webots_ros2_mavic:/home/cjayahansa/ros2N_ws/install/webots_ros2_mavic/lib/python3.10/site-packages:/home/cjayahansa/ros2N_ws/build/webots_ros2_crazyflie:/home/cjayahansa/ros2N_ws/install/webots_ros2_crazyflie/lib/python3.10/site-packages:/home/cjayahansa/ros2N_ws/build/webots_ros2_importer:/home/cjayahansa/ros2N_ws/install/webots_ros2_importer/lib/python3.10/site-packages:/home/cjayahansa/ros2N_ws/install/webots_ros2/lib/python3.10/site-packages:/home/cjayahansa/ros2N_ws/install/webots_ros2_driver/local/lib/python3.10/dist-packages:/home/cjayahansa/ros2N_ws/install/webots_ros2_msgs/local/lib/python3.10/dist-packages:/home/cjayahansa/ros2_ws/install/my_first_package/lib/python3.10/site-packages:/opt/ros/humble/lib/python3.10/site-packages:/opt/ros/humble/local/lib/python3.10/dist-packages /usr/bin/python3 -W ignore:setup.py install is deprecated -W ignore:easy_install command is deprecated setup.py develop --editable --build-directory /home/cjayahansa/ros2N_ws/build/webots_ros2/build --no-deps symlink_data
[61.233s] INFO:colcon.colcon_core.shell:Creating environment descriptor '/home/cjayahansa/ros2N_ws/build/webots_ros2/share/webots_ros2/hook/pythonpath_develop.dsv'
[61.234s] INFO:colcon.colcon_core.shell:Creating environment hook '/home/cjayahansa/ros2N_ws/build/webots_ros2/share/webots_ros2/hook/pythonpath_develop.sh'
[61.234s] Level 1:colcon.colcon_core.environment:checking '/home/cjayahansa/ros2N_ws/install/webots_ros2' for CMake module files
[61.235s] Level 1:colcon.colcon_core.environment:checking '/home/cjayahansa/ros2N_ws/install/webots_ros2' for CMake config files
[61.235s] Level 1:colcon.colcon_core.environment:checking '/home/cjayahansa/ros2N_ws/install/webots_ros2/lib'
[61.235s] Level 1:colcon.colcon_core.environment:checking '/home/cjayahansa/ros2N_ws/install/webots_ros2/bin'
[61.235s] Level 1:colcon.colcon_core.environment:checking '/home/cjayahansa/ros2N_ws/install/webots_ros2/lib/pkgconfig/webots_ros2.pc'
[61.235s] Level 1:colcon.colcon_core.environment:checking '/home/cjayahansa/ros2N_ws/install/webots_ros2/lib/python3.10/site-packages'
[61.235s] Level 1:colcon.colcon_core.shell:create_environment_hook('webots_ros2', 'pythonpath')
[61.236s] INFO:colcon.colcon_core.shell:Creating environment hook '/home/cjayahansa/ros2N_ws/install/webots_ros2/share/webots_ros2/hook/pythonpath.ps1'
[61.236s] INFO:colcon.colcon_core.shell:Creating environment descriptor '/home/cjayahansa/ros2N_ws/install/webots_ros2/share/webots_ros2/hook/pythonpath.dsv'
[61.236s] INFO:colcon.colcon_core.shell:Creating environment hook '/home/cjayahansa/ros2N_ws/install/webots_ros2/share/webots_ros2/hook/pythonpath.sh'
[61.237s] Level 1:colcon.colcon_core.environment:checking '/home/cjayahansa/ros2N_ws/install/webots_ros2/bin'
[61.237s] Level 1:colcon.colcon_core.environment:create_environment_scripts_only(webots_ros2)
[61.237s] INFO:colcon.colcon_core.shell:Creating package script '/home/cjayahansa/ros2N_ws/install/webots_ros2/share/webots_ros2/package.ps1'
[61.238s] INFO:colcon.colcon_core.shell:Creating package descriptor '/home/cjayahansa/ros2N_ws/install/webots_ros2/share/webots_ros2/package.dsv'
[61.238s] INFO:colcon.colcon_core.shell:Creating package script '/home/cjayahansa/ros2N_ws/install/webots_ros2/share/webots_ros2/package.sh'
[61.239s] INFO:colcon.colcon_core.shell:Creating package script '/home/cjayahansa/ros2N_ws/install/webots_ros2/share/webots_ros2/package.bash'
[61.239s] INFO:colcon.colcon_core.shell:Creating package script '/home/cjayahansa/ros2N_ws/install/webots_ros2/share/webots_ros2/package.zsh'
[61.239s] Level 1:colcon.colcon_core.environment:create_file_with_runtime_dependencies(/home/cjayahansa/ros2N_ws/install/webots_ros2/share/colcon-core/packages/webots_ros2)
[61.240s] DEBUG:colcon.colcon_parallel_executor.executor.parallel:closing loop
[61.240s] DEBUG:colcon.colcon_parallel_executor.executor.parallel:loop closed
[61.240s] DEBUG:colcon.colcon_parallel_executor.executor.parallel:run_until_complete finished with '0'
[61.240s] DEBUG:colcon.colcon_core.event_reactor:joining thread
[61.256s] INFO:colcon.colcon_core.plugin_system:Skipping extension 'colcon_notification.desktop_notification.notify_send': Could not find 'notify-send'
[61.256s] INFO:colcon.colcon_core.plugin_system:Skipping extension 'colcon_notification.desktop_notification.terminal_notifier': Not used on non-Darwin systems
[61.256s] INFO:colcon.colcon_core.plugin_system:Skipping extension 'colcon_notification.desktop_notification.win32': Not used on non-Windows systems
[61.256s] INFO:colcon.colcon_notification.desktop_notification:Sending desktop notification using 'notify2'
[61.303s] DEBUG:colcon.colcon_core.event_reactor:joined thread
[61.304s] INFO:colcon.colcon_core.shell:Creating prefix script '/home/cjayahansa/ros2N_ws/install/local_setup.ps1'
[61.306s] INFO:colcon.colcon_core.shell:Creating prefix util module '/home/cjayahansa/ros2N_ws/install/_local_setup_util_ps1.py'
[61.307s] INFO:colcon.colcon_core.shell:Creating prefix chain script '/home/cjayahansa/ros2N_ws/install/setup.ps1'
[61.310s] INFO:colcon.colcon_core.shell:Creating prefix script '/home/cjayahansa/ros2N_ws/install/local_setup.sh'
[61.311s] INFO:colcon.colcon_core.shell:Creating prefix util module '/home/cjayahansa/ros2N_ws/install/_local_setup_util_sh.py'
[61.311s] INFO:colcon.colcon_core.shell:Creating prefix chain script '/home/cjayahansa/ros2N_ws/install/setup.sh'
[61.314s] INFO:colcon.colcon_core.shell:Creating prefix script '/home/cjayahansa/ros2N_ws/install/local_setup.bash'
[61.315s] INFO:colcon.colcon_core.shell:Creating prefix chain script '/home/cjayahansa/ros2N_ws/install/setup.bash'
[61.317s] INFO:colcon.colcon_core.shell:Creating prefix script '/home/cjayahansa/ros2N_ws/install/local_setup.zsh'
[61.318s] INFO:colcon.colcon_core.shell:Creating prefix chain script '/home/cjayahansa/ros2N_ws/install/setup.zsh'
